{"type":"FeatureCollection","grid_id":"oslo-region-v1","bounds":{"west":10.35,"east":11.12,"south":59.62,"north":60.02},"columns":123,"rows":134,"cell_count":2697,"cell_width_metres_at_center":350,"cell_height_metres":332,"source":{"organization":"Statistics Norway","collection":"tettsted_2026","date":"2026-01-01","url":"https://kart.ssb.no/api/ogc/v1/tettsted_ogc_api/collections/tettsted_2026/items"},"features":[{"type":"Feature","properties":{"cell_id":"r007c046","latitude":59.642388,"longitude":10.641098},"geometry":{"type":"Polygon","coordinates":[[[10.637967,59.640896],[10.644228,59.640896],[10.644228,59.643881],[10.637967,59.643881],[10.637967,59.640896]]]}},{"type":"Feature","properties":{"cell_id":"r008c046","latitude":59.645373,"longitude":10.641098},"geometry":{"type":"Polygon","coordinates":[[[10.637967,59.643881],[10.644228,59.643881],[10.644228,59.646866],[10.637967,59.646866],[10.637967,59.643881]]]}},{"type":"Feature","properties":{"cell_id":"r008c072","latitude":59.645373,"longitude":10.803862},"geometry":{"type":"Polygon","coordinates":[[[10.800732,59.643881],[10.806992,59.643881],[10.806992,59.646866],[10.800732,59.646866],[10.800732,59.643881]]]}},{"type":"Feature","properties":{"cell_id":"r009c045","latitude":59.648358,"longitude":10.634837},"geometry":{"type":"Polygon","coordinates":[[[10.631707,59.646866],[10.637967,59.646866],[10.637967,59.649851],[10.631707,59.649851],[10.631707,59.646866]]]}},{"type":"Feature","properties":{"cell_id":"r009c046","latitude":59.648358,"longitude":10.641098},"geometry":{"type":"Polygon","coordinates":[[[10.637967,59.646866],[10.644228,59.646866],[10.644228,59.649851],[10.637967,59.649851],[10.637967,59.646866]]]}},{"type":"Feature","properties":{"cell_id":"r009c072","latitude":59.648358,"longitude":10.803862},"geometry":{"type":"Polygon","coordinates":[[[10.800732,59.646866],[10.806992,59.646866],[10.806992,59.649851],[10.800732,59.649851],[10.800732,59.646866]]]}},{"type":"Feature","properties":{"cell_id":"r009c076","latitude":59.648358,"longitude":10.828902},"geometry":{"type":"Polygon","coordinates":[[[10.825772,59.646866],[10.832033,59.646866],[10.832033,59.649851],[10.825772,59.649851],[10.825772,59.646866]]]}},{"type":"Feature","properties":{"cell_id":"r010c045","latitude":59.651343,"longitude":10.634837},"geometry":{"type":"Polygon","coordinates":[[[10.631707,59.649851],[10.637967,59.649851],[10.637967,59.652836],[10.631707,59.652836],[10.631707,59.649851]]]}},{"type":"Feature","properties":{"cell_id":"r010c046","latitude":59.651343,"longitude":10.641098},"geometry":{"type":"Polygon","coordinates":[[[10.637967,59.649851],[10.644228,59.649851],[10.644228,59.652836],[10.637967,59.652836],[10.637967,59.649851]]]}},{"type":"Feature","properties":{"cell_id":"r010c047","latitude":59.651343,"longitude":10.647358},"geometry":{"type":"Polygon","coordinates":[[[10.644228,59.649851],[10.650488,59.649851],[10.650488,59.652836],[10.644228,59.652836],[10.644228,59.649851]]]}},{"type":"Feature","properties":{"cell_id":"r010c048","latitude":59.651343,"longitude":10.653618},"geometry":{"type":"Polygon","coordinates":[[[10.650488,59.649851],[10.656748,59.649851],[10.656748,59.652836],[10.650488,59.652836],[10.650488,59.649851]]]}},{"type":"Feature","properties":{"cell_id":"r010c070","latitude":59.651343,"longitude":10.791341},"geometry":{"type":"Polygon","coordinates":[[[10.788211,59.649851],[10.794472,59.649851],[10.794472,59.652836],[10.788211,59.652836],[10.788211,59.649851]]]}},{"type":"Feature","properties":{"cell_id":"r010c071","latitude":59.651343,"longitude":10.797602},"geometry":{"type":"Polygon","coordinates":[[[10.794472,59.649851],[10.800732,59.649851],[10.800732,59.652836],[10.794472,59.652836],[10.794472,59.649851]]]}},{"type":"Feature","properties":{"cell_id":"r010c073","latitude":59.651343,"longitude":10.810122},"geometry":{"type":"Polygon","coordinates":[[[10.806992,59.649851],[10.813252,59.649851],[10.813252,59.652836],[10.806992,59.652836],[10.806992,59.649851]]]}},{"type":"Feature","properties":{"cell_id":"r010c076","latitude":59.651343,"longitude":10.828902},"geometry":{"type":"Polygon","coordinates":[[[10.825772,59.649851],[10.832033,59.649851],[10.832033,59.652836],[10.825772,59.652836],[10.825772,59.649851]]]}},{"type":"Feature","properties":{"cell_id":"r011c045","latitude":59.654328,"longitude":10.634837},"geometry":{"type":"Polygon","coordinates":[[[10.631707,59.652836],[10.637967,59.652836],[10.637967,59.655821],[10.631707,59.655821],[10.631707,59.652836]]]}},{"type":"Feature","properties":{"cell_id":"r011c046","latitude":59.654328,"longitude":10.641098},"geometry":{"type":"Polygon","coordinates":[[[10.637967,59.652836],[10.644228,59.652836],[10.644228,59.655821],[10.637967,59.655821],[10.637967,59.652836]]]}},{"type":"Feature","properties":{"cell_id":"r011c047","latitude":59.654328,"longitude":10.647358},"geometry":{"type":"Polygon","coordinates":[[[10.644228,59.652836],[10.650488,59.652836],[10.650488,59.655821],[10.644228,59.655821],[10.644228,59.652836]]]}},{"type":"Feature","properties":{"cell_id":"r011c070","latitude":59.654328,"longitude":10.791341},"geometry":{"type":"Polygon","coordinates":[[[10.788211,59.652836],[10.794472,59.652836],[10.794472,59.655821],[10.788211,59.655821],[10.788211,59.652836]]]}},{"type":"Feature","properties":{"cell_id":"r011c072","latitude":59.654328,"longitude":10.803862},"geometry":{"type":"Polygon","coordinates":[[[10.800732,59.652836],[10.806992,59.652836],[10.806992,59.655821],[10.800732,59.655821],[10.800732,59.652836]]]}},{"type":"Feature","properties":{"cell_id":"r012c045","latitude":59.657313,"longitude":10.634837},"geometry":{"type":"Polygon","coordinates":[[[10.631707,59.655821],[10.637967,59.655821],[10.637967,59.658806],[10.631707,59.658806],[10.631707,59.655821]]]}},{"type":"Feature","properties":{"cell_id":"r012c046","latitude":59.657313,"longitude":10.641098},"geometry":{"type":"Polygon","coordinates":[[[10.637967,59.655821],[10.644228,59.655821],[10.644228,59.658806],[10.637967,59.658806],[10.637967,59.655821]]]}},{"type":"Feature","properties":{"cell_id":"r012c047","latitude":59.657313,"longitude":10.647358},"geometry":{"type":"Polygon","coordinates":[[[10.644228,59.655821],[10.650488,59.655821],[10.650488,59.658806],[10.644228,59.658806],[10.644228,59.655821]]]}},{"type":"Feature","properties":{"cell_id":"r012c069","latitude":59.657313,"longitude":10.785081},"geometry":{"type":"Polygon","coordinates":[[[10.781951,59.655821],[10.788211,59.655821],[10.788211,59.658806],[10.781951,59.658806],[10.781951,59.655821]]]}},{"type":"Feature","properties":{"cell_id":"r012c070","latitude":59.657313,"longitude":10.791341},"geometry":{"type":"Polygon","coordinates":[[[10.788211,59.655821],[10.794472,59.655821],[10.794472,59.658806],[10.788211,59.658806],[10.788211,59.655821]]]}},{"type":"Feature","properties":{"cell_id":"r012c075","latitude":59.657313,"longitude":10.822642},"geometry":{"type":"Polygon","coordinates":[[[10.819512,59.655821],[10.825772,59.655821],[10.825772,59.658806],[10.819512,59.658806],[10.819512,59.655821]]]}},{"type":"Feature","properties":{"cell_id":"r012c076","latitude":59.657313,"longitude":10.828902},"geometry":{"type":"Polygon","coordinates":[[[10.825772,59.655821],[10.832033,59.655821],[10.832033,59.658806],[10.825772,59.658806],[10.825772,59.655821]]]}},{"type":"Feature","properties":{"cell_id":"r012c095","latitude":59.657313,"longitude":10.947846},"geometry":{"type":"Polygon","coordinates":[[[10.944715,59.655821],[10.950976,59.655821],[10.950976,59.658806],[10.944715,59.658806],[10.944715,59.655821]]]}},{"type":"Feature","properties":{"cell_id":"r013c044","latitude":59.660299,"longitude":10.628577},"geometry":{"type":"Polygon","coordinates":[[[10.625447,59.658806],[10.631707,59.658806],[10.631707,59.661791],[10.625447,59.661791],[10.625447,59.658806]]]}},{"type":"Feature","properties":{"cell_id":"r013c045","latitude":59.660299,"longitude":10.634837},"geometry":{"type":"Polygon","coordinates":[[[10.631707,59.658806],[10.637967,59.658806],[10.637967,59.661791],[10.631707,59.661791],[10.631707,59.658806]]]}},{"type":"Feature","properties":{"cell_id":"r013c046","latitude":59.660299,"longitude":10.641098},"geometry":{"type":"Polygon","coordinates":[[[10.637967,59.658806],[10.644228,59.658806],[10.644228,59.661791],[10.637967,59.661791],[10.637967,59.658806]]]}},{"type":"Feature","properties":{"cell_id":"r013c047","latitude":59.660299,"longitude":10.647358},"geometry":{"type":"Polygon","coordinates":[[[10.644228,59.658806],[10.650488,59.658806],[10.650488,59.661791],[10.644228,59.661791],[10.644228,59.658806]]]}},{"type":"Feature","properties":{"cell_id":"r013c063","latitude":59.660299,"longitude":10.74752},"geometry":{"type":"Polygon","coordinates":[[[10.74439,59.658806],[10.75065,59.658806],[10.75065,59.661791],[10.74439,59.661791],[10.74439,59.658806]]]}},{"type":"Feature","properties":{"cell_id":"r013c067","latitude":59.660299,"longitude":10.772561},"geometry":{"type":"Polygon","coordinates":[[[10.769431,59.658806],[10.775691,59.658806],[10.775691,59.661791],[10.769431,59.661791],[10.769431,59.658806]]]}},{"type":"Feature","properties":{"cell_id":"r013c070","latitude":59.660299,"longitude":10.791341},"geometry":{"type":"Polygon","coordinates":[[[10.788211,59.658806],[10.794472,59.658806],[10.794472,59.661791],[10.788211,59.661791],[10.788211,59.658806]]]}},{"type":"Feature","properties":{"cell_id":"r014c044","latitude":59.663284,"longitude":10.628577},"geometry":{"type":"Polygon","coordinates":[[[10.625447,59.661791],[10.631707,59.661791],[10.631707,59.664776],[10.625447,59.664776],[10.625447,59.661791]]]}},{"type":"Feature","properties":{"cell_id":"r014c045","latitude":59.663284,"longitude":10.634837},"geometry":{"type":"Polygon","coordinates":[[[10.631707,59.661791],[10.637967,59.661791],[10.637967,59.664776],[10.631707,59.664776],[10.631707,59.661791]]]}},{"type":"Feature","properties":{"cell_id":"r014c046","latitude":59.663284,"longitude":10.641098},"geometry":{"type":"Polygon","coordinates":[[[10.637967,59.661791],[10.644228,59.661791],[10.644228,59.664776],[10.637967,59.664776],[10.637967,59.661791]]]}},{"type":"Feature","properties":{"cell_id":"r014c047","latitude":59.663284,"longitude":10.647358},"geometry":{"type":"Polygon","coordinates":[[[10.644228,59.661791],[10.650488,59.661791],[10.650488,59.664776],[10.644228,59.664776],[10.644228,59.661791]]]}},{"type":"Feature","properties":{"cell_id":"r014c048","latitude":59.663284,"longitude":10.653618},"geometry":{"type":"Polygon","coordinates":[[[10.650488,59.661791],[10.656748,59.661791],[10.656748,59.664776],[10.650488,59.664776],[10.650488,59.661791]]]}},{"type":"Feature","properties":{"cell_id":"r014c063","latitude":59.663284,"longitude":10.74752},"geometry":{"type":"Polygon","coordinates":[[[10.74439,59.661791],[10.75065,59.661791],[10.75065,59.664776],[10.74439,59.664776],[10.74439,59.661791]]]}},{"type":"Feature","properties":{"cell_id":"r014c068","latitude":59.663284,"longitude":10.778821},"geometry":{"type":"Polygon","coordinates":[[[10.775691,59.661791],[10.781951,59.661791],[10.781951,59.664776],[10.775691,59.664776],[10.775691,59.661791]]]}},{"type":"Feature","properties":{"cell_id":"r014c070","latitude":59.663284,"longitude":10.791341},"geometry":{"type":"Polygon","coordinates":[[[10.788211,59.661791],[10.794472,59.661791],[10.794472,59.664776],[10.788211,59.664776],[10.788211,59.661791]]]}},{"type":"Feature","properties":{"cell_id":"r014c071","latitude":59.663284,"longitude":10.797602},"geometry":{"type":"Polygon","coordinates":[[[10.794472,59.661791],[10.800732,59.661791],[10.800732,59.664776],[10.794472,59.664776],[10.794472,59.661791]]]}},{"type":"Feature","properties":{"cell_id":"r014c072","latitude":59.663284,"longitude":10.803862},"geometry":{"type":"Polygon","coordinates":[[[10.800732,59.661791],[10.806992,59.661791],[10.806992,59.664776],[10.800732,59.664776],[10.800732,59.661791]]]}},{"type":"Feature","properties":{"cell_id":"r014c073","latitude":59.663284,"longitude":10.810122},"geometry":{"type":"Polygon","coordinates":[[[10.806992,59.661791],[10.813252,59.661791],[10.813252,59.664776],[10.806992,59.664776],[10.806992,59.661791]]]}},{"type":"Feature","properties":{"cell_id":"r014c074","latitude":59.663284,"longitude":10.816382},"geometry":{"type":"Polygon","coordinates":[[[10.813252,59.661791],[10.819512,59.661791],[10.819512,59.664776],[10.813252,59.664776],[10.813252,59.661791]]]}},{"type":"Feature","properties":{"cell_id":"r014c095","latitude":59.663284,"longitude":10.947846},"geometry":{"type":"Polygon","coordinates":[[[10.944715,59.661791],[10.950976,59.661791],[10.950976,59.664776],[10.944715,59.664776],[10.944715,59.661791]]]}},{"type":"Feature","properties":{"cell_id":"r015c044","latitude":59.666269,"longitude":10.628577},"geometry":{"type":"Polygon","coordinates":[[[10.625447,59.664776],[10.631707,59.664776],[10.631707,59.667761],[10.625447,59.667761],[10.625447,59.664776]]]}},{"type":"Feature","properties":{"cell_id":"r015c045","latitude":59.666269,"longitude":10.634837},"geometry":{"type":"Polygon","coordinates":[[[10.631707,59.664776],[10.637967,59.664776],[10.637967,59.667761],[10.631707,59.667761],[10.631707,59.664776]]]}},{"type":"Feature","properties":{"cell_id":"r015c046","latitude":59.666269,"longitude":10.641098},"geometry":{"type":"Polygon","coordinates":[[[10.637967,59.664776],[10.644228,59.664776],[10.644228,59.667761],[10.637967,59.667761],[10.637967,59.664776]]]}},{"type":"Feature","properties":{"cell_id":"r015c047","latitude":59.666269,"longitude":10.647358},"geometry":{"type":"Polygon","coordinates":[[[10.644228,59.664776],[10.650488,59.664776],[10.650488,59.667761],[10.644228,59.667761],[10.644228,59.664776]]]}},{"type":"Feature","properties":{"cell_id":"r015c048","latitude":59.666269,"longitude":10.653618},"geometry":{"type":"Polygon","coordinates":[[[10.650488,59.664776],[10.656748,59.664776],[10.656748,59.667761],[10.650488,59.667761],[10.650488,59.664776]]]}},{"type":"Feature","properties":{"cell_id":"r015c065","latitude":59.666269,"longitude":10.760041},"geometry":{"type":"Polygon","coordinates":[[[10.756911,59.664776],[10.763171,59.664776],[10.763171,59.667761],[10.756911,59.667761],[10.756911,59.664776]]]}},{"type":"Feature","properties":{"cell_id":"r015c066","latitude":59.666269,"longitude":10.766301},"geometry":{"type":"Polygon","coordinates":[[[10.763171,59.664776],[10.769431,59.664776],[10.769431,59.667761],[10.763171,59.667761],[10.763171,59.664776]]]}},{"type":"Feature","properties":{"cell_id":"r015c067","latitude":59.666269,"longitude":10.772561},"geometry":{"type":"Polygon","coordinates":[[[10.769431,59.664776],[10.775691,59.664776],[10.775691,59.667761],[10.769431,59.667761],[10.769431,59.664776]]]}},{"type":"Feature","properties":{"cell_id":"r015c068","latitude":59.666269,"longitude":10.778821},"geometry":{"type":"Polygon","coordinates":[[[10.775691,59.664776],[10.781951,59.664776],[10.781951,59.667761],[10.775691,59.667761],[10.775691,59.664776]]]}},{"type":"Feature","properties":{"cell_id":"r015c069","latitude":59.666269,"longitude":10.785081},"geometry":{"type":"Polygon","coordinates":[[[10.781951,59.664776],[10.788211,59.664776],[10.788211,59.667761],[10.781951,59.667761],[10.781951,59.664776]]]}},{"type":"Feature","properties":{"cell_id":"r015c070","latitude":59.666269,"longitude":10.791341},"geometry":{"type":"Polygon","coordinates":[[[10.788211,59.664776],[10.794472,59.664776],[10.794472,59.667761],[10.788211,59.667761],[10.788211,59.664776]]]}},{"type":"Feature","properties":{"cell_id":"r015c071","latitude":59.666269,"longitude":10.797602},"geometry":{"type":"Polygon","coordinates":[[[10.794472,59.664776],[10.800732,59.664776],[10.800732,59.667761],[10.794472,59.667761],[10.794472,59.664776]]]}},{"type":"Feature","properties":{"cell_id":"r015c072","latitude":59.666269,"longitude":10.803862},"geometry":{"type":"Polygon","coordinates":[[[10.800732,59.664776],[10.806992,59.664776],[10.806992,59.667761],[10.800732,59.667761],[10.800732,59.664776]]]}},{"type":"Feature","properties":{"cell_id":"r015c073","latitude":59.666269,"longitude":10.810122},"geometry":{"type":"Polygon","coordinates":[[[10.806992,59.664776],[10.813252,59.664776],[10.813252,59.667761],[10.806992,59.667761],[10.806992,59.664776]]]}},{"type":"Feature","properties":{"cell_id":"r016c044","latitude":59.669254,"longitude":10.628577},"geometry":{"type":"Polygon","coordinates":[[[10.625447,59.667761],[10.631707,59.667761],[10.631707,59.670746],[10.625447,59.670746],[10.625447,59.667761]]]}},{"type":"Feature","properties":{"cell_id":"r016c045","latitude":59.669254,"longitude":10.634837},"geometry":{"type":"Polygon","coordinates":[[[10.631707,59.667761],[10.637967,59.667761],[10.637967,59.670746],[10.631707,59.670746],[10.631707,59.667761]]]}},{"type":"Feature","properties":{"cell_id":"r016c046","latitude":59.669254,"longitude":10.641098},"geometry":{"type":"Polygon","coordinates":[[[10.637967,59.667761],[10.644228,59.667761],[10.644228,59.670746],[10.637967,59.670746],[10.637967,59.667761]]]}},{"type":"Feature","properties":{"cell_id":"r016c048","latitude":59.669254,"longitude":10.653618},"geometry":{"type":"Polygon","coordinates":[[[10.650488,59.667761],[10.656748,59.667761],[10.656748,59.670746],[10.650488,59.670746],[10.650488,59.667761]]]}},{"type":"Feature","properties":{"cell_id":"r016c049","latitude":59.669254,"longitude":10.659878},"geometry":{"type":"Polygon","coordinates":[[[10.656748,59.667761],[10.663008,59.667761],[10.663008,59.670746],[10.656748,59.670746],[10.656748,59.667761]]]}},{"type":"Feature","properties":{"cell_id":"r016c051","latitude":59.669254,"longitude":10.672398},"geometry":{"type":"Polygon","coordinates":[[[10.669268,59.667761],[10.675528,59.667761],[10.675528,59.670746],[10.669268,59.670746],[10.669268,59.667761]]]}},{"type":"Feature","properties":{"cell_id":"r016c065","latitude":59.669254,"longitude":10.760041},"geometry":{"type":"Polygon","coordinates":[[[10.756911,59.667761],[10.763171,59.667761],[10.763171,59.670746],[10.756911,59.670746],[10.756911,59.667761]]]}},{"type":"Feature","properties":{"cell_id":"r016c066","latitude":59.669254,"longitude":10.766301},"geometry":{"type":"Polygon","coordinates":[[[10.763171,59.667761],[10.769431,59.667761],[10.769431,59.670746],[10.763171,59.670746],[10.763171,59.667761]]]}},{"type":"Feature","properties":{"cell_id":"r016c067","latitude":59.669254,"longitude":10.772561},"geometry":{"type":"Polygon","coordinates":[[[10.769431,59.667761],[10.775691,59.667761],[10.775691,59.670746],[10.769431,59.670746],[10.769431,59.667761]]]}},{"type":"Feature","properties":{"cell_id":"r016c071","latitude":59.669254,"longitude":10.797602},"geometry":{"type":"Polygon","coordinates":[[[10.794472,59.667761],[10.800732,59.667761],[10.800732,59.670746],[10.794472,59.670746],[10.794472,59.667761]]]}},{"type":"Feature","properties":{"cell_id":"r016c072","latitude":59.669254,"longitude":10.803862},"geometry":{"type":"Polygon","coordinates":[[[10.800732,59.667761],[10.806992,59.667761],[10.806992,59.670746],[10.800732,59.670746],[10.800732,59.667761]]]}},{"type":"Feature","properties":{"cell_id":"r016c073","latitude":59.669254,"longitude":10.810122},"geometry":{"type":"Polygon","coordinates":[[[10.806992,59.667761],[10.813252,59.667761],[10.813252,59.670746],[10.806992,59.670746],[10.806992,59.667761]]]}},{"type":"Feature","properties":{"cell_id":"r017c044","latitude":59.672239,"longitude":10.628577},"geometry":{"type":"Polygon","coordinates":[[[10.625447,59.670746],[10.631707,59.670746],[10.631707,59.673731],[10.625447,59.673731],[10.625447,59.670746]]]}},{"type":"Feature","properties":{"cell_id":"r017c045","latitude":59.672239,"longitude":10.634837},"geometry":{"type":"Polygon","coordinates":[[[10.631707,59.670746],[10.637967,59.670746],[10.637967,59.673731],[10.631707,59.673731],[10.631707,59.670746]]]}},{"type":"Feature","properties":{"cell_id":"r017c048","latitude":59.672239,"longitude":10.653618},"geometry":{"type":"Polygon","coordinates":[[[10.650488,59.670746],[10.656748,59.670746],[10.656748,59.673731],[10.650488,59.673731],[10.650488,59.670746]]]}},{"type":"Feature","properties":{"cell_id":"r017c049","latitude":59.672239,"longitude":10.659878},"geometry":{"type":"Polygon","coordinates":[[[10.656748,59.670746],[10.663008,59.670746],[10.663008,59.673731],[10.656748,59.673731],[10.656748,59.670746]]]}},{"type":"Feature","properties":{"cell_id":"r017c066","latitude":59.672239,"longitude":10.766301},"geometry":{"type":"Polygon","coordinates":[[[10.763171,59.670746],[10.769431,59.670746],[10.769431,59.673731],[10.763171,59.673731],[10.763171,59.670746]]]}},{"type":"Feature","properties":{"cell_id":"r017c071","latitude":59.672239,"longitude":10.797602},"geometry":{"type":"Polygon","coordinates":[[[10.794472,59.670746],[10.800732,59.670746],[10.800732,59.673731],[10.794472,59.673731],[10.794472,59.670746]]]}},{"type":"Feature","properties":{"cell_id":"r017c072","latitude":59.672239,"longitude":10.803862},"geometry":{"type":"Polygon","coordinates":[[[10.800732,59.670746],[10.806992,59.670746],[10.806992,59.673731],[10.800732,59.673731],[10.800732,59.670746]]]}},{"type":"Feature","properties":{"cell_id":"r018c043","latitude":59.675224,"longitude":10.622317},"geometry":{"type":"Polygon","coordinates":[[[10.619187,59.673731],[10.625447,59.673731],[10.625447,59.676716],[10.619187,59.676716],[10.619187,59.673731]]]}},{"type":"Feature","properties":{"cell_id":"r018c044","latitude":59.675224,"longitude":10.628577},"geometry":{"type":"Polygon","coordinates":[[[10.625447,59.673731],[10.631707,59.673731],[10.631707,59.676716],[10.625447,59.676716],[10.625447,59.673731]]]}},{"type":"Feature","properties":{"cell_id":"r018c049","latitude":59.675224,"longitude":10.659878},"geometry":{"type":"Polygon","coordinates":[[[10.656748,59.673731],[10.663008,59.673731],[10.663008,59.676716],[10.656748,59.676716],[10.656748,59.673731]]]}},{"type":"Feature","properties":{"cell_id":"r019c049","latitude":59.678209,"longitude":10.659878},"geometry":{"type":"Polygon","coordinates":[[[10.656748,59.676716],[10.663008,59.676716],[10.663008,59.679701],[10.656748,59.679701],[10.656748,59.676716]]]}},{"type":"Feature","properties":{"cell_id":"r019c085","latitude":59.678209,"longitude":10.885244},"geometry":{"type":"Polygon","coordinates":[[[10.882114,59.676716],[10.888374,59.676716],[10.888374,59.679701],[10.882114,59.679701],[10.882114,59.676716]]]}},{"type":"Feature","properties":{"cell_id":"r020c048","latitude":59.681194,"longitude":10.653618},"geometry":{"type":"Polygon","coordinates":[[[10.650488,59.679701],[10.656748,59.679701],[10.656748,59.682687],[10.650488,59.682687],[10.650488,59.679701]]]}},{"type":"Feature","properties":{"cell_id":"r020c049","latitude":59.681194,"longitude":10.659878},"geometry":{"type":"Polygon","coordinates":[[[10.656748,59.679701],[10.663008,59.679701],[10.663008,59.682687],[10.656748,59.682687],[10.656748,59.679701]]]}},{"type":"Feature","properties":{"cell_id":"r020c085","latitude":59.681194,"longitude":10.885244},"geometry":{"type":"Polygon","coordinates":[[[10.882114,59.679701],[10.888374,59.679701],[10.888374,59.682687],[10.882114,59.682687],[10.882114,59.679701]]]}},{"type":"Feature","properties":{"cell_id":"r020c086","latitude":59.681194,"longitude":10.891504},"geometry":{"type":"Polygon","coordinates":[[[10.888374,59.679701],[10.894634,59.679701],[10.894634,59.682687],[10.888374,59.682687],[10.888374,59.679701]]]}},{"type":"Feature","properties":{"cell_id":"r021c048","latitude":59.684179,"longitude":10.653618},"geometry":{"type":"Polygon","coordinates":[[[10.650488,59.682687],[10.656748,59.682687],[10.656748,59.685672],[10.650488,59.685672],[10.650488,59.682687]]]}},{"type":"Feature","properties":{"cell_id":"r021c049","latitude":59.684179,"longitude":10.659878},"geometry":{"type":"Polygon","coordinates":[[[10.656748,59.682687],[10.663008,59.682687],[10.663008,59.685672],[10.656748,59.685672],[10.656748,59.682687]]]}},{"type":"Feature","properties":{"cell_id":"r021c050","latitude":59.684179,"longitude":10.666138},"geometry":{"type":"Polygon","coordinates":[[[10.663008,59.682687],[10.669268,59.682687],[10.669268,59.685672],[10.663008,59.685672],[10.663008,59.682687]]]}},{"type":"Feature","properties":{"cell_id":"r021c084","latitude":59.684179,"longitude":10.878984},"geometry":{"type":"Polygon","coordinates":[[[10.875854,59.682687],[10.882114,59.682687],[10.882114,59.685672],[10.875854,59.685672],[10.875854,59.682687]]]}},{"type":"Feature","properties":{"cell_id":"r021c086","latitude":59.684179,"longitude":10.891504},"geometry":{"type":"Polygon","coordinates":[[[10.888374,59.682687],[10.894634,59.682687],[10.894634,59.685672],[10.888374,59.685672],[10.888374,59.682687]]]}},{"type":"Feature","properties":{"cell_id":"r022c048","latitude":59.687164,"longitude":10.653618},"geometry":{"type":"Polygon","coordinates":[[[10.650488,59.685672],[10.656748,59.685672],[10.656748,59.688657],[10.650488,59.688657],[10.650488,59.685672]]]}},{"type":"Feature","properties":{"cell_id":"r024c049","latitude":59.693134,"longitude":10.659878},"geometry":{"type":"Polygon","coordinates":[[[10.656748,59.691642],[10.663008,59.691642],[10.663008,59.694627],[10.656748,59.694627],[10.656748,59.691642]]]}},{"type":"Feature","properties":{"cell_id":"r026c079","latitude":59.699104,"longitude":10.847683},"geometry":{"type":"Polygon","coordinates":[[[10.844553,59.697612],[10.850813,59.697612],[10.850813,59.700597],[10.844553,59.700597],[10.844553,59.697612]]]}},{"type":"Feature","properties":{"cell_id":"r027c078","latitude":59.70209,"longitude":10.841423},"geometry":{"type":"Polygon","coordinates":[[[10.838293,59.700597],[10.844553,59.700597],[10.844553,59.703582],[10.838293,59.703582],[10.838293,59.700597]]]}},{"type":"Feature","properties":{"cell_id":"r027c079","latitude":59.70209,"longitude":10.847683},"geometry":{"type":"Polygon","coordinates":[[[10.844553,59.700597],[10.850813,59.700597],[10.850813,59.703582],[10.844553,59.703582],[10.844553,59.700597]]]}},{"type":"Feature","properties":{"cell_id":"r028c078","latitude":59.705075,"longitude":10.841423},"geometry":{"type":"Polygon","coordinates":[[[10.838293,59.703582],[10.844553,59.703582],[10.844553,59.706567],[10.838293,59.706567],[10.838293,59.703582]]]}},{"type":"Feature","properties":{"cell_id":"r028c079","latitude":59.705075,"longitude":10.847683},"geometry":{"type":"Polygon","coordinates":[[[10.844553,59.703582],[10.850813,59.703582],[10.850813,59.706567],[10.844553,59.706567],[10.844553,59.703582]]]}},{"type":"Feature","properties":{"cell_id":"r029c077","latitude":59.70806,"longitude":10.835163},"geometry":{"type":"Polygon","coordinates":[[[10.832033,59.706567],[10.838293,59.706567],[10.838293,59.709552],[10.832033,59.709552],[10.832033,59.706567]]]}},{"type":"Feature","properties":{"cell_id":"r029c078","latitude":59.70806,"longitude":10.841423},"geometry":{"type":"Polygon","coordinates":[[[10.838293,59.706567],[10.844553,59.706567],[10.844553,59.709552],[10.838293,59.709552],[10.838293,59.706567]]]}},{"type":"Feature","properties":{"cell_id":"r029c079","latitude":59.70806,"longitude":10.847683},"geometry":{"type":"Polygon","coordinates":[[[10.844553,59.706567],[10.850813,59.706567],[10.850813,59.709552],[10.844553,59.709552],[10.844553,59.706567]]]}},{"type":"Feature","properties":{"cell_id":"r030c076","latitude":59.711045,"longitude":10.828902},"geometry":{"type":"Polygon","coordinates":[[[10.825772,59.709552],[10.832033,59.709552],[10.832033,59.712537],[10.825772,59.712537],[10.825772,59.709552]]]}},{"type":"Feature","properties":{"cell_id":"r030c077","latitude":59.711045,"longitude":10.835163},"geometry":{"type":"Polygon","coordinates":[[[10.832033,59.709552],[10.838293,59.709552],[10.838293,59.712537],[10.832033,59.712537],[10.832033,59.709552]]]}},{"type":"Feature","properties":{"cell_id":"r030c078","latitude":59.711045,"longitude":10.841423},"geometry":{"type":"Polygon","coordinates":[[[10.838293,59.709552],[10.844553,59.709552],[10.844553,59.712537],[10.838293,59.712537],[10.838293,59.709552]]]}},{"type":"Feature","properties":{"cell_id":"r030c079","latitude":59.711045,"longitude":10.847683},"geometry":{"type":"Polygon","coordinates":[[[10.844553,59.709552],[10.850813,59.709552],[10.850813,59.712537],[10.844553,59.712537],[10.844553,59.709552]]]}},{"type":"Feature","properties":{"cell_id":"r031c073","latitude":59.71403,"longitude":10.810122},"geometry":{"type":"Polygon","coordinates":[[[10.806992,59.712537],[10.813252,59.712537],[10.813252,59.715522],[10.806992,59.715522],[10.806992,59.712537]]]}},{"type":"Feature","properties":{"cell_id":"r031c074","latitude":59.71403,"longitude":10.816382},"geometry":{"type":"Polygon","coordinates":[[[10.813252,59.712537],[10.819512,59.712537],[10.819512,59.715522],[10.813252,59.715522],[10.813252,59.712537]]]}},{"type":"Feature","properties":{"cell_id":"r031c075","latitude":59.71403,"longitude":10.822642},"geometry":{"type":"Polygon","coordinates":[[[10.819512,59.712537],[10.825772,59.712537],[10.825772,59.715522],[10.819512,59.715522],[10.819512,59.712537]]]}},{"type":"Feature","properties":{"cell_id":"r031c076","latitude":59.71403,"longitude":10.828902},"geometry":{"type":"Polygon","coordinates":[[[10.825772,59.712537],[10.832033,59.712537],[10.832033,59.715522],[10.825772,59.715522],[10.825772,59.712537]]]}},{"type":"Feature","properties":{"cell_id":"r031c077","latitude":59.71403,"longitude":10.835163},"geometry":{"type":"Polygon","coordinates":[[[10.832033,59.712537],[10.838293,59.712537],[10.838293,59.715522],[10.832033,59.715522],[10.832033,59.712537]]]}},{"type":"Feature","properties":{"cell_id":"r031c078","latitude":59.71403,"longitude":10.841423},"geometry":{"type":"Polygon","coordinates":[[[10.838293,59.712537],[10.844553,59.712537],[10.844553,59.715522],[10.838293,59.715522],[10.838293,59.712537]]]}},{"type":"Feature","properties":{"cell_id":"r031c079","latitude":59.71403,"longitude":10.847683},"geometry":{"type":"Polygon","coordinates":[[[10.844553,59.712537],[10.850813,59.712537],[10.850813,59.715522],[10.844553,59.715522],[10.844553,59.712537]]]}},{"type":"Feature","properties":{"cell_id":"r031c080","latitude":59.71403,"longitude":10.853943},"geometry":{"type":"Polygon","coordinates":[[[10.850813,59.712537],[10.857073,59.712537],[10.857073,59.715522],[10.850813,59.715522],[10.850813,59.712537]]]}},{"type":"Feature","properties":{"cell_id":"r031c081","latitude":59.71403,"longitude":10.860203},"geometry":{"type":"Polygon","coordinates":[[[10.857073,59.712537],[10.863333,59.712537],[10.863333,59.715522],[10.857073,59.715522],[10.857073,59.712537]]]}},{"type":"Feature","properties":{"cell_id":"r031c082","latitude":59.71403,"longitude":10.866463},"geometry":{"type":"Polygon","coordinates":[[[10.863333,59.712537],[10.869593,59.712537],[10.869593,59.715522],[10.863333,59.715522],[10.863333,59.712537]]]}},{"type":"Feature","properties":{"cell_id":"r032c069","latitude":59.717015,"longitude":10.785081},"geometry":{"type":"Polygon","coordinates":[[[10.781951,59.715522],[10.788211,59.715522],[10.788211,59.718507],[10.781951,59.718507],[10.781951,59.715522]]]}},{"type":"Feature","properties":{"cell_id":"r032c073","latitude":59.717015,"longitude":10.810122},"geometry":{"type":"Polygon","coordinates":[[[10.806992,59.715522],[10.813252,59.715522],[10.813252,59.718507],[10.806992,59.718507],[10.806992,59.715522]]]}},{"type":"Feature","properties":{"cell_id":"r032c074","latitude":59.717015,"longitude":10.816382},"geometry":{"type":"Polygon","coordinates":[[[10.813252,59.715522],[10.819512,59.715522],[10.819512,59.718507],[10.813252,59.718507],[10.813252,59.715522]]]}},{"type":"Feature","properties":{"cell_id":"r032c075","latitude":59.717015,"longitude":10.822642},"geometry":{"type":"Polygon","coordinates":[[[10.819512,59.715522],[10.825772,59.715522],[10.825772,59.718507],[10.819512,59.718507],[10.819512,59.715522]]]}},{"type":"Feature","properties":{"cell_id":"r032c076","latitude":59.717015,"longitude":10.828902},"geometry":{"type":"Polygon","coordinates":[[[10.825772,59.715522],[10.832033,59.715522],[10.832033,59.718507],[10.825772,59.718507],[10.825772,59.715522]]]}},{"type":"Feature","properties":{"cell_id":"r032c077","latitude":59.717015,"longitude":10.835163},"geometry":{"type":"Polygon","coordinates":[[[10.832033,59.715522],[10.838293,59.715522],[10.838293,59.718507],[10.832033,59.718507],[10.832033,59.715522]]]}},{"type":"Feature","properties":{"cell_id":"r032c078","latitude":59.717015,"longitude":10.841423},"geometry":{"type":"Polygon","coordinates":[[[10.838293,59.715522],[10.844553,59.715522],[10.844553,59.718507],[10.838293,59.718507],[10.838293,59.715522]]]}},{"type":"Feature","properties":{"cell_id":"r032c079","latitude":59.717015,"longitude":10.847683},"geometry":{"type":"Polygon","coordinates":[[[10.844553,59.715522],[10.850813,59.715522],[10.850813,59.718507],[10.844553,59.718507],[10.844553,59.715522]]]}},{"type":"Feature","properties":{"cell_id":"r032c080","latitude":59.717015,"longitude":10.853943},"geometry":{"type":"Polygon","coordinates":[[[10.850813,59.715522],[10.857073,59.715522],[10.857073,59.718507],[10.850813,59.718507],[10.850813,59.715522]]]}},{"type":"Feature","properties":{"cell_id":"r032c081","latitude":59.717015,"longitude":10.860203},"geometry":{"type":"Polygon","coordinates":[[[10.857073,59.715522],[10.863333,59.715522],[10.863333,59.718507],[10.857073,59.718507],[10.857073,59.715522]]]}},{"type":"Feature","properties":{"cell_id":"r032c082","latitude":59.717015,"longitude":10.866463},"geometry":{"type":"Polygon","coordinates":[[[10.863333,59.715522],[10.869593,59.715522],[10.869593,59.718507],[10.863333,59.718507],[10.863333,59.715522]]]}},{"type":"Feature","properties":{"cell_id":"r033c070","latitude":59.72,"longitude":10.791341},"geometry":{"type":"Polygon","coordinates":[[[10.788211,59.718507],[10.794472,59.718507],[10.794472,59.721493],[10.788211,59.721493],[10.788211,59.718507]]]}},{"type":"Feature","properties":{"cell_id":"r033c071","latitude":59.72,"longitude":10.797602},"geometry":{"type":"Polygon","coordinates":[[[10.794472,59.718507],[10.800732,59.718507],[10.800732,59.721493],[10.794472,59.721493],[10.794472,59.718507]]]}},{"type":"Feature","properties":{"cell_id":"r033c072","latitude":59.72,"longitude":10.803862},"geometry":{"type":"Polygon","coordinates":[[[10.800732,59.718507],[10.806992,59.718507],[10.806992,59.721493],[10.800732,59.721493],[10.800732,59.718507]]]}},{"type":"Feature","properties":{"cell_id":"r033c073","latitude":59.72,"longitude":10.810122},"geometry":{"type":"Polygon","coordinates":[[[10.806992,59.718507],[10.813252,59.718507],[10.813252,59.721493],[10.806992,59.721493],[10.806992,59.718507]]]}},{"type":"Feature","properties":{"cell_id":"r033c074","latitude":59.72,"longitude":10.816382},"geometry":{"type":"Polygon","coordinates":[[[10.813252,59.718507],[10.819512,59.718507],[10.819512,59.721493],[10.813252,59.721493],[10.813252,59.718507]]]}},{"type":"Feature","properties":{"cell_id":"r033c075","latitude":59.72,"longitude":10.822642},"geometry":{"type":"Polygon","coordinates":[[[10.819512,59.718507],[10.825772,59.718507],[10.825772,59.721493],[10.819512,59.721493],[10.819512,59.718507]]]}},{"type":"Feature","properties":{"cell_id":"r033c076","latitude":59.72,"longitude":10.828902},"geometry":{"type":"Polygon","coordinates":[[[10.825772,59.718507],[10.832033,59.718507],[10.832033,59.721493],[10.825772,59.721493],[10.825772,59.718507]]]}},{"type":"Feature","properties":{"cell_id":"r033c077","latitude":59.72,"longitude":10.835163},"geometry":{"type":"Polygon","coordinates":[[[10.832033,59.718507],[10.838293,59.718507],[10.838293,59.721493],[10.832033,59.721493],[10.832033,59.718507]]]}},{"type":"Feature","properties":{"cell_id":"r033c078","latitude":59.72,"longitude":10.841423},"geometry":{"type":"Polygon","coordinates":[[[10.838293,59.718507],[10.844553,59.718507],[10.844553,59.721493],[10.838293,59.721493],[10.838293,59.718507]]]}},{"type":"Feature","properties":{"cell_id":"r033c079","latitude":59.72,"longitude":10.847683},"geometry":{"type":"Polygon","coordinates":[[[10.844553,59.718507],[10.850813,59.718507],[10.850813,59.721493],[10.844553,59.721493],[10.844553,59.718507]]]}},{"type":"Feature","properties":{"cell_id":"r033c080","latitude":59.72,"longitude":10.853943},"geometry":{"type":"Polygon","coordinates":[[[10.850813,59.718507],[10.857073,59.718507],[10.857073,59.721493],[10.850813,59.721493],[10.850813,59.718507]]]}},{"type":"Feature","properties":{"cell_id":"r033c081","latitude":59.72,"longitude":10.860203},"geometry":{"type":"Polygon","coordinates":[[[10.857073,59.718507],[10.863333,59.718507],[10.863333,59.721493],[10.857073,59.721493],[10.857073,59.718507]]]}},{"type":"Feature","properties":{"cell_id":"r033c082","latitude":59.72,"longitude":10.866463},"geometry":{"type":"Polygon","coordinates":[[[10.863333,59.718507],[10.869593,59.718507],[10.869593,59.721493],[10.863333,59.721493],[10.863333,59.718507]]]}},{"type":"Feature","properties":{"cell_id":"r034c069","latitude":59.722985,"longitude":10.785081},"geometry":{"type":"Polygon","coordinates":[[[10.781951,59.721493],[10.788211,59.721493],[10.788211,59.724478],[10.781951,59.724478],[10.781951,59.721493]]]}},{"type":"Feature","properties":{"cell_id":"r034c070","latitude":59.722985,"longitude":10.791341},"geometry":{"type":"Polygon","coordinates":[[[10.788211,59.721493],[10.794472,59.721493],[10.794472,59.724478],[10.788211,59.724478],[10.788211,59.721493]]]}},{"type":"Feature","properties":{"cell_id":"r034c072","latitude":59.722985,"longitude":10.803862},"geometry":{"type":"Polygon","coordinates":[[[10.800732,59.721493],[10.806992,59.721493],[10.806992,59.724478],[10.800732,59.724478],[10.800732,59.721493]]]}},{"type":"Feature","properties":{"cell_id":"r034c073","latitude":59.722985,"longitude":10.810122},"geometry":{"type":"Polygon","coordinates":[[[10.806992,59.721493],[10.813252,59.721493],[10.813252,59.724478],[10.806992,59.724478],[10.806992,59.721493]]]}},{"type":"Feature","properties":{"cell_id":"r034c074","latitude":59.722985,"longitude":10.816382},"geometry":{"type":"Polygon","coordinates":[[[10.813252,59.721493],[10.819512,59.721493],[10.819512,59.724478],[10.813252,59.724478],[10.813252,59.721493]]]}},{"type":"Feature","properties":{"cell_id":"r034c075","latitude":59.722985,"longitude":10.822642},"geometry":{"type":"Polygon","coordinates":[[[10.819512,59.721493],[10.825772,59.721493],[10.825772,59.724478],[10.819512,59.724478],[10.819512,59.721493]]]}},{"type":"Feature","properties":{"cell_id":"r034c076","latitude":59.722985,"longitude":10.828902},"geometry":{"type":"Polygon","coordinates":[[[10.825772,59.721493],[10.832033,59.721493],[10.832033,59.724478],[10.825772,59.724478],[10.825772,59.721493]]]}},{"type":"Feature","properties":{"cell_id":"r034c081","latitude":59.722985,"longitude":10.860203},"geometry":{"type":"Polygon","coordinates":[[[10.857073,59.721493],[10.863333,59.721493],[10.863333,59.724478],[10.857073,59.724478],[10.857073,59.721493]]]}},{"type":"Feature","properties":{"cell_id":"r034c112","latitude":59.722985,"longitude":11.054268},"geometry":{"type":"Polygon","coordinates":[[[11.051138,59.721493],[11.057398,59.721493],[11.057398,59.724478],[11.051138,59.724478],[11.051138,59.721493]]]}},{"type":"Feature","properties":{"cell_id":"r034c116","latitude":59.722985,"longitude":11.079309},"geometry":{"type":"Polygon","coordinates":[[[11.076179,59.721493],[11.082439,59.721493],[11.082439,59.724478],[11.076179,59.724478],[11.076179,59.721493]]]}},{"type":"Feature","properties":{"cell_id":"r035c065","latitude":59.72597,"longitude":10.760041},"geometry":{"type":"Polygon","coordinates":[[[10.756911,59.724478],[10.763171,59.724478],[10.763171,59.727463],[10.756911,59.727463],[10.756911,59.724478]]]}},{"type":"Feature","properties":{"cell_id":"r035c068","latitude":59.72597,"longitude":10.778821},"geometry":{"type":"Polygon","coordinates":[[[10.775691,59.724478],[10.781951,59.724478],[10.781951,59.727463],[10.775691,59.727463],[10.775691,59.724478]]]}},{"type":"Feature","properties":{"cell_id":"r035c074","latitude":59.72597,"longitude":10.816382},"geometry":{"type":"Polygon","coordinates":[[[10.813252,59.724478],[10.819512,59.724478],[10.819512,59.727463],[10.813252,59.727463],[10.813252,59.724478]]]}},{"type":"Feature","properties":{"cell_id":"r035c075","latitude":59.72597,"longitude":10.822642},"geometry":{"type":"Polygon","coordinates":[[[10.819512,59.724478],[10.825772,59.724478],[10.825772,59.727463],[10.819512,59.727463],[10.819512,59.724478]]]}},{"type":"Feature","properties":{"cell_id":"r035c076","latitude":59.72597,"longitude":10.828902},"geometry":{"type":"Polygon","coordinates":[[[10.825772,59.724478],[10.832033,59.724478],[10.832033,59.727463],[10.825772,59.727463],[10.825772,59.724478]]]}},{"type":"Feature","properties":{"cell_id":"r035c082","latitude":59.72597,"longitude":10.866463},"geometry":{"type":"Polygon","coordinates":[[[10.863333,59.724478],[10.869593,59.724478],[10.869593,59.727463],[10.863333,59.727463],[10.863333,59.724478]]]}},{"type":"Feature","properties":{"cell_id":"r035c084","latitude":59.72597,"longitude":10.878984},"geometry":{"type":"Polygon","coordinates":[[[10.875854,59.724478],[10.882114,59.724478],[10.882114,59.727463],[10.875854,59.727463],[10.875854,59.724478]]]}},{"type":"Feature","properties":{"cell_id":"r035c110","latitude":59.72597,"longitude":11.041748},"geometry":{"type":"Polygon","coordinates":[[[11.038618,59.724478],[11.044878,59.724478],[11.044878,59.727463],[11.038618,59.727463],[11.038618,59.724478]]]}},{"type":"Feature","properties":{"cell_id":"r035c111","latitude":59.72597,"longitude":11.048008},"geometry":{"type":"Polygon","coordinates":[[[11.044878,59.724478],[11.051138,59.724478],[11.051138,59.727463],[11.044878,59.727463],[11.044878,59.724478]]]}},{"type":"Feature","properties":{"cell_id":"r035c113","latitude":59.72597,"longitude":11.060528},"geometry":{"type":"Polygon","coordinates":[[[11.057398,59.724478],[11.063659,59.724478],[11.063659,59.727463],[11.057398,59.727463],[11.057398,59.724478]]]}},{"type":"Feature","properties":{"cell_id":"r036c068","latitude":59.728955,"longitude":10.778821},"geometry":{"type":"Polygon","coordinates":[[[10.775691,59.727463],[10.781951,59.727463],[10.781951,59.730448],[10.775691,59.730448],[10.775691,59.727463]]]}},{"type":"Feature","properties":{"cell_id":"r036c082","latitude":59.728955,"longitude":10.866463},"geometry":{"type":"Polygon","coordinates":[[[10.863333,59.727463],[10.869593,59.727463],[10.869593,59.730448],[10.863333,59.730448],[10.863333,59.727463]]]}},{"type":"Feature","properties":{"cell_id":"r036c109","latitude":59.728955,"longitude":11.035488},"geometry":{"type":"Polygon","coordinates":[[[11.032358,59.727463],[11.038618,59.727463],[11.038618,59.730448],[11.032358,59.730448],[11.032358,59.727463]]]}},{"type":"Feature","properties":{"cell_id":"r036c110","latitude":59.728955,"longitude":11.041748},"geometry":{"type":"Polygon","coordinates":[[[11.038618,59.727463],[11.044878,59.727463],[11.044878,59.730448],[11.038618,59.730448],[11.038618,59.727463]]]}},{"type":"Feature","properties":{"cell_id":"r036c113","latitude":59.728955,"longitude":11.060528},"geometry":{"type":"Polygon","coordinates":[[[11.057398,59.727463],[11.063659,59.727463],[11.063659,59.730448],[11.057398,59.730448],[11.057398,59.727463]]]}},{"type":"Feature","properties":{"cell_id":"r037c039","latitude":59.73194,"longitude":10.597276},"geometry":{"type":"Polygon","coordinates":[[[10.594146,59.730448],[10.600407,59.730448],[10.600407,59.733433],[10.594146,59.733433],[10.594146,59.730448]]]}},{"type":"Feature","properties":{"cell_id":"r037c062","latitude":59.73194,"longitude":10.74126},"geometry":{"type":"Polygon","coordinates":[[[10.73813,59.730448],[10.74439,59.730448],[10.74439,59.733433],[10.73813,59.733433],[10.73813,59.730448]]]}},{"type":"Feature","properties":{"cell_id":"r037c063","latitude":59.73194,"longitude":10.74752},"geometry":{"type":"Polygon","coordinates":[[[10.74439,59.730448],[10.75065,59.730448],[10.75065,59.733433],[10.74439,59.733433],[10.74439,59.730448]]]}},{"type":"Feature","properties":{"cell_id":"r037c064","latitude":59.73194,"longitude":10.75378},"geometry":{"type":"Polygon","coordinates":[[[10.75065,59.730448],[10.756911,59.730448],[10.756911,59.733433],[10.75065,59.733433],[10.75065,59.730448]]]}},{"type":"Feature","properties":{"cell_id":"r037c067","latitude":59.73194,"longitude":10.772561},"geometry":{"type":"Polygon","coordinates":[[[10.769431,59.730448],[10.775691,59.730448],[10.775691,59.733433],[10.769431,59.733433],[10.769431,59.730448]]]}},{"type":"Feature","properties":{"cell_id":"r037c068","latitude":59.73194,"longitude":10.778821},"geometry":{"type":"Polygon","coordinates":[[[10.775691,59.730448],[10.781951,59.730448],[10.781951,59.733433],[10.775691,59.733433],[10.775691,59.730448]]]}},{"type":"Feature","properties":{"cell_id":"r037c109","latitude":59.73194,"longitude":11.035488},"geometry":{"type":"Polygon","coordinates":[[[11.032358,59.730448],[11.038618,59.730448],[11.038618,59.733433],[11.032358,59.733433],[11.032358,59.730448]]]}},{"type":"Feature","properties":{"cell_id":"r037c110","latitude":59.73194,"longitude":11.041748},"geometry":{"type":"Polygon","coordinates":[[[11.038618,59.730448],[11.044878,59.730448],[11.044878,59.733433],[11.038618,59.733433],[11.038618,59.730448]]]}},{"type":"Feature","properties":{"cell_id":"r037c113","latitude":59.73194,"longitude":11.060528},"geometry":{"type":"Polygon","coordinates":[[[11.057398,59.730448],[11.063659,59.730448],[11.063659,59.733433],[11.057398,59.733433],[11.057398,59.730448]]]}},{"type":"Feature","properties":{"cell_id":"r038c038","latitude":59.734925,"longitude":10.591016},"geometry":{"type":"Polygon","coordinates":[[[10.587886,59.733433],[10.594146,59.733433],[10.594146,59.736418],[10.587886,59.736418],[10.587886,59.733433]]]}},{"type":"Feature","properties":{"cell_id":"r038c039","latitude":59.734925,"longitude":10.597276},"geometry":{"type":"Polygon","coordinates":[[[10.594146,59.733433],[10.600407,59.733433],[10.600407,59.736418],[10.594146,59.736418],[10.594146,59.733433]]]}},{"type":"Feature","properties":{"cell_id":"r038c040","latitude":59.734925,"longitude":10.603537},"geometry":{"type":"Polygon","coordinates":[[[10.600407,59.733433],[10.606667,59.733433],[10.606667,59.736418],[10.600407,59.736418],[10.600407,59.733433]]]}},{"type":"Feature","properties":{"cell_id":"r038c064","latitude":59.734925,"longitude":10.75378},"geometry":{"type":"Polygon","coordinates":[[[10.75065,59.733433],[10.756911,59.733433],[10.756911,59.736418],[10.75065,59.736418],[10.75065,59.733433]]]}},{"type":"Feature","properties":{"cell_id":"r038c065","latitude":59.734925,"longitude":10.760041},"geometry":{"type":"Polygon","coordinates":[[[10.756911,59.733433],[10.763171,59.733433],[10.763171,59.736418],[10.756911,59.736418],[10.756911,59.733433]]]}},{"type":"Feature","properties":{"cell_id":"r038c068","latitude":59.734925,"longitude":10.778821},"geometry":{"type":"Polygon","coordinates":[[[10.775691,59.733433],[10.781951,59.733433],[10.781951,59.736418],[10.775691,59.736418],[10.775691,59.733433]]]}},{"type":"Feature","properties":{"cell_id":"r038c108","latitude":59.734925,"longitude":11.029228},"geometry":{"type":"Polygon","coordinates":[[[11.026098,59.733433],[11.032358,59.733433],[11.032358,59.736418],[11.026098,59.736418],[11.026098,59.733433]]]}},{"type":"Feature","properties":{"cell_id":"r039c037","latitude":59.73791,"longitude":10.584756},"geometry":{"type":"Polygon","coordinates":[[[10.581626,59.736418],[10.587886,59.736418],[10.587886,59.739403],[10.581626,59.739403],[10.581626,59.736418]]]}},{"type":"Feature","properties":{"cell_id":"r039c038","latitude":59.73791,"longitude":10.591016},"geometry":{"type":"Polygon","coordinates":[[[10.587886,59.736418],[10.594146,59.736418],[10.594146,59.739403],[10.587886,59.739403],[10.587886,59.736418]]]}},{"type":"Feature","properties":{"cell_id":"r039c039","latitude":59.73791,"longitude":10.597276},"geometry":{"type":"Polygon","coordinates":[[[10.594146,59.736418],[10.600407,59.736418],[10.600407,59.739403],[10.594146,59.739403],[10.594146,59.736418]]]}},{"type":"Feature","properties":{"cell_id":"r039c062","latitude":59.73791,"longitude":10.74126},"geometry":{"type":"Polygon","coordinates":[[[10.73813,59.736418],[10.74439,59.736418],[10.74439,59.739403],[10.73813,59.739403],[10.73813,59.736418]]]}},{"type":"Feature","properties":{"cell_id":"r039c065","latitude":59.73791,"longitude":10.760041},"geometry":{"type":"Polygon","coordinates":[[[10.756911,59.736418],[10.763171,59.736418],[10.763171,59.739403],[10.756911,59.739403],[10.756911,59.736418]]]}},{"type":"Feature","properties":{"cell_id":"r039c066","latitude":59.73791,"longitude":10.766301},"geometry":{"type":"Polygon","coordinates":[[[10.763171,59.736418],[10.769431,59.736418],[10.769431,59.739403],[10.763171,59.739403],[10.763171,59.736418]]]}},{"type":"Feature","properties":{"cell_id":"r039c068","latitude":59.73791,"longitude":10.778821},"geometry":{"type":"Polygon","coordinates":[[[10.775691,59.736418],[10.781951,59.736418],[10.781951,59.739403],[10.775691,59.739403],[10.775691,59.736418]]]}},{"type":"Feature","properties":{"cell_id":"r039c102","latitude":59.73791,"longitude":10.991667},"geometry":{"type":"Polygon","coordinates":[[[10.988537,59.736418],[10.994797,59.736418],[10.994797,59.739403],[10.988537,59.739403],[10.988537,59.736418]]]}},{"type":"Feature","properties":{"cell_id":"r039c103","latitude":59.73791,"longitude":10.997927},"geometry":{"type":"Polygon","coordinates":[[[10.994797,59.736418],[11.001057,59.736418],[11.001057,59.739403],[10.994797,59.739403],[10.994797,59.736418]]]}},{"type":"Feature","properties":{"cell_id":"r039c104","latitude":59.73791,"longitude":11.004187},"geometry":{"type":"Polygon","coordinates":[[[11.001057,59.736418],[11.007317,59.736418],[11.007317,59.739403],[11.001057,59.739403],[11.001057,59.736418]]]}},{"type":"Feature","properties":{"cell_id":"r039c107","latitude":59.73791,"longitude":11.022967},"geometry":{"type":"Polygon","coordinates":[[[11.019837,59.736418],[11.026098,59.736418],[11.026098,59.739403],[11.019837,59.739403],[11.019837,59.736418]]]}},{"type":"Feature","properties":{"cell_id":"r039c108","latitude":59.73791,"longitude":11.029228},"geometry":{"type":"Polygon","coordinates":[[[11.026098,59.736418],[11.032358,59.736418],[11.032358,59.739403],[11.026098,59.739403],[11.026098,59.736418]]]}},{"type":"Feature","properties":{"cell_id":"r040c037","latitude":59.740896,"longitude":10.584756},"geometry":{"type":"Polygon","coordinates":[[[10.581626,59.739403],[10.587886,59.739403],[10.587886,59.742388],[10.581626,59.742388],[10.581626,59.739403]]]}},{"type":"Feature","properties":{"cell_id":"r040c038","latitude":59.740896,"longitude":10.591016},"geometry":{"type":"Polygon","coordinates":[[[10.587886,59.739403],[10.594146,59.739403],[10.594146,59.742388],[10.587886,59.742388],[10.587886,59.739403]]]}},{"type":"Feature","properties":{"cell_id":"r040c039","latitude":59.740896,"longitude":10.597276},"geometry":{"type":"Polygon","coordinates":[[[10.594146,59.739403],[10.600407,59.739403],[10.600407,59.742388],[10.594146,59.742388],[10.594146,59.739403]]]}},{"type":"Feature","properties":{"cell_id":"r040c040","latitude":59.740896,"longitude":10.603537},"geometry":{"type":"Polygon","coordinates":[[[10.600407,59.739403],[10.606667,59.739403],[10.606667,59.742388],[10.600407,59.742388],[10.600407,59.739403]]]}},{"type":"Feature","properties":{"cell_id":"r040c065","latitude":59.740896,"longitude":10.760041},"geometry":{"type":"Polygon","coordinates":[[[10.756911,59.739403],[10.763171,59.739403],[10.763171,59.742388],[10.756911,59.742388],[10.756911,59.739403]]]}},{"type":"Feature","properties":{"cell_id":"r040c066","latitude":59.740896,"longitude":10.766301},"geometry":{"type":"Polygon","coordinates":[[[10.763171,59.739403],[10.769431,59.739403],[10.769431,59.742388],[10.763171,59.742388],[10.763171,59.739403]]]}},{"type":"Feature","properties":{"cell_id":"r040c067","latitude":59.740896,"longitude":10.772561},"geometry":{"type":"Polygon","coordinates":[[[10.769431,59.739403],[10.775691,59.739403],[10.775691,59.742388],[10.769431,59.742388],[10.769431,59.739403]]]}},{"type":"Feature","properties":{"cell_id":"r040c104","latitude":59.740896,"longitude":11.004187},"geometry":{"type":"Polygon","coordinates":[[[11.001057,59.739403],[11.007317,59.739403],[11.007317,59.742388],[11.001057,59.742388],[11.001057,59.739403]]]}},{"type":"Feature","properties":{"cell_id":"r040c107","latitude":59.740896,"longitude":11.022967},"geometry":{"type":"Polygon","coordinates":[[[11.019837,59.739403],[11.026098,59.739403],[11.026098,59.742388],[11.019837,59.742388],[11.019837,59.739403]]]}},{"type":"Feature","properties":{"cell_id":"r041c040","latitude":59.743881,"longitude":10.603537},"geometry":{"type":"Polygon","coordinates":[[[10.600407,59.742388],[10.606667,59.742388],[10.606667,59.745373],[10.600407,59.745373],[10.600407,59.742388]]]}},{"type":"Feature","properties":{"cell_id":"r041c062","latitude":59.743881,"longitude":10.74126},"geometry":{"type":"Polygon","coordinates":[[[10.73813,59.742388],[10.74439,59.742388],[10.74439,59.745373],[10.73813,59.745373],[10.73813,59.742388]]]}},{"type":"Feature","properties":{"cell_id":"r041c066","latitude":59.743881,"longitude":10.766301},"geometry":{"type":"Polygon","coordinates":[[[10.763171,59.742388],[10.769431,59.742388],[10.769431,59.745373],[10.763171,59.745373],[10.763171,59.742388]]]}},{"type":"Feature","properties":{"cell_id":"r041c067","latitude":59.743881,"longitude":10.772561},"geometry":{"type":"Polygon","coordinates":[[[10.769431,59.742388],[10.775691,59.742388],[10.775691,59.745373],[10.769431,59.745373],[10.769431,59.742388]]]}},{"type":"Feature","properties":{"cell_id":"r041c068","latitude":59.743881,"longitude":10.778821},"geometry":{"type":"Polygon","coordinates":[[[10.775691,59.742388],[10.781951,59.742388],[10.781951,59.745373],[10.775691,59.745373],[10.775691,59.742388]]]}},{"type":"Feature","properties":{"cell_id":"r041c078","latitude":59.743881,"longitude":10.841423},"geometry":{"type":"Polygon","coordinates":[[[10.838293,59.742388],[10.844553,59.742388],[10.844553,59.745373],[10.838293,59.745373],[10.838293,59.742388]]]}},{"type":"Feature","properties":{"cell_id":"r042c042","latitude":59.746866,"longitude":10.616057},"geometry":{"type":"Polygon","coordinates":[[[10.612927,59.745373],[10.619187,59.745373],[10.619187,59.748358],[10.612927,59.748358],[10.612927,59.745373]]]}},{"type":"Feature","properties":{"cell_id":"r042c043","latitude":59.746866,"longitude":10.622317},"geometry":{"type":"Polygon","coordinates":[[[10.619187,59.745373],[10.625447,59.745373],[10.625447,59.748358],[10.619187,59.748358],[10.619187,59.745373]]]}},{"type":"Feature","properties":{"cell_id":"r042c060","latitude":59.746866,"longitude":10.72874},"geometry":{"type":"Polygon","coordinates":[[[10.72561,59.745373],[10.73187,59.745373],[10.73187,59.748358],[10.72561,59.748358],[10.72561,59.745373]]]}},{"type":"Feature","properties":{"cell_id":"r042c062","latitude":59.746866,"longitude":10.74126},"geometry":{"type":"Polygon","coordinates":[[[10.73813,59.745373],[10.74439,59.745373],[10.74439,59.748358],[10.73813,59.748358],[10.73813,59.745373]]]}},{"type":"Feature","properties":{"cell_id":"r042c066","latitude":59.746866,"longitude":10.766301},"geometry":{"type":"Polygon","coordinates":[[[10.763171,59.745373],[10.769431,59.745373],[10.769431,59.748358],[10.763171,59.748358],[10.763171,59.745373]]]}},{"type":"Feature","properties":{"cell_id":"r042c067","latitude":59.746866,"longitude":10.772561},"geometry":{"type":"Polygon","coordinates":[[[10.769431,59.745373],[10.775691,59.745373],[10.775691,59.748358],[10.769431,59.748358],[10.769431,59.745373]]]}},{"type":"Feature","properties":{"cell_id":"r042c078","latitude":59.746866,"longitude":10.841423},"geometry":{"type":"Polygon","coordinates":[[[10.838293,59.745373],[10.844553,59.745373],[10.844553,59.748358],[10.838293,59.748358],[10.838293,59.745373]]]}},{"type":"Feature","properties":{"cell_id":"r042c079","latitude":59.746866,"longitude":10.847683},"geometry":{"type":"Polygon","coordinates":[[[10.844553,59.745373],[10.850813,59.745373],[10.850813,59.748358],[10.844553,59.748358],[10.844553,59.745373]]]}},{"type":"Feature","properties":{"cell_id":"r043c045","latitude":59.749851,"longitude":10.634837},"geometry":{"type":"Polygon","coordinates":[[[10.631707,59.748358],[10.637967,59.748358],[10.637967,59.751343],[10.631707,59.751343],[10.631707,59.748358]]]}},{"type":"Feature","properties":{"cell_id":"r043c060","latitude":59.749851,"longitude":10.72874},"geometry":{"type":"Polygon","coordinates":[[[10.72561,59.748358],[10.73187,59.748358],[10.73187,59.751343],[10.72561,59.751343],[10.72561,59.748358]]]}},{"type":"Feature","properties":{"cell_id":"r043c068","latitude":59.749851,"longitude":10.778821},"geometry":{"type":"Polygon","coordinates":[[[10.775691,59.748358],[10.781951,59.748358],[10.781951,59.751343],[10.775691,59.751343],[10.775691,59.748358]]]}},{"type":"Feature","properties":{"cell_id":"r043c076","latitude":59.749851,"longitude":10.828902},"geometry":{"type":"Polygon","coordinates":[[[10.825772,59.748358],[10.832033,59.748358],[10.832033,59.751343],[10.825772,59.751343],[10.825772,59.748358]]]}},{"type":"Feature","properties":{"cell_id":"r043c077","latitude":59.749851,"longitude":10.835163},"geometry":{"type":"Polygon","coordinates":[[[10.832033,59.748358],[10.838293,59.748358],[10.838293,59.751343],[10.832033,59.751343],[10.832033,59.748358]]]}},{"type":"Feature","properties":{"cell_id":"r043c078","latitude":59.749851,"longitude":10.841423},"geometry":{"type":"Polygon","coordinates":[[[10.838293,59.748358],[10.844553,59.748358],[10.844553,59.751343],[10.838293,59.751343],[10.838293,59.748358]]]}},{"type":"Feature","properties":{"cell_id":"r043c079","latitude":59.749851,"longitude":10.847683},"geometry":{"type":"Polygon","coordinates":[[[10.844553,59.748358],[10.850813,59.748358],[10.850813,59.751343],[10.844553,59.751343],[10.844553,59.748358]]]}},{"type":"Feature","properties":{"cell_id":"r044c018","latitude":59.752836,"longitude":10.465813},"geometry":{"type":"Polygon","coordinates":[[[10.462683,59.751343],[10.468943,59.751343],[10.468943,59.754328],[10.462683,59.754328],[10.462683,59.751343]]]}},{"type":"Feature","properties":{"cell_id":"r044c068","latitude":59.752836,"longitude":10.778821},"geometry":{"type":"Polygon","coordinates":[[[10.775691,59.751343],[10.781951,59.751343],[10.781951,59.754328],[10.775691,59.754328],[10.775691,59.751343]]]}},{"type":"Feature","properties":{"cell_id":"r044c075","latitude":59.752836,"longitude":10.822642},"geometry":{"type":"Polygon","coordinates":[[[10.819512,59.751343],[10.825772,59.751343],[10.825772,59.754328],[10.819512,59.754328],[10.819512,59.751343]]]}},{"type":"Feature","properties":{"cell_id":"r044c076","latitude":59.752836,"longitude":10.828902},"geometry":{"type":"Polygon","coordinates":[[[10.825772,59.751343],[10.832033,59.751343],[10.832033,59.754328],[10.825772,59.754328],[10.825772,59.751343]]]}},{"type":"Feature","properties":{"cell_id":"r044c077","latitude":59.752836,"longitude":10.835163},"geometry":{"type":"Polygon","coordinates":[[[10.832033,59.751343],[10.838293,59.751343],[10.838293,59.754328],[10.832033,59.754328],[10.832033,59.751343]]]}},{"type":"Feature","properties":{"cell_id":"r045c017","latitude":59.755821,"longitude":10.459553},"geometry":{"type":"Polygon","coordinates":[[[10.456423,59.754328],[10.462683,59.754328],[10.462683,59.757313],[10.456423,59.757313],[10.456423,59.754328]]]}},{"type":"Feature","properties":{"cell_id":"r045c018","latitude":59.755821,"longitude":10.465813},"geometry":{"type":"Polygon","coordinates":[[[10.462683,59.754328],[10.468943,59.754328],[10.468943,59.757313],[10.462683,59.757313],[10.462683,59.754328]]]}},{"type":"Feature","properties":{"cell_id":"r045c067","latitude":59.755821,"longitude":10.772561},"geometry":{"type":"Polygon","coordinates":[[[10.769431,59.754328],[10.775691,59.754328],[10.775691,59.757313],[10.769431,59.757313],[10.769431,59.754328]]]}},{"type":"Feature","properties":{"cell_id":"r045c068","latitude":59.755821,"longitude":10.778821},"geometry":{"type":"Polygon","coordinates":[[[10.775691,59.754328],[10.781951,59.754328],[10.781951,59.757313],[10.775691,59.757313],[10.775691,59.754328]]]}},{"type":"Feature","properties":{"cell_id":"r045c075","latitude":59.755821,"longitude":10.822642},"geometry":{"type":"Polygon","coordinates":[[[10.819512,59.754328],[10.825772,59.754328],[10.825772,59.757313],[10.819512,59.757313],[10.819512,59.754328]]]}},{"type":"Feature","properties":{"cell_id":"r045c076","latitude":59.755821,"longitude":10.828902},"geometry":{"type":"Polygon","coordinates":[[[10.825772,59.754328],[10.832033,59.754328],[10.832033,59.757313],[10.825772,59.757313],[10.825772,59.754328]]]}},{"type":"Feature","properties":{"cell_id":"r045c077","latitude":59.755821,"longitude":10.835163},"geometry":{"type":"Polygon","coordinates":[[[10.832033,59.754328],[10.838293,59.754328],[10.838293,59.757313],[10.832033,59.757313],[10.832033,59.754328]]]}},{"type":"Feature","properties":{"cell_id":"r045c078","latitude":59.755821,"longitude":10.841423},"geometry":{"type":"Polygon","coordinates":[[[10.838293,59.754328],[10.844553,59.754328],[10.844553,59.757313],[10.838293,59.757313],[10.838293,59.754328]]]}},{"type":"Feature","properties":{"cell_id":"r045c079","latitude":59.755821,"longitude":10.847683},"geometry":{"type":"Polygon","coordinates":[[[10.844553,59.754328],[10.850813,59.754328],[10.850813,59.757313],[10.844553,59.757313],[10.844553,59.754328]]]}},{"type":"Feature","properties":{"cell_id":"r045c080","latitude":59.755821,"longitude":10.853943},"geometry":{"type":"Polygon","coordinates":[[[10.850813,59.754328],[10.857073,59.754328],[10.857073,59.757313],[10.850813,59.757313],[10.850813,59.754328]]]}},{"type":"Feature","properties":{"cell_id":"r045c081","latitude":59.755821,"longitude":10.860203},"geometry":{"type":"Polygon","coordinates":[[[10.857073,59.754328],[10.863333,59.754328],[10.863333,59.757313],[10.857073,59.757313],[10.857073,59.754328]]]}},{"type":"Feature","properties":{"cell_id":"r046c015","latitude":59.758806,"longitude":10.447033},"geometry":{"type":"Polygon","coordinates":[[[10.443902,59.757313],[10.450163,59.757313],[10.450163,59.760299],[10.443902,59.760299],[10.443902,59.757313]]]}},{"type":"Feature","properties":{"cell_id":"r046c017","latitude":59.758806,"longitude":10.459553},"geometry":{"type":"Polygon","coordinates":[[[10.456423,59.757313],[10.462683,59.757313],[10.462683,59.760299],[10.456423,59.760299],[10.456423,59.757313]]]}},{"type":"Feature","properties":{"cell_id":"r046c018","latitude":59.758806,"longitude":10.465813},"geometry":{"type":"Polygon","coordinates":[[[10.462683,59.757313],[10.468943,59.757313],[10.468943,59.760299],[10.462683,59.760299],[10.462683,59.757313]]]}},{"type":"Feature","properties":{"cell_id":"r046c037","latitude":59.758806,"longitude":10.584756},"geometry":{"type":"Polygon","coordinates":[[[10.581626,59.757313],[10.587886,59.757313],[10.587886,59.760299],[10.581626,59.760299],[10.581626,59.757313]]]}},{"type":"Feature","properties":{"cell_id":"r046c074","latitude":59.758806,"longitude":10.816382},"geometry":{"type":"Polygon","coordinates":[[[10.813252,59.757313],[10.819512,59.757313],[10.819512,59.760299],[10.813252,59.760299],[10.813252,59.757313]]]}},{"type":"Feature","properties":{"cell_id":"r046c075","latitude":59.758806,"longitude":10.822642},"geometry":{"type":"Polygon","coordinates":[[[10.819512,59.757313],[10.825772,59.757313],[10.825772,59.760299],[10.819512,59.760299],[10.819512,59.757313]]]}},{"type":"Feature","properties":{"cell_id":"r046c078","latitude":59.758806,"longitude":10.841423},"geometry":{"type":"Polygon","coordinates":[[[10.838293,59.757313],[10.844553,59.757313],[10.844553,59.760299],[10.838293,59.760299],[10.838293,59.757313]]]}},{"type":"Feature","properties":{"cell_id":"r046c079","latitude":59.758806,"longitude":10.847683},"geometry":{"type":"Polygon","coordinates":[[[10.844553,59.757313],[10.850813,59.757313],[10.850813,59.760299],[10.844553,59.760299],[10.844553,59.757313]]]}},{"type":"Feature","properties":{"cell_id":"r047c016","latitude":59.761791,"longitude":10.453293},"geometry":{"type":"Polygon","coordinates":[[[10.450163,59.760299],[10.456423,59.760299],[10.456423,59.763284],[10.450163,59.763284],[10.450163,59.760299]]]}},{"type":"Feature","properties":{"cell_id":"r047c017","latitude":59.761791,"longitude":10.459553},"geometry":{"type":"Polygon","coordinates":[[[10.456423,59.760299],[10.462683,59.760299],[10.462683,59.763284],[10.456423,59.763284],[10.456423,59.760299]]]}},{"type":"Feature","properties":{"cell_id":"r047c018","latitude":59.761791,"longitude":10.465813},"geometry":{"type":"Polygon","coordinates":[[[10.462683,59.760299],[10.468943,59.760299],[10.468943,59.763284],[10.462683,59.763284],[10.462683,59.760299]]]}},{"type":"Feature","properties":{"cell_id":"r047c019","latitude":59.761791,"longitude":10.472073},"geometry":{"type":"Polygon","coordinates":[[[10.468943,59.760299],[10.475203,59.760299],[10.475203,59.763284],[10.468943,59.763284],[10.468943,59.760299]]]}},{"type":"Feature","properties":{"cell_id":"r047c020","latitude":59.761791,"longitude":10.478333},"geometry":{"type":"Polygon","coordinates":[[[10.475203,59.760299],[10.481463,59.760299],[10.481463,59.763284],[10.475203,59.763284],[10.475203,59.760299]]]}},{"type":"Feature","properties":{"cell_id":"r047c021","latitude":59.761791,"longitude":10.484593},"geometry":{"type":"Polygon","coordinates":[[[10.481463,59.760299],[10.487724,59.760299],[10.487724,59.763284],[10.481463,59.763284],[10.481463,59.760299]]]}},{"type":"Feature","properties":{"cell_id":"r047c037","latitude":59.761791,"longitude":10.584756},"geometry":{"type":"Polygon","coordinates":[[[10.581626,59.760299],[10.587886,59.760299],[10.587886,59.763284],[10.581626,59.763284],[10.581626,59.760299]]]}},{"type":"Feature","properties":{"cell_id":"r047c075","latitude":59.761791,"longitude":10.822642},"geometry":{"type":"Polygon","coordinates":[[[10.819512,59.760299],[10.825772,59.760299],[10.825772,59.763284],[10.819512,59.763284],[10.819512,59.760299]]]}},{"type":"Feature","properties":{"cell_id":"r047c078","latitude":59.761791,"longitude":10.841423},"geometry":{"type":"Polygon","coordinates":[[[10.838293,59.760299],[10.844553,59.760299],[10.844553,59.763284],[10.838293,59.763284],[10.838293,59.760299]]]}},{"type":"Feature","properties":{"cell_id":"r047c079","latitude":59.761791,"longitude":10.847683},"geometry":{"type":"Polygon","coordinates":[[[10.844553,59.760299],[10.850813,59.760299],[10.850813,59.763284],[10.844553,59.763284],[10.844553,59.760299]]]}},{"type":"Feature","properties":{"cell_id":"r047c080","latitude":59.761791,"longitude":10.853943},"geometry":{"type":"Polygon","coordinates":[[[10.850813,59.760299],[10.857073,59.760299],[10.857073,59.763284],[10.850813,59.763284],[10.850813,59.760299]]]}},{"type":"Feature","properties":{"cell_id":"r047c081","latitude":59.761791,"longitude":10.860203},"geometry":{"type":"Polygon","coordinates":[[[10.857073,59.760299],[10.863333,59.760299],[10.863333,59.763284],[10.857073,59.763284],[10.857073,59.760299]]]}},{"type":"Feature","properties":{"cell_id":"r048c019","latitude":59.764776,"longitude":10.472073},"geometry":{"type":"Polygon","coordinates":[[[10.468943,59.763284],[10.475203,59.763284],[10.475203,59.766269],[10.468943,59.766269],[10.468943,59.763284]]]}},{"type":"Feature","properties":{"cell_id":"r048c020","latitude":59.764776,"longitude":10.478333},"geometry":{"type":"Polygon","coordinates":[[[10.475203,59.763284],[10.481463,59.763284],[10.481463,59.766269],[10.475203,59.766269],[10.475203,59.763284]]]}},{"type":"Feature","properties":{"cell_id":"r048c073","latitude":59.764776,"longitude":10.810122},"geometry":{"type":"Polygon","coordinates":[[[10.806992,59.763284],[10.813252,59.763284],[10.813252,59.766269],[10.806992,59.766269],[10.806992,59.763284]]]}},{"type":"Feature","properties":{"cell_id":"r048c074","latitude":59.764776,"longitude":10.816382},"geometry":{"type":"Polygon","coordinates":[[[10.813252,59.763284],[10.819512,59.763284],[10.819512,59.766269],[10.813252,59.766269],[10.813252,59.763284]]]}},{"type":"Feature","properties":{"cell_id":"r048c075","latitude":59.764776,"longitude":10.822642},"geometry":{"type":"Polygon","coordinates":[[[10.819512,59.763284],[10.825772,59.763284],[10.825772,59.766269],[10.819512,59.766269],[10.819512,59.763284]]]}},{"type":"Feature","properties":{"cell_id":"r048c077","latitude":59.764776,"longitude":10.835163},"geometry":{"type":"Polygon","coordinates":[[[10.832033,59.763284],[10.838293,59.763284],[10.838293,59.766269],[10.832033,59.766269],[10.832033,59.763284]]]}},{"type":"Feature","properties":{"cell_id":"r048c078","latitude":59.764776,"longitude":10.841423},"geometry":{"type":"Polygon","coordinates":[[[10.838293,59.763284],[10.844553,59.763284],[10.844553,59.766269],[10.838293,59.766269],[10.838293,59.763284]]]}},{"type":"Feature","properties":{"cell_id":"r048c079","latitude":59.764776,"longitude":10.847683},"geometry":{"type":"Polygon","coordinates":[[[10.844553,59.763284],[10.850813,59.763284],[10.850813,59.766269],[10.844553,59.766269],[10.844553,59.763284]]]}},{"type":"Feature","properties":{"cell_id":"r048c080","latitude":59.764776,"longitude":10.853943},"geometry":{"type":"Polygon","coordinates":[[[10.850813,59.763284],[10.857073,59.763284],[10.857073,59.766269],[10.850813,59.766269],[10.850813,59.763284]]]}},{"type":"Feature","properties":{"cell_id":"r048c082","latitude":59.764776,"longitude":10.866463},"geometry":{"type":"Polygon","coordinates":[[[10.863333,59.763284],[10.869593,59.763284],[10.869593,59.766269],[10.863333,59.766269],[10.863333,59.763284]]]}},{"type":"Feature","properties":{"cell_id":"r049c015","latitude":59.767761,"longitude":10.447033},"geometry":{"type":"Polygon","coordinates":[[[10.443902,59.766269],[10.450163,59.766269],[10.450163,59.769254],[10.443902,59.769254],[10.443902,59.766269]]]}},{"type":"Feature","properties":{"cell_id":"r049c019","latitude":59.767761,"longitude":10.472073},"geometry":{"type":"Polygon","coordinates":[[[10.468943,59.766269],[10.475203,59.766269],[10.475203,59.769254],[10.468943,59.769254],[10.468943,59.766269]]]}},{"type":"Feature","properties":{"cell_id":"r049c020","latitude":59.767761,"longitude":10.478333},"geometry":{"type":"Polygon","coordinates":[[[10.475203,59.766269],[10.481463,59.766269],[10.481463,59.769254],[10.475203,59.769254],[10.475203,59.766269]]]}},{"type":"Feature","properties":{"cell_id":"r049c021","latitude":59.767761,"longitude":10.484593},"geometry":{"type":"Polygon","coordinates":[[[10.481463,59.766269],[10.487724,59.766269],[10.487724,59.769254],[10.481463,59.769254],[10.481463,59.766269]]]}},{"type":"Feature","properties":{"cell_id":"r049c072","latitude":59.767761,"longitude":10.803862},"geometry":{"type":"Polygon","coordinates":[[[10.800732,59.766269],[10.806992,59.766269],[10.806992,59.769254],[10.800732,59.769254],[10.800732,59.766269]]]}},{"type":"Feature","properties":{"cell_id":"r049c073","latitude":59.767761,"longitude":10.810122},"geometry":{"type":"Polygon","coordinates":[[[10.806992,59.766269],[10.813252,59.766269],[10.813252,59.769254],[10.806992,59.769254],[10.806992,59.766269]]]}},{"type":"Feature","properties":{"cell_id":"r049c074","latitude":59.767761,"longitude":10.816382},"geometry":{"type":"Polygon","coordinates":[[[10.813252,59.766269],[10.819512,59.766269],[10.819512,59.769254],[10.813252,59.769254],[10.813252,59.766269]]]}},{"type":"Feature","properties":{"cell_id":"r049c075","latitude":59.767761,"longitude":10.822642},"geometry":{"type":"Polygon","coordinates":[[[10.819512,59.766269],[10.825772,59.766269],[10.825772,59.769254],[10.819512,59.769254],[10.819512,59.766269]]]}},{"type":"Feature","properties":{"cell_id":"r049c077","latitude":59.767761,"longitude":10.835163},"geometry":{"type":"Polygon","coordinates":[[[10.832033,59.766269],[10.838293,59.766269],[10.838293,59.769254],[10.832033,59.769254],[10.832033,59.766269]]]}},{"type":"Feature","properties":{"cell_id":"r049c078","latitude":59.767761,"longitude":10.841423},"geometry":{"type":"Polygon","coordinates":[[[10.838293,59.766269],[10.844553,59.766269],[10.844553,59.769254],[10.838293,59.769254],[10.838293,59.766269]]]}},{"type":"Feature","properties":{"cell_id":"r049c082","latitude":59.767761,"longitude":10.866463},"geometry":{"type":"Polygon","coordinates":[[[10.863333,59.766269],[10.869593,59.766269],[10.869593,59.769254],[10.863333,59.769254],[10.863333,59.766269]]]}},{"type":"Feature","properties":{"cell_id":"r050c020","latitude":59.770746,"longitude":10.478333},"geometry":{"type":"Polygon","coordinates":[[[10.475203,59.769254],[10.481463,59.769254],[10.481463,59.772239],[10.475203,59.772239],[10.475203,59.769254]]]}},{"type":"Feature","properties":{"cell_id":"r050c021","latitude":59.770746,"longitude":10.484593},"geometry":{"type":"Polygon","coordinates":[[[10.481463,59.769254],[10.487724,59.769254],[10.487724,59.772239],[10.481463,59.772239],[10.481463,59.769254]]]}},{"type":"Feature","properties":{"cell_id":"r050c072","latitude":59.770746,"longitude":10.803862},"geometry":{"type":"Polygon","coordinates":[[[10.800732,59.769254],[10.806992,59.769254],[10.806992,59.772239],[10.800732,59.772239],[10.800732,59.769254]]]}},{"type":"Feature","properties":{"cell_id":"r050c073","latitude":59.770746,"longitude":10.810122},"geometry":{"type":"Polygon","coordinates":[[[10.806992,59.769254],[10.813252,59.769254],[10.813252,59.772239],[10.806992,59.772239],[10.806992,59.769254]]]}},{"type":"Feature","properties":{"cell_id":"r050c074","latitude":59.770746,"longitude":10.816382},"geometry":{"type":"Polygon","coordinates":[[[10.813252,59.769254],[10.819512,59.769254],[10.819512,59.772239],[10.813252,59.772239],[10.813252,59.769254]]]}},{"type":"Feature","properties":{"cell_id":"r050c075","latitude":59.770746,"longitude":10.822642},"geometry":{"type":"Polygon","coordinates":[[[10.819512,59.769254],[10.825772,59.769254],[10.825772,59.772239],[10.819512,59.772239],[10.819512,59.769254]]]}},{"type":"Feature","properties":{"cell_id":"r050c076","latitude":59.770746,"longitude":10.828902},"geometry":{"type":"Polygon","coordinates":[[[10.825772,59.769254],[10.832033,59.769254],[10.832033,59.772239],[10.825772,59.772239],[10.825772,59.769254]]]}},{"type":"Feature","properties":{"cell_id":"r050c077","latitude":59.770746,"longitude":10.835163},"geometry":{"type":"Polygon","coordinates":[[[10.832033,59.769254],[10.838293,59.769254],[10.838293,59.772239],[10.832033,59.772239],[10.832033,59.769254]]]}},{"type":"Feature","properties":{"cell_id":"r050c078","latitude":59.770746,"longitude":10.841423},"geometry":{"type":"Polygon","coordinates":[[[10.838293,59.769254],[10.844553,59.769254],[10.844553,59.772239],[10.838293,59.772239],[10.838293,59.769254]]]}},{"type":"Feature","properties":{"cell_id":"r050c079","latitude":59.770746,"longitude":10.847683},"geometry":{"type":"Polygon","coordinates":[[[10.844553,59.769254],[10.850813,59.769254],[10.850813,59.772239],[10.844553,59.772239],[10.844553,59.769254]]]}},{"type":"Feature","properties":{"cell_id":"r050c080","latitude":59.770746,"longitude":10.853943},"geometry":{"type":"Polygon","coordinates":[[[10.850813,59.769254],[10.857073,59.769254],[10.857073,59.772239],[10.850813,59.772239],[10.850813,59.769254]]]}},{"type":"Feature","properties":{"cell_id":"r050c081","latitude":59.770746,"longitude":10.860203},"geometry":{"type":"Polygon","coordinates":[[[10.857073,59.769254],[10.863333,59.769254],[10.863333,59.772239],[10.857073,59.772239],[10.857073,59.769254]]]}},{"type":"Feature","properties":{"cell_id":"r051c012","latitude":59.773731,"longitude":10.428252},"geometry":{"type":"Polygon","coordinates":[[[10.425122,59.772239],[10.431382,59.772239],[10.431382,59.775224],[10.425122,59.775224],[10.425122,59.772239]]]}},{"type":"Feature","properties":{"cell_id":"r051c020","latitude":59.773731,"longitude":10.478333},"geometry":{"type":"Polygon","coordinates":[[[10.475203,59.772239],[10.481463,59.772239],[10.481463,59.775224],[10.475203,59.775224],[10.475203,59.772239]]]}},{"type":"Feature","properties":{"cell_id":"r051c021","latitude":59.773731,"longitude":10.484593},"geometry":{"type":"Polygon","coordinates":[[[10.481463,59.772239],[10.487724,59.772239],[10.487724,59.775224],[10.481463,59.775224],[10.481463,59.772239]]]}},{"type":"Feature","properties":{"cell_id":"r051c022","latitude":59.773731,"longitude":10.490854},"geometry":{"type":"Polygon","coordinates":[[[10.487724,59.772239],[10.493984,59.772239],[10.493984,59.775224],[10.487724,59.775224],[10.487724,59.772239]]]}},{"type":"Feature","properties":{"cell_id":"r051c023","latitude":59.773731,"longitude":10.497114},"geometry":{"type":"Polygon","coordinates":[[[10.493984,59.772239],[10.500244,59.772239],[10.500244,59.775224],[10.493984,59.775224],[10.493984,59.772239]]]}},{"type":"Feature","properties":{"cell_id":"r051c071","latitude":59.773731,"longitude":10.797602},"geometry":{"type":"Polygon","coordinates":[[[10.794472,59.772239],[10.800732,59.772239],[10.800732,59.775224],[10.794472,59.775224],[10.794472,59.772239]]]}},{"type":"Feature","properties":{"cell_id":"r051c072","latitude":59.773731,"longitude":10.803862},"geometry":{"type":"Polygon","coordinates":[[[10.800732,59.772239],[10.806992,59.772239],[10.806992,59.775224],[10.800732,59.775224],[10.800732,59.772239]]]}},{"type":"Feature","properties":{"cell_id":"r051c073","latitude":59.773731,"longitude":10.810122},"geometry":{"type":"Polygon","coordinates":[[[10.806992,59.772239],[10.813252,59.772239],[10.813252,59.775224],[10.806992,59.775224],[10.806992,59.772239]]]}},{"type":"Feature","properties":{"cell_id":"r051c074","latitude":59.773731,"longitude":10.816382},"geometry":{"type":"Polygon","coordinates":[[[10.813252,59.772239],[10.819512,59.772239],[10.819512,59.775224],[10.813252,59.775224],[10.813252,59.772239]]]}},{"type":"Feature","properties":{"cell_id":"r051c078","latitude":59.773731,"longitude":10.841423},"geometry":{"type":"Polygon","coordinates":[[[10.838293,59.772239],[10.844553,59.772239],[10.844553,59.775224],[10.838293,59.775224],[10.838293,59.772239]]]}},{"type":"Feature","properties":{"cell_id":"r051c079","latitude":59.773731,"longitude":10.847683},"geometry":{"type":"Polygon","coordinates":[[[10.844553,59.772239],[10.850813,59.772239],[10.850813,59.775224],[10.844553,59.775224],[10.844553,59.772239]]]}},{"type":"Feature","properties":{"cell_id":"r051c080","latitude":59.773731,"longitude":10.853943},"geometry":{"type":"Polygon","coordinates":[[[10.850813,59.772239],[10.857073,59.772239],[10.857073,59.775224],[10.850813,59.775224],[10.850813,59.772239]]]}},{"type":"Feature","properties":{"cell_id":"r052c012","latitude":59.776716,"longitude":10.428252},"geometry":{"type":"Polygon","coordinates":[[[10.425122,59.775224],[10.431382,59.775224],[10.431382,59.778209],[10.425122,59.778209],[10.425122,59.775224]]]}},{"type":"Feature","properties":{"cell_id":"r052c020","latitude":59.776716,"longitude":10.478333},"geometry":{"type":"Polygon","coordinates":[[[10.475203,59.775224],[10.481463,59.775224],[10.481463,59.778209],[10.475203,59.778209],[10.475203,59.775224]]]}},{"type":"Feature","properties":{"cell_id":"r052c021","latitude":59.776716,"longitude":10.484593},"geometry":{"type":"Polygon","coordinates":[[[10.481463,59.775224],[10.487724,59.775224],[10.487724,59.778209],[10.481463,59.778209],[10.481463,59.775224]]]}},{"type":"Feature","properties":{"cell_id":"r052c022","latitude":59.776716,"longitude":10.490854},"geometry":{"type":"Polygon","coordinates":[[[10.487724,59.775224],[10.493984,59.775224],[10.493984,59.778209],[10.487724,59.778209],[10.487724,59.775224]]]}},{"type":"Feature","properties":{"cell_id":"r052c023","latitude":59.776716,"longitude":10.497114},"geometry":{"type":"Polygon","coordinates":[[[10.493984,59.775224],[10.500244,59.775224],[10.500244,59.778209],[10.493984,59.778209],[10.493984,59.775224]]]}},{"type":"Feature","properties":{"cell_id":"r052c071","latitude":59.776716,"longitude":10.797602},"geometry":{"type":"Polygon","coordinates":[[[10.794472,59.775224],[10.800732,59.775224],[10.800732,59.778209],[10.794472,59.778209],[10.794472,59.775224]]]}},{"type":"Feature","properties":{"cell_id":"r052c072","latitude":59.776716,"longitude":10.803862},"geometry":{"type":"Polygon","coordinates":[[[10.800732,59.775224],[10.806992,59.775224],[10.806992,59.778209],[10.800732,59.778209],[10.800732,59.775224]]]}},{"type":"Feature","properties":{"cell_id":"r053c012","latitude":59.779701,"longitude":10.428252},"geometry":{"type":"Polygon","coordinates":[[[10.425122,59.778209],[10.431382,59.778209],[10.431382,59.781194],[10.425122,59.781194],[10.425122,59.778209]]]}},{"type":"Feature","properties":{"cell_id":"r053c014","latitude":59.779701,"longitude":10.440772},"geometry":{"type":"Polygon","coordinates":[[[10.437642,59.778209],[10.443902,59.778209],[10.443902,59.781194],[10.437642,59.781194],[10.437642,59.778209]]]}},{"type":"Feature","properties":{"cell_id":"r053c017","latitude":59.779701,"longitude":10.459553},"geometry":{"type":"Polygon","coordinates":[[[10.456423,59.778209],[10.462683,59.778209],[10.462683,59.781194],[10.456423,59.781194],[10.456423,59.778209]]]}},{"type":"Feature","properties":{"cell_id":"r053c022","latitude":59.779701,"longitude":10.490854},"geometry":{"type":"Polygon","coordinates":[[[10.487724,59.778209],[10.493984,59.778209],[10.493984,59.781194],[10.487724,59.781194],[10.487724,59.778209]]]}},{"type":"Feature","properties":{"cell_id":"r053c023","latitude":59.779701,"longitude":10.497114},"geometry":{"type":"Polygon","coordinates":[[[10.493984,59.778209],[10.500244,59.778209],[10.500244,59.781194],[10.493984,59.781194],[10.493984,59.778209]]]}},{"type":"Feature","properties":{"cell_id":"r053c070","latitude":59.779701,"longitude":10.791341},"geometry":{"type":"Polygon","coordinates":[[[10.788211,59.778209],[10.794472,59.778209],[10.794472,59.781194],[10.788211,59.781194],[10.788211,59.778209]]]}},{"type":"Feature","properties":{"cell_id":"r053c071","latitude":59.779701,"longitude":10.797602},"geometry":{"type":"Polygon","coordinates":[[[10.794472,59.778209],[10.800732,59.778209],[10.800732,59.781194],[10.794472,59.781194],[10.794472,59.778209]]]}},{"type":"Feature","properties":{"cell_id":"r053c072","latitude":59.779701,"longitude":10.803862},"geometry":{"type":"Polygon","coordinates":[[[10.800732,59.778209],[10.806992,59.778209],[10.806992,59.781194],[10.800732,59.781194],[10.800732,59.778209]]]}},{"type":"Feature","properties":{"cell_id":"r054c014","latitude":59.782687,"longitude":10.440772},"geometry":{"type":"Polygon","coordinates":[[[10.437642,59.781194],[10.443902,59.781194],[10.443902,59.784179],[10.437642,59.784179],[10.437642,59.781194]]]}},{"type":"Feature","properties":{"cell_id":"r054c015","latitude":59.782687,"longitude":10.447033},"geometry":{"type":"Polygon","coordinates":[[[10.443902,59.781194],[10.450163,59.781194],[10.450163,59.784179],[10.443902,59.784179],[10.443902,59.781194]]]}},{"type":"Feature","properties":{"cell_id":"r054c022","latitude":59.782687,"longitude":10.490854},"geometry":{"type":"Polygon","coordinates":[[[10.487724,59.781194],[10.493984,59.781194],[10.493984,59.784179],[10.487724,59.784179],[10.487724,59.781194]]]}},{"type":"Feature","properties":{"cell_id":"r054c023","latitude":59.782687,"longitude":10.497114},"geometry":{"type":"Polygon","coordinates":[[[10.493984,59.781194],[10.500244,59.781194],[10.500244,59.784179],[10.493984,59.784179],[10.493984,59.781194]]]}},{"type":"Feature","properties":{"cell_id":"r054c071","latitude":59.782687,"longitude":10.797602},"geometry":{"type":"Polygon","coordinates":[[[10.794472,59.781194],[10.800732,59.781194],[10.800732,59.784179],[10.794472,59.784179],[10.794472,59.781194]]]}},{"type":"Feature","properties":{"cell_id":"r054c072","latitude":59.782687,"longitude":10.803862},"geometry":{"type":"Polygon","coordinates":[[[10.800732,59.781194],[10.806992,59.781194],[10.806992,59.784179],[10.800732,59.784179],[10.800732,59.781194]]]}},{"type":"Feature","properties":{"cell_id":"r055c013","latitude":59.785672,"longitude":10.434512},"geometry":{"type":"Polygon","coordinates":[[[10.431382,59.784179],[10.437642,59.784179],[10.437642,59.787164],[10.431382,59.787164],[10.431382,59.784179]]]}},{"type":"Feature","properties":{"cell_id":"r055c014","latitude":59.785672,"longitude":10.440772},"geometry":{"type":"Polygon","coordinates":[[[10.437642,59.784179],[10.443902,59.784179],[10.443902,59.787164],[10.437642,59.787164],[10.437642,59.784179]]]}},{"type":"Feature","properties":{"cell_id":"r055c015","latitude":59.785672,"longitude":10.447033},"geometry":{"type":"Polygon","coordinates":[[[10.443902,59.784179],[10.450163,59.784179],[10.450163,59.787164],[10.443902,59.787164],[10.443902,59.784179]]]}},{"type":"Feature","properties":{"cell_id":"r055c019","latitude":59.785672,"longitude":10.472073},"geometry":{"type":"Polygon","coordinates":[[[10.468943,59.784179],[10.475203,59.784179],[10.475203,59.787164],[10.468943,59.787164],[10.468943,59.784179]]]}},{"type":"Feature","properties":{"cell_id":"r055c020","latitude":59.785672,"longitude":10.478333},"geometry":{"type":"Polygon","coordinates":[[[10.475203,59.784179],[10.481463,59.784179],[10.481463,59.787164],[10.475203,59.787164],[10.475203,59.784179]]]}},{"type":"Feature","properties":{"cell_id":"r055c021","latitude":59.785672,"longitude":10.484593},"geometry":{"type":"Polygon","coordinates":[[[10.481463,59.784179],[10.487724,59.784179],[10.487724,59.787164],[10.481463,59.787164],[10.481463,59.784179]]]}},{"type":"Feature","properties":{"cell_id":"r055c022","latitude":59.785672,"longitude":10.490854},"geometry":{"type":"Polygon","coordinates":[[[10.487724,59.784179],[10.493984,59.784179],[10.493984,59.787164],[10.487724,59.787164],[10.487724,59.784179]]]}},{"type":"Feature","properties":{"cell_id":"r055c023","latitude":59.785672,"longitude":10.497114},"geometry":{"type":"Polygon","coordinates":[[[10.493984,59.784179],[10.500244,59.784179],[10.500244,59.787164],[10.493984,59.787164],[10.493984,59.784179]]]}},{"type":"Feature","properties":{"cell_id":"r055c071","latitude":59.785672,"longitude":10.797602},"geometry":{"type":"Polygon","coordinates":[[[10.794472,59.784179],[10.800732,59.784179],[10.800732,59.787164],[10.794472,59.787164],[10.794472,59.784179]]]}},{"type":"Feature","properties":{"cell_id":"r056c013","latitude":59.788657,"longitude":10.434512},"geometry":{"type":"Polygon","coordinates":[[[10.431382,59.787164],[10.437642,59.787164],[10.437642,59.790149],[10.431382,59.790149],[10.431382,59.787164]]]}},{"type":"Feature","properties":{"cell_id":"r056c015","latitude":59.788657,"longitude":10.447033},"geometry":{"type":"Polygon","coordinates":[[[10.443902,59.787164],[10.450163,59.787164],[10.450163,59.790149],[10.443902,59.790149],[10.443902,59.787164]]]}},{"type":"Feature","properties":{"cell_id":"r056c019","latitude":59.788657,"longitude":10.472073},"geometry":{"type":"Polygon","coordinates":[[[10.468943,59.787164],[10.475203,59.787164],[10.475203,59.790149],[10.468943,59.790149],[10.468943,59.787164]]]}},{"type":"Feature","properties":{"cell_id":"r056c020","latitude":59.788657,"longitude":10.478333},"geometry":{"type":"Polygon","coordinates":[[[10.475203,59.787164],[10.481463,59.787164],[10.481463,59.790149],[10.475203,59.790149],[10.475203,59.787164]]]}},{"type":"Feature","properties":{"cell_id":"r056c021","latitude":59.788657,"longitude":10.484593},"geometry":{"type":"Polygon","coordinates":[[[10.481463,59.787164],[10.487724,59.787164],[10.487724,59.790149],[10.481463,59.790149],[10.481463,59.787164]]]}},{"type":"Feature","properties":{"cell_id":"r056c022","latitude":59.788657,"longitude":10.490854},"geometry":{"type":"Polygon","coordinates":[[[10.487724,59.787164],[10.493984,59.787164],[10.493984,59.790149],[10.487724,59.790149],[10.487724,59.787164]]]}},{"type":"Feature","properties":{"cell_id":"r056c023","latitude":59.788657,"longitude":10.497114},"geometry":{"type":"Polygon","coordinates":[[[10.493984,59.787164],[10.500244,59.787164],[10.500244,59.790149],[10.493984,59.790149],[10.493984,59.787164]]]}},{"type":"Feature","properties":{"cell_id":"r056c041","latitude":59.788657,"longitude":10.609797},"geometry":{"type":"Polygon","coordinates":[[[10.606667,59.787164],[10.612927,59.787164],[10.612927,59.790149],[10.606667,59.790149],[10.606667,59.787164]]]}},{"type":"Feature","properties":{"cell_id":"r056c071","latitude":59.788657,"longitude":10.797602},"geometry":{"type":"Polygon","coordinates":[[[10.794472,59.787164],[10.800732,59.787164],[10.800732,59.790149],[10.794472,59.790149],[10.794472,59.787164]]]}},{"type":"Feature","properties":{"cell_id":"r056c072","latitude":59.788657,"longitude":10.803862},"geometry":{"type":"Polygon","coordinates":[[[10.800732,59.787164],[10.806992,59.787164],[10.806992,59.790149],[10.800732,59.790149],[10.800732,59.787164]]]}},{"type":"Feature","properties":{"cell_id":"r056c073","latitude":59.788657,"longitude":10.810122},"geometry":{"type":"Polygon","coordinates":[[[10.806992,59.787164],[10.813252,59.787164],[10.813252,59.790149],[10.806992,59.790149],[10.806992,59.787164]]]}},{"type":"Feature","properties":{"cell_id":"r056c074","latitude":59.788657,"longitude":10.816382},"geometry":{"type":"Polygon","coordinates":[[[10.813252,59.787164],[10.819512,59.787164],[10.819512,59.790149],[10.813252,59.790149],[10.813252,59.787164]]]}},{"type":"Feature","properties":{"cell_id":"r056c087","latitude":59.788657,"longitude":10.897764},"geometry":{"type":"Polygon","coordinates":[[[10.894634,59.787164],[10.900894,59.787164],[10.900894,59.790149],[10.894634,59.790149],[10.894634,59.787164]]]}},{"type":"Feature","properties":{"cell_id":"r057c013","latitude":59.791642,"longitude":10.434512},"geometry":{"type":"Polygon","coordinates":[[[10.431382,59.790149],[10.437642,59.790149],[10.437642,59.793134],[10.431382,59.793134],[10.431382,59.790149]]]}},{"type":"Feature","properties":{"cell_id":"r057c014","latitude":59.791642,"longitude":10.440772},"geometry":{"type":"Polygon","coordinates":[[[10.437642,59.790149],[10.443902,59.790149],[10.443902,59.793134],[10.437642,59.793134],[10.437642,59.790149]]]}},{"type":"Feature","properties":{"cell_id":"r057c015","latitude":59.791642,"longitude":10.447033},"geometry":{"type":"Polygon","coordinates":[[[10.443902,59.790149],[10.450163,59.790149],[10.450163,59.793134],[10.443902,59.793134],[10.443902,59.790149]]]}},{"type":"Feature","properties":{"cell_id":"r057c017","latitude":59.791642,"longitude":10.459553},"geometry":{"type":"Polygon","coordinates":[[[10.456423,59.790149],[10.462683,59.790149],[10.462683,59.793134],[10.456423,59.793134],[10.456423,59.790149]]]}},{"type":"Feature","properties":{"cell_id":"r057c018","latitude":59.791642,"longitude":10.465813},"geometry":{"type":"Polygon","coordinates":[[[10.462683,59.790149],[10.468943,59.790149],[10.468943,59.793134],[10.462683,59.793134],[10.462683,59.790149]]]}},{"type":"Feature","properties":{"cell_id":"r057c021","latitude":59.791642,"longitude":10.484593},"geometry":{"type":"Polygon","coordinates":[[[10.481463,59.790149],[10.487724,59.790149],[10.487724,59.793134],[10.481463,59.793134],[10.481463,59.790149]]]}},{"type":"Feature","properties":{"cell_id":"r057c022","latitude":59.791642,"longitude":10.490854},"geometry":{"type":"Polygon","coordinates":[[[10.487724,59.790149],[10.493984,59.790149],[10.493984,59.793134],[10.487724,59.793134],[10.487724,59.790149]]]}},{"type":"Feature","properties":{"cell_id":"r057c041","latitude":59.791642,"longitude":10.609797},"geometry":{"type":"Polygon","coordinates":[[[10.606667,59.790149],[10.612927,59.790149],[10.612927,59.793134],[10.606667,59.793134],[10.606667,59.790149]]]}},{"type":"Feature","properties":{"cell_id":"r057c055","latitude":59.791642,"longitude":10.697439},"geometry":{"type":"Polygon","coordinates":[[[10.694309,59.790149],[10.700569,59.790149],[10.700569,59.793134],[10.694309,59.793134],[10.694309,59.790149]]]}},{"type":"Feature","properties":{"cell_id":"r057c073","latitude":59.791642,"longitude":10.810122},"geometry":{"type":"Polygon","coordinates":[[[10.806992,59.790149],[10.813252,59.790149],[10.813252,59.793134],[10.806992,59.793134],[10.806992,59.790149]]]}},{"type":"Feature","properties":{"cell_id":"r057c074","latitude":59.791642,"longitude":10.816382},"geometry":{"type":"Polygon","coordinates":[[[10.813252,59.790149],[10.819512,59.790149],[10.819512,59.793134],[10.813252,59.793134],[10.813252,59.790149]]]}},{"type":"Feature","properties":{"cell_id":"r057c084","latitude":59.791642,"longitude":10.878984},"geometry":{"type":"Polygon","coordinates":[[[10.875854,59.790149],[10.882114,59.790149],[10.882114,59.793134],[10.875854,59.793134],[10.875854,59.790149]]]}},{"type":"Feature","properties":{"cell_id":"r057c085","latitude":59.791642,"longitude":10.885244},"geometry":{"type":"Polygon","coordinates":[[[10.882114,59.790149],[10.888374,59.790149],[10.888374,59.793134],[10.882114,59.793134],[10.882114,59.790149]]]}},{"type":"Feature","properties":{"cell_id":"r057c086","latitude":59.791642,"longitude":10.891504},"geometry":{"type":"Polygon","coordinates":[[[10.888374,59.790149],[10.894634,59.790149],[10.894634,59.793134],[10.888374,59.793134],[10.888374,59.790149]]]}},{"type":"Feature","properties":{"cell_id":"r058c011","latitude":59.794627,"longitude":10.421992},"geometry":{"type":"Polygon","coordinates":[[[10.418862,59.793134],[10.425122,59.793134],[10.425122,59.796119],[10.418862,59.796119],[10.418862,59.793134]]]}},{"type":"Feature","properties":{"cell_id":"r058c012","latitude":59.794627,"longitude":10.428252},"geometry":{"type":"Polygon","coordinates":[[[10.425122,59.793134],[10.431382,59.793134],[10.431382,59.796119],[10.425122,59.796119],[10.425122,59.793134]]]}},{"type":"Feature","properties":{"cell_id":"r058c021","latitude":59.794627,"longitude":10.484593},"geometry":{"type":"Polygon","coordinates":[[[10.481463,59.793134],[10.487724,59.793134],[10.487724,59.796119],[10.481463,59.796119],[10.481463,59.793134]]]}},{"type":"Feature","properties":{"cell_id":"r058c022","latitude":59.794627,"longitude":10.490854},"geometry":{"type":"Polygon","coordinates":[[[10.487724,59.793134],[10.493984,59.793134],[10.493984,59.796119],[10.487724,59.796119],[10.487724,59.793134]]]}},{"type":"Feature","properties":{"cell_id":"r058c041","latitude":59.794627,"longitude":10.609797},"geometry":{"type":"Polygon","coordinates":[[[10.606667,59.793134],[10.612927,59.793134],[10.612927,59.796119],[10.606667,59.796119],[10.606667,59.793134]]]}},{"type":"Feature","properties":{"cell_id":"r058c042","latitude":59.794627,"longitude":10.616057},"geometry":{"type":"Polygon","coordinates":[[[10.612927,59.793134],[10.619187,59.793134],[10.619187,59.796119],[10.612927,59.796119],[10.612927,59.793134]]]}},{"type":"Feature","properties":{"cell_id":"r058c072","latitude":59.794627,"longitude":10.803862},"geometry":{"type":"Polygon","coordinates":[[[10.800732,59.793134],[10.806992,59.793134],[10.806992,59.796119],[10.800732,59.796119],[10.800732,59.793134]]]}},{"type":"Feature","properties":{"cell_id":"r058c073","latitude":59.794627,"longitude":10.810122},"geometry":{"type":"Polygon","coordinates":[[[10.806992,59.793134],[10.813252,59.793134],[10.813252,59.796119],[10.806992,59.796119],[10.806992,59.793134]]]}},{"type":"Feature","properties":{"cell_id":"r058c074","latitude":59.794627,"longitude":10.816382},"geometry":{"type":"Polygon","coordinates":[[[10.813252,59.793134],[10.819512,59.793134],[10.819512,59.796119],[10.813252,59.796119],[10.813252,59.793134]]]}},{"type":"Feature","properties":{"cell_id":"r058c075","latitude":59.794627,"longitude":10.822642},"geometry":{"type":"Polygon","coordinates":[[[10.819512,59.793134],[10.825772,59.793134],[10.825772,59.796119],[10.819512,59.796119],[10.819512,59.793134]]]}},{"type":"Feature","properties":{"cell_id":"r059c012","latitude":59.797612,"longitude":10.428252},"geometry":{"type":"Polygon","coordinates":[[[10.425122,59.796119],[10.431382,59.796119],[10.431382,59.799104],[10.425122,59.799104],[10.425122,59.796119]]]}},{"type":"Feature","properties":{"cell_id":"r059c016","latitude":59.797612,"longitude":10.453293},"geometry":{"type":"Polygon","coordinates":[[[10.450163,59.796119],[10.456423,59.796119],[10.456423,59.799104],[10.450163,59.799104],[10.450163,59.796119]]]}},{"type":"Feature","properties":{"cell_id":"r059c022","latitude":59.797612,"longitude":10.490854},"geometry":{"type":"Polygon","coordinates":[[[10.487724,59.796119],[10.493984,59.796119],[10.493984,59.799104],[10.487724,59.799104],[10.487724,59.796119]]]}},{"type":"Feature","properties":{"cell_id":"r059c023","latitude":59.797612,"longitude":10.497114},"geometry":{"type":"Polygon","coordinates":[[[10.493984,59.796119],[10.500244,59.796119],[10.500244,59.799104],[10.493984,59.799104],[10.493984,59.796119]]]}},{"type":"Feature","properties":{"cell_id":"r059c042","latitude":59.797612,"longitude":10.616057},"geometry":{"type":"Polygon","coordinates":[[[10.612927,59.796119],[10.619187,59.796119],[10.619187,59.799104],[10.612927,59.799104],[10.612927,59.796119]]]}},{"type":"Feature","properties":{"cell_id":"r059c043","latitude":59.797612,"longitude":10.622317},"geometry":{"type":"Polygon","coordinates":[[[10.619187,59.796119],[10.625447,59.796119],[10.625447,59.799104],[10.619187,59.799104],[10.619187,59.796119]]]}},{"type":"Feature","properties":{"cell_id":"r059c044","latitude":59.797612,"longitude":10.628577},"geometry":{"type":"Polygon","coordinates":[[[10.625447,59.796119],[10.631707,59.796119],[10.631707,59.799104],[10.625447,59.799104],[10.625447,59.796119]]]}},{"type":"Feature","properties":{"cell_id":"r059c072","latitude":59.797612,"longitude":10.803862},"geometry":{"type":"Polygon","coordinates":[[[10.800732,59.796119],[10.806992,59.796119],[10.806992,59.799104],[10.800732,59.799104],[10.800732,59.796119]]]}},{"type":"Feature","properties":{"cell_id":"r059c073","latitude":59.797612,"longitude":10.810122},"geometry":{"type":"Polygon","coordinates":[[[10.806992,59.796119],[10.813252,59.796119],[10.813252,59.799104],[10.806992,59.799104],[10.806992,59.796119]]]}},{"type":"Feature","properties":{"cell_id":"r059c074","latitude":59.797612,"longitude":10.816382},"geometry":{"type":"Polygon","coordinates":[[[10.813252,59.796119],[10.819512,59.796119],[10.819512,59.799104],[10.813252,59.799104],[10.813252,59.796119]]]}},{"type":"Feature","properties":{"cell_id":"r059c075","latitude":59.797612,"longitude":10.822642},"geometry":{"type":"Polygon","coordinates":[[[10.819512,59.796119],[10.825772,59.796119],[10.825772,59.799104],[10.819512,59.799104],[10.819512,59.796119]]]}},{"type":"Feature","properties":{"cell_id":"r060c021","latitude":59.800597,"longitude":10.484593},"geometry":{"type":"Polygon","coordinates":[[[10.481463,59.799104],[10.487724,59.799104],[10.487724,59.80209],[10.481463,59.80209],[10.481463,59.799104]]]}},{"type":"Feature","properties":{"cell_id":"r060c022","latitude":59.800597,"longitude":10.490854},"geometry":{"type":"Polygon","coordinates":[[[10.487724,59.799104],[10.493984,59.799104],[10.493984,59.80209],[10.487724,59.80209],[10.487724,59.799104]]]}},{"type":"Feature","properties":{"cell_id":"r060c042","latitude":59.800597,"longitude":10.616057},"geometry":{"type":"Polygon","coordinates":[[[10.612927,59.799104],[10.619187,59.799104],[10.619187,59.80209],[10.612927,59.80209],[10.612927,59.799104]]]}},{"type":"Feature","properties":{"cell_id":"r060c043","latitude":59.800597,"longitude":10.622317},"geometry":{"type":"Polygon","coordinates":[[[10.619187,59.799104],[10.625447,59.799104],[10.625447,59.80209],[10.619187,59.80209],[10.619187,59.799104]]]}},{"type":"Feature","properties":{"cell_id":"r060c054","latitude":59.800597,"longitude":10.691179},"geometry":{"type":"Polygon","coordinates":[[[10.688049,59.799104],[10.694309,59.799104],[10.694309,59.80209],[10.688049,59.80209],[10.688049,59.799104]]]}},{"type":"Feature","properties":{"cell_id":"r060c072","latitude":59.800597,"longitude":10.803862},"geometry":{"type":"Polygon","coordinates":[[[10.800732,59.799104],[10.806992,59.799104],[10.806992,59.80209],[10.800732,59.80209],[10.800732,59.799104]]]}},{"type":"Feature","properties":{"cell_id":"r060c073","latitude":59.800597,"longitude":10.810122},"geometry":{"type":"Polygon","coordinates":[[[10.806992,59.799104],[10.813252,59.799104],[10.813252,59.80209],[10.806992,59.80209],[10.806992,59.799104]]]}},{"type":"Feature","properties":{"cell_id":"r060c074","latitude":59.800597,"longitude":10.816382},"geometry":{"type":"Polygon","coordinates":[[[10.813252,59.799104],[10.819512,59.799104],[10.819512,59.80209],[10.813252,59.80209],[10.813252,59.799104]]]}},{"type":"Feature","properties":{"cell_id":"r060c075","latitude":59.800597,"longitude":10.822642},"geometry":{"type":"Polygon","coordinates":[[[10.819512,59.799104],[10.825772,59.799104],[10.825772,59.80209],[10.819512,59.80209],[10.819512,59.799104]]]}},{"type":"Feature","properties":{"cell_id":"r061c003","latitude":59.803582,"longitude":10.371911},"geometry":{"type":"Polygon","coordinates":[[[10.36878,59.80209],[10.375041,59.80209],[10.375041,59.805075],[10.36878,59.805075],[10.36878,59.80209]]]}},{"type":"Feature","properties":{"cell_id":"r061c019","latitude":59.803582,"longitude":10.472073},"geometry":{"type":"Polygon","coordinates":[[[10.468943,59.80209],[10.475203,59.80209],[10.475203,59.805075],[10.468943,59.805075],[10.468943,59.80209]]]}},{"type":"Feature","properties":{"cell_id":"r061c020","latitude":59.803582,"longitude":10.478333},"geometry":{"type":"Polygon","coordinates":[[[10.475203,59.80209],[10.481463,59.80209],[10.481463,59.805075],[10.475203,59.805075],[10.475203,59.80209]]]}},{"type":"Feature","properties":{"cell_id":"r061c021","latitude":59.803582,"longitude":10.484593},"geometry":{"type":"Polygon","coordinates":[[[10.481463,59.80209],[10.487724,59.80209],[10.487724,59.805075],[10.481463,59.805075],[10.481463,59.80209]]]}},{"type":"Feature","properties":{"cell_id":"r061c043","latitude":59.803582,"longitude":10.622317},"geometry":{"type":"Polygon","coordinates":[[[10.619187,59.80209],[10.625447,59.80209],[10.625447,59.805075],[10.619187,59.805075],[10.619187,59.80209]]]}},{"type":"Feature","properties":{"cell_id":"r061c052","latitude":59.803582,"longitude":10.678659},"geometry":{"type":"Polygon","coordinates":[[[10.675528,59.80209],[10.681789,59.80209],[10.681789,59.805075],[10.675528,59.805075],[10.675528,59.80209]]]}},{"type":"Feature","properties":{"cell_id":"r061c053","latitude":59.803582,"longitude":10.684919},"geometry":{"type":"Polygon","coordinates":[[[10.681789,59.80209],[10.688049,59.80209],[10.688049,59.805075],[10.681789,59.805075],[10.681789,59.80209]]]}},{"type":"Feature","properties":{"cell_id":"r061c069","latitude":59.803582,"longitude":10.785081},"geometry":{"type":"Polygon","coordinates":[[[10.781951,59.80209],[10.788211,59.80209],[10.788211,59.805075],[10.781951,59.805075],[10.781951,59.80209]]]}},{"type":"Feature","properties":{"cell_id":"r061c070","latitude":59.803582,"longitude":10.791341},"geometry":{"type":"Polygon","coordinates":[[[10.788211,59.80209],[10.794472,59.80209],[10.794472,59.805075],[10.788211,59.805075],[10.788211,59.80209]]]}},{"type":"Feature","properties":{"cell_id":"r061c072","latitude":59.803582,"longitude":10.803862},"geometry":{"type":"Polygon","coordinates":[[[10.800732,59.80209],[10.806992,59.80209],[10.806992,59.805075],[10.800732,59.805075],[10.800732,59.80209]]]}},{"type":"Feature","properties":{"cell_id":"r061c073","latitude":59.803582,"longitude":10.810122},"geometry":{"type":"Polygon","coordinates":[[[10.806992,59.80209],[10.813252,59.80209],[10.813252,59.805075],[10.806992,59.805075],[10.806992,59.80209]]]}},{"type":"Feature","properties":{"cell_id":"r061c074","latitude":59.803582,"longitude":10.816382},"geometry":{"type":"Polygon","coordinates":[[[10.813252,59.80209],[10.819512,59.80209],[10.819512,59.805075],[10.813252,59.805075],[10.813252,59.80209]]]}},{"type":"Feature","properties":{"cell_id":"r061c075","latitude":59.803582,"longitude":10.822642},"geometry":{"type":"Polygon","coordinates":[[[10.819512,59.80209],[10.825772,59.80209],[10.825772,59.805075],[10.819512,59.805075],[10.819512,59.80209]]]}},{"type":"Feature","properties":{"cell_id":"r062c003","latitude":59.806567,"longitude":10.371911},"geometry":{"type":"Polygon","coordinates":[[[10.36878,59.805075],[10.375041,59.805075],[10.375041,59.80806],[10.36878,59.80806],[10.36878,59.805075]]]}},{"type":"Feature","properties":{"cell_id":"r062c004","latitude":59.806567,"longitude":10.378171},"geometry":{"type":"Polygon","coordinates":[[[10.375041,59.805075],[10.381301,59.805075],[10.381301,59.80806],[10.375041,59.80806],[10.375041,59.805075]]]}},{"type":"Feature","properties":{"cell_id":"r062c014","latitude":59.806567,"longitude":10.440772},"geometry":{"type":"Polygon","coordinates":[[[10.437642,59.805075],[10.443902,59.805075],[10.443902,59.80806],[10.437642,59.80806],[10.437642,59.805075]]]}},{"type":"Feature","properties":{"cell_id":"r062c018","latitude":59.806567,"longitude":10.465813},"geometry":{"type":"Polygon","coordinates":[[[10.462683,59.805075],[10.468943,59.805075],[10.468943,59.80806],[10.462683,59.80806],[10.462683,59.805075]]]}},{"type":"Feature","properties":{"cell_id":"r062c019","latitude":59.806567,"longitude":10.472073},"geometry":{"type":"Polygon","coordinates":[[[10.468943,59.805075],[10.475203,59.805075],[10.475203,59.80806],[10.468943,59.80806],[10.468943,59.805075]]]}},{"type":"Feature","properties":{"cell_id":"r062c020","latitude":59.806567,"longitude":10.478333},"geometry":{"type":"Polygon","coordinates":[[[10.475203,59.805075],[10.481463,59.805075],[10.481463,59.80806],[10.475203,59.80806],[10.475203,59.805075]]]}},{"type":"Feature","properties":{"cell_id":"r062c021","latitude":59.806567,"longitude":10.484593},"geometry":{"type":"Polygon","coordinates":[[[10.481463,59.805075],[10.487724,59.805075],[10.487724,59.80806],[10.481463,59.80806],[10.481463,59.805075]]]}},{"type":"Feature","properties":{"cell_id":"r062c022","latitude":59.806567,"longitude":10.490854},"geometry":{"type":"Polygon","coordinates":[[[10.487724,59.805075],[10.493984,59.805075],[10.493984,59.80806],[10.487724,59.80806],[10.487724,59.805075]]]}},{"type":"Feature","properties":{"cell_id":"r062c053","latitude":59.806567,"longitude":10.684919},"geometry":{"type":"Polygon","coordinates":[[[10.681789,59.805075],[10.688049,59.805075],[10.688049,59.80806],[10.681789,59.80806],[10.681789,59.805075]]]}},{"type":"Feature","properties":{"cell_id":"r062c069","latitude":59.806567,"longitude":10.785081},"geometry":{"type":"Polygon","coordinates":[[[10.781951,59.805075],[10.788211,59.805075],[10.788211,59.80806],[10.781951,59.80806],[10.781951,59.805075]]]}},{"type":"Feature","properties":{"cell_id":"r062c070","latitude":59.806567,"longitude":10.791341},"geometry":{"type":"Polygon","coordinates":[[[10.788211,59.805075],[10.794472,59.805075],[10.794472,59.80806],[10.788211,59.80806],[10.788211,59.805075]]]}},{"type":"Feature","properties":{"cell_id":"r062c071","latitude":59.806567,"longitude":10.797602},"geometry":{"type":"Polygon","coordinates":[[[10.794472,59.805075],[10.800732,59.805075],[10.800732,59.80806],[10.794472,59.80806],[10.794472,59.805075]]]}},{"type":"Feature","properties":{"cell_id":"r062c073","latitude":59.806567,"longitude":10.810122},"geometry":{"type":"Polygon","coordinates":[[[10.806992,59.805075],[10.813252,59.805075],[10.813252,59.80806],[10.806992,59.80806],[10.806992,59.805075]]]}},{"type":"Feature","properties":{"cell_id":"r062c074","latitude":59.806567,"longitude":10.816382},"geometry":{"type":"Polygon","coordinates":[[[10.813252,59.805075],[10.819512,59.805075],[10.819512,59.80806],[10.813252,59.80806],[10.813252,59.805075]]]}},{"type":"Feature","properties":{"cell_id":"r063c001","latitude":59.809552,"longitude":10.35939},"geometry":{"type":"Polygon","coordinates":[[[10.35626,59.80806],[10.36252,59.80806],[10.36252,59.811045],[10.35626,59.811045],[10.35626,59.80806]]]}},{"type":"Feature","properties":{"cell_id":"r063c014","latitude":59.809552,"longitude":10.440772},"geometry":{"type":"Polygon","coordinates":[[[10.437642,59.80806],[10.443902,59.80806],[10.443902,59.811045],[10.437642,59.811045],[10.437642,59.80806]]]}},{"type":"Feature","properties":{"cell_id":"r063c015","latitude":59.809552,"longitude":10.447033},"geometry":{"type":"Polygon","coordinates":[[[10.443902,59.80806],[10.450163,59.80806],[10.450163,59.811045],[10.443902,59.811045],[10.443902,59.80806]]]}},{"type":"Feature","properties":{"cell_id":"r063c016","latitude":59.809552,"longitude":10.453293},"geometry":{"type":"Polygon","coordinates":[[[10.450163,59.80806],[10.456423,59.80806],[10.456423,59.811045],[10.450163,59.811045],[10.450163,59.80806]]]}},{"type":"Feature","properties":{"cell_id":"r063c019","latitude":59.809552,"longitude":10.472073},"geometry":{"type":"Polygon","coordinates":[[[10.468943,59.80806],[10.475203,59.80806],[10.475203,59.811045],[10.468943,59.811045],[10.468943,59.80806]]]}},{"type":"Feature","properties":{"cell_id":"r063c020","latitude":59.809552,"longitude":10.478333},"geometry":{"type":"Polygon","coordinates":[[[10.475203,59.80806],[10.481463,59.80806],[10.481463,59.811045],[10.475203,59.811045],[10.475203,59.80806]]]}},{"type":"Feature","properties":{"cell_id":"r063c021","latitude":59.809552,"longitude":10.484593},"geometry":{"type":"Polygon","coordinates":[[[10.481463,59.80806],[10.487724,59.80806],[10.487724,59.811045],[10.481463,59.811045],[10.481463,59.80806]]]}},{"type":"Feature","properties":{"cell_id":"r063c053","latitude":59.809552,"longitude":10.684919},"geometry":{"type":"Polygon","coordinates":[[[10.681789,59.80806],[10.688049,59.80806],[10.688049,59.811045],[10.681789,59.811045],[10.681789,59.80806]]]}},{"type":"Feature","properties":{"cell_id":"r063c054","latitude":59.809552,"longitude":10.691179},"geometry":{"type":"Polygon","coordinates":[[[10.688049,59.80806],[10.694309,59.80806],[10.694309,59.811045],[10.688049,59.811045],[10.688049,59.80806]]]}},{"type":"Feature","properties":{"cell_id":"r063c069","latitude":59.809552,"longitude":10.785081},"geometry":{"type":"Polygon","coordinates":[[[10.781951,59.80806],[10.788211,59.80806],[10.788211,59.811045],[10.781951,59.811045],[10.781951,59.80806]]]}},{"type":"Feature","properties":{"cell_id":"r063c070","latitude":59.809552,"longitude":10.791341},"geometry":{"type":"Polygon","coordinates":[[[10.788211,59.80806],[10.794472,59.80806],[10.794472,59.811045],[10.788211,59.811045],[10.788211,59.80806]]]}},{"type":"Feature","properties":{"cell_id":"r063c071","latitude":59.809552,"longitude":10.797602},"geometry":{"type":"Polygon","coordinates":[[[10.794472,59.80806],[10.800732,59.80806],[10.800732,59.811045],[10.794472,59.811045],[10.794472,59.80806]]]}},{"type":"Feature","properties":{"cell_id":"r063c072","latitude":59.809552,"longitude":10.803862},"geometry":{"type":"Polygon","coordinates":[[[10.800732,59.80806],[10.806992,59.80806],[10.806992,59.811045],[10.800732,59.811045],[10.800732,59.80806]]]}},{"type":"Feature","properties":{"cell_id":"r063c073","latitude":59.809552,"longitude":10.810122},"geometry":{"type":"Polygon","coordinates":[[[10.806992,59.80806],[10.813252,59.80806],[10.813252,59.811045],[10.806992,59.811045],[10.806992,59.80806]]]}},{"type":"Feature","properties":{"cell_id":"r063c074","latitude":59.809552,"longitude":10.816382},"geometry":{"type":"Polygon","coordinates":[[[10.813252,59.80806],[10.819512,59.80806],[10.819512,59.811045],[10.813252,59.811045],[10.813252,59.80806]]]}},{"type":"Feature","properties":{"cell_id":"r063c075","latitude":59.809552,"longitude":10.822642},"geometry":{"type":"Polygon","coordinates":[[[10.819512,59.80806],[10.825772,59.80806],[10.825772,59.811045],[10.819512,59.811045],[10.819512,59.80806]]]}},{"type":"Feature","properties":{"cell_id":"r064c001","latitude":59.812537,"longitude":10.35939},"geometry":{"type":"Polygon","coordinates":[[[10.35626,59.811045],[10.36252,59.811045],[10.36252,59.81403],[10.35626,59.81403],[10.35626,59.811045]]]}},{"type":"Feature","properties":{"cell_id":"r064c014","latitude":59.812537,"longitude":10.440772},"geometry":{"type":"Polygon","coordinates":[[[10.437642,59.811045],[10.443902,59.811045],[10.443902,59.81403],[10.437642,59.81403],[10.437642,59.811045]]]}},{"type":"Feature","properties":{"cell_id":"r064c015","latitude":59.812537,"longitude":10.447033},"geometry":{"type":"Polygon","coordinates":[[[10.443902,59.811045],[10.450163,59.811045],[10.450163,59.81403],[10.443902,59.81403],[10.443902,59.811045]]]}},{"type":"Feature","properties":{"cell_id":"r064c016","latitude":59.812537,"longitude":10.453293},"geometry":{"type":"Polygon","coordinates":[[[10.450163,59.811045],[10.456423,59.811045],[10.456423,59.81403],[10.450163,59.81403],[10.450163,59.811045]]]}},{"type":"Feature","properties":{"cell_id":"r064c017","latitude":59.812537,"longitude":10.459553},"geometry":{"type":"Polygon","coordinates":[[[10.456423,59.811045],[10.462683,59.811045],[10.462683,59.81403],[10.456423,59.81403],[10.456423,59.811045]]]}},{"type":"Feature","properties":{"cell_id":"r064c018","latitude":59.812537,"longitude":10.465813},"geometry":{"type":"Polygon","coordinates":[[[10.462683,59.811045],[10.468943,59.811045],[10.468943,59.81403],[10.462683,59.81403],[10.462683,59.811045]]]}},{"type":"Feature","properties":{"cell_id":"r064c019","latitude":59.812537,"longitude":10.472073},"geometry":{"type":"Polygon","coordinates":[[[10.468943,59.811045],[10.475203,59.811045],[10.475203,59.81403],[10.468943,59.81403],[10.468943,59.811045]]]}},{"type":"Feature","properties":{"cell_id":"r064c020","latitude":59.812537,"longitude":10.478333},"geometry":{"type":"Polygon","coordinates":[[[10.475203,59.811045],[10.481463,59.811045],[10.481463,59.81403],[10.475203,59.81403],[10.475203,59.811045]]]}},{"type":"Feature","properties":{"cell_id":"r064c021","latitude":59.812537,"longitude":10.484593},"geometry":{"type":"Polygon","coordinates":[[[10.481463,59.811045],[10.487724,59.811045],[10.487724,59.81403],[10.481463,59.81403],[10.481463,59.811045]]]}},{"type":"Feature","properties":{"cell_id":"r064c068","latitude":59.812537,"longitude":10.778821},"geometry":{"type":"Polygon","coordinates":[[[10.775691,59.811045],[10.781951,59.811045],[10.781951,59.81403],[10.775691,59.81403],[10.775691,59.811045]]]}},{"type":"Feature","properties":{"cell_id":"r064c069","latitude":59.812537,"longitude":10.785081},"geometry":{"type":"Polygon","coordinates":[[[10.781951,59.811045],[10.788211,59.811045],[10.788211,59.81403],[10.781951,59.81403],[10.781951,59.811045]]]}},{"type":"Feature","properties":{"cell_id":"r064c070","latitude":59.812537,"longitude":10.791341},"geometry":{"type":"Polygon","coordinates":[[[10.788211,59.811045],[10.794472,59.811045],[10.794472,59.81403],[10.788211,59.81403],[10.788211,59.811045]]]}},{"type":"Feature","properties":{"cell_id":"r064c071","latitude":59.812537,"longitude":10.797602},"geometry":{"type":"Polygon","coordinates":[[[10.794472,59.811045],[10.800732,59.811045],[10.800732,59.81403],[10.794472,59.81403],[10.794472,59.811045]]]}},{"type":"Feature","properties":{"cell_id":"r064c072","latitude":59.812537,"longitude":10.803862},"geometry":{"type":"Polygon","coordinates":[[[10.800732,59.811045],[10.806992,59.811045],[10.806992,59.81403],[10.800732,59.81403],[10.800732,59.811045]]]}},{"type":"Feature","properties":{"cell_id":"r064c073","latitude":59.812537,"longitude":10.810122},"geometry":{"type":"Polygon","coordinates":[[[10.806992,59.811045],[10.813252,59.811045],[10.813252,59.81403],[10.806992,59.81403],[10.806992,59.811045]]]}},{"type":"Feature","properties":{"cell_id":"r064c074","latitude":59.812537,"longitude":10.816382},"geometry":{"type":"Polygon","coordinates":[[[10.813252,59.811045],[10.819512,59.811045],[10.819512,59.81403],[10.813252,59.81403],[10.813252,59.811045]]]}},{"type":"Feature","properties":{"cell_id":"r064c075","latitude":59.812537,"longitude":10.822642},"geometry":{"type":"Polygon","coordinates":[[[10.819512,59.811045],[10.825772,59.811045],[10.825772,59.81403],[10.819512,59.81403],[10.819512,59.811045]]]}},{"type":"Feature","properties":{"cell_id":"r065c001","latitude":59.815522,"longitude":10.35939},"geometry":{"type":"Polygon","coordinates":[[[10.35626,59.81403],[10.36252,59.81403],[10.36252,59.817015],[10.35626,59.817015],[10.35626,59.81403]]]}},{"type":"Feature","properties":{"cell_id":"r065c004","latitude":59.815522,"longitude":10.378171},"geometry":{"type":"Polygon","coordinates":[[[10.375041,59.81403],[10.381301,59.81403],[10.381301,59.817015],[10.375041,59.817015],[10.375041,59.81403]]]}},{"type":"Feature","properties":{"cell_id":"r065c012","latitude":59.815522,"longitude":10.428252},"geometry":{"type":"Polygon","coordinates":[[[10.425122,59.81403],[10.431382,59.81403],[10.431382,59.817015],[10.425122,59.817015],[10.425122,59.81403]]]}},{"type":"Feature","properties":{"cell_id":"r065c013","latitude":59.815522,"longitude":10.434512},"geometry":{"type":"Polygon","coordinates":[[[10.431382,59.81403],[10.437642,59.81403],[10.437642,59.817015],[10.431382,59.817015],[10.431382,59.81403]]]}},{"type":"Feature","properties":{"cell_id":"r065c018","latitude":59.815522,"longitude":10.465813},"geometry":{"type":"Polygon","coordinates":[[[10.462683,59.81403],[10.468943,59.81403],[10.468943,59.817015],[10.462683,59.817015],[10.462683,59.81403]]]}},{"type":"Feature","properties":{"cell_id":"r065c019","latitude":59.815522,"longitude":10.472073},"geometry":{"type":"Polygon","coordinates":[[[10.468943,59.81403],[10.475203,59.81403],[10.475203,59.817015],[10.468943,59.817015],[10.468943,59.81403]]]}},{"type":"Feature","properties":{"cell_id":"r065c020","latitude":59.815522,"longitude":10.478333},"geometry":{"type":"Polygon","coordinates":[[[10.475203,59.81403],[10.481463,59.81403],[10.481463,59.817015],[10.475203,59.817015],[10.475203,59.81403]]]}},{"type":"Feature","properties":{"cell_id":"r065c068","latitude":59.815522,"longitude":10.778821},"geometry":{"type":"Polygon","coordinates":[[[10.775691,59.81403],[10.781951,59.81403],[10.781951,59.817015],[10.775691,59.817015],[10.775691,59.81403]]]}},{"type":"Feature","properties":{"cell_id":"r065c069","latitude":59.815522,"longitude":10.785081},"geometry":{"type":"Polygon","coordinates":[[[10.781951,59.81403],[10.788211,59.81403],[10.788211,59.817015],[10.781951,59.817015],[10.781951,59.81403]]]}},{"type":"Feature","properties":{"cell_id":"r065c070","latitude":59.815522,"longitude":10.791341},"geometry":{"type":"Polygon","coordinates":[[[10.788211,59.81403],[10.794472,59.81403],[10.794472,59.817015],[10.788211,59.817015],[10.788211,59.81403]]]}},{"type":"Feature","properties":{"cell_id":"r065c071","latitude":59.815522,"longitude":10.797602},"geometry":{"type":"Polygon","coordinates":[[[10.794472,59.81403],[10.800732,59.81403],[10.800732,59.817015],[10.794472,59.817015],[10.794472,59.81403]]]}},{"type":"Feature","properties":{"cell_id":"r065c072","latitude":59.815522,"longitude":10.803862},"geometry":{"type":"Polygon","coordinates":[[[10.800732,59.81403],[10.806992,59.81403],[10.806992,59.817015],[10.800732,59.817015],[10.800732,59.81403]]]}},{"type":"Feature","properties":{"cell_id":"r065c073","latitude":59.815522,"longitude":10.810122},"geometry":{"type":"Polygon","coordinates":[[[10.806992,59.81403],[10.813252,59.81403],[10.813252,59.817015],[10.806992,59.817015],[10.806992,59.81403]]]}},{"type":"Feature","properties":{"cell_id":"r065c074","latitude":59.815522,"longitude":10.816382},"geometry":{"type":"Polygon","coordinates":[[[10.813252,59.81403],[10.819512,59.81403],[10.819512,59.817015],[10.813252,59.817015],[10.813252,59.81403]]]}},{"type":"Feature","properties":{"cell_id":"r065c079","latitude":59.815522,"longitude":10.847683},"geometry":{"type":"Polygon","coordinates":[[[10.844553,59.81403],[10.850813,59.81403],[10.850813,59.817015],[10.844553,59.817015],[10.844553,59.81403]]]}},{"type":"Feature","properties":{"cell_id":"r066c001","latitude":59.818507,"longitude":10.35939},"geometry":{"type":"Polygon","coordinates":[[[10.35626,59.817015],[10.36252,59.817015],[10.36252,59.82],[10.35626,59.82],[10.35626,59.817015]]]}},{"type":"Feature","properties":{"cell_id":"r066c002","latitude":59.818507,"longitude":10.36565},"geometry":{"type":"Polygon","coordinates":[[[10.36252,59.817015],[10.36878,59.817015],[10.36878,59.82],[10.36252,59.82],[10.36252,59.817015]]]}},{"type":"Feature","properties":{"cell_id":"r066c004","latitude":59.818507,"longitude":10.378171},"geometry":{"type":"Polygon","coordinates":[[[10.375041,59.817015],[10.381301,59.817015],[10.381301,59.82],[10.375041,59.82],[10.375041,59.817015]]]}},{"type":"Feature","properties":{"cell_id":"r066c005","latitude":59.818507,"longitude":10.384431},"geometry":{"type":"Polygon","coordinates":[[[10.381301,59.817015],[10.387561,59.817015],[10.387561,59.82],[10.381301,59.82],[10.381301,59.817015]]]}},{"type":"Feature","properties":{"cell_id":"r066c012","latitude":59.818507,"longitude":10.428252},"geometry":{"type":"Polygon","coordinates":[[[10.425122,59.817015],[10.431382,59.817015],[10.431382,59.82],[10.425122,59.82],[10.425122,59.817015]]]}},{"type":"Feature","properties":{"cell_id":"r066c014","latitude":59.818507,"longitude":10.440772},"geometry":{"type":"Polygon","coordinates":[[[10.437642,59.817015],[10.443902,59.817015],[10.443902,59.82],[10.437642,59.82],[10.437642,59.817015]]]}},{"type":"Feature","properties":{"cell_id":"r066c017","latitude":59.818507,"longitude":10.459553},"geometry":{"type":"Polygon","coordinates":[[[10.456423,59.817015],[10.462683,59.817015],[10.462683,59.82],[10.456423,59.82],[10.456423,59.817015]]]}},{"type":"Feature","properties":{"cell_id":"r066c018","latitude":59.818507,"longitude":10.465813},"geometry":{"type":"Polygon","coordinates":[[[10.462683,59.817015],[10.468943,59.817015],[10.468943,59.82],[10.462683,59.82],[10.462683,59.817015]]]}},{"type":"Feature","properties":{"cell_id":"r066c019","latitude":59.818507,"longitude":10.472073},"geometry":{"type":"Polygon","coordinates":[[[10.468943,59.817015],[10.475203,59.817015],[10.475203,59.82],[10.468943,59.82],[10.468943,59.817015]]]}},{"type":"Feature","properties":{"cell_id":"r066c043","latitude":59.818507,"longitude":10.622317},"geometry":{"type":"Polygon","coordinates":[[[10.619187,59.817015],[10.625447,59.817015],[10.625447,59.82],[10.619187,59.82],[10.619187,59.817015]]]}},{"type":"Feature","properties":{"cell_id":"r066c053","latitude":59.818507,"longitude":10.684919},"geometry":{"type":"Polygon","coordinates":[[[10.681789,59.817015],[10.688049,59.817015],[10.688049,59.82],[10.681789,59.82],[10.681789,59.817015]]]}},{"type":"Feature","properties":{"cell_id":"r066c068","latitude":59.818507,"longitude":10.778821},"geometry":{"type":"Polygon","coordinates":[[[10.775691,59.817015],[10.781951,59.817015],[10.781951,59.82],[10.775691,59.82],[10.775691,59.817015]]]}},{"type":"Feature","properties":{"cell_id":"r066c069","latitude":59.818507,"longitude":10.785081},"geometry":{"type":"Polygon","coordinates":[[[10.781951,59.817015],[10.788211,59.817015],[10.788211,59.82],[10.781951,59.82],[10.781951,59.817015]]]}},{"type":"Feature","properties":{"cell_id":"r066c070","latitude":59.818507,"longitude":10.791341},"geometry":{"type":"Polygon","coordinates":[[[10.788211,59.817015],[10.794472,59.817015],[10.794472,59.82],[10.788211,59.82],[10.788211,59.817015]]]}},{"type":"Feature","properties":{"cell_id":"r066c071","latitude":59.818507,"longitude":10.797602},"geometry":{"type":"Polygon","coordinates":[[[10.794472,59.817015],[10.800732,59.817015],[10.800732,59.82],[10.794472,59.82],[10.794472,59.817015]]]}},{"type":"Feature","properties":{"cell_id":"r066c072","latitude":59.818507,"longitude":10.803862},"geometry":{"type":"Polygon","coordinates":[[[10.800732,59.817015],[10.806992,59.817015],[10.806992,59.82],[10.800732,59.82],[10.800732,59.817015]]]}},{"type":"Feature","properties":{"cell_id":"r066c073","latitude":59.818507,"longitude":10.810122},"geometry":{"type":"Polygon","coordinates":[[[10.806992,59.817015],[10.813252,59.817015],[10.813252,59.82],[10.806992,59.82],[10.806992,59.817015]]]}},{"type":"Feature","properties":{"cell_id":"r066c074","latitude":59.818507,"longitude":10.816382},"geometry":{"type":"Polygon","coordinates":[[[10.813252,59.817015],[10.819512,59.817015],[10.819512,59.82],[10.813252,59.82],[10.813252,59.817015]]]}},{"type":"Feature","properties":{"cell_id":"r066c078","latitude":59.818507,"longitude":10.841423},"geometry":{"type":"Polygon","coordinates":[[[10.838293,59.817015],[10.844553,59.817015],[10.844553,59.82],[10.838293,59.82],[10.838293,59.817015]]]}},{"type":"Feature","properties":{"cell_id":"r066c080","latitude":59.818507,"longitude":10.853943},"geometry":{"type":"Polygon","coordinates":[[[10.850813,59.817015],[10.857073,59.817015],[10.857073,59.82],[10.850813,59.82],[10.850813,59.817015]]]}},{"type":"Feature","properties":{"cell_id":"r067c003","latitude":59.821493,"longitude":10.371911},"geometry":{"type":"Polygon","coordinates":[[[10.36878,59.82],[10.375041,59.82],[10.375041,59.822985],[10.36878,59.822985],[10.36878,59.82]]]}},{"type":"Feature","properties":{"cell_id":"r067c004","latitude":59.821493,"longitude":10.378171},"geometry":{"type":"Polygon","coordinates":[[[10.375041,59.82],[10.381301,59.82],[10.381301,59.822985],[10.375041,59.822985],[10.375041,59.82]]]}},{"type":"Feature","properties":{"cell_id":"r067c005","latitude":59.821493,"longitude":10.384431},"geometry":{"type":"Polygon","coordinates":[[[10.381301,59.82],[10.387561,59.82],[10.387561,59.822985],[10.381301,59.822985],[10.381301,59.82]]]}},{"type":"Feature","properties":{"cell_id":"r067c006","latitude":59.821493,"longitude":10.390691},"geometry":{"type":"Polygon","coordinates":[[[10.387561,59.82],[10.393821,59.82],[10.393821,59.822985],[10.387561,59.822985],[10.387561,59.82]]]}},{"type":"Feature","properties":{"cell_id":"r067c010","latitude":59.821493,"longitude":10.415732},"geometry":{"type":"Polygon","coordinates":[[[10.412602,59.82],[10.418862,59.82],[10.418862,59.822985],[10.412602,59.822985],[10.412602,59.82]]]}},{"type":"Feature","properties":{"cell_id":"r067c011","latitude":59.821493,"longitude":10.421992},"geometry":{"type":"Polygon","coordinates":[[[10.418862,59.82],[10.425122,59.82],[10.425122,59.822985],[10.418862,59.822985],[10.418862,59.82]]]}},{"type":"Feature","properties":{"cell_id":"r067c012","latitude":59.821493,"longitude":10.428252},"geometry":{"type":"Polygon","coordinates":[[[10.425122,59.82],[10.431382,59.82],[10.431382,59.822985],[10.425122,59.822985],[10.425122,59.82]]]}},{"type":"Feature","properties":{"cell_id":"r067c014","latitude":59.821493,"longitude":10.440772},"geometry":{"type":"Polygon","coordinates":[[[10.437642,59.82],[10.443902,59.82],[10.443902,59.822985],[10.437642,59.822985],[10.437642,59.82]]]}},{"type":"Feature","properties":{"cell_id":"r067c015","latitude":59.821493,"longitude":10.447033},"geometry":{"type":"Polygon","coordinates":[[[10.443902,59.82],[10.450163,59.82],[10.450163,59.822985],[10.443902,59.822985],[10.443902,59.82]]]}},{"type":"Feature","properties":{"cell_id":"r067c016","latitude":59.821493,"longitude":10.453293},"geometry":{"type":"Polygon","coordinates":[[[10.450163,59.82],[10.456423,59.82],[10.456423,59.822985],[10.450163,59.822985],[10.450163,59.82]]]}},{"type":"Feature","properties":{"cell_id":"r067c017","latitude":59.821493,"longitude":10.459553},"geometry":{"type":"Polygon","coordinates":[[[10.456423,59.82],[10.462683,59.82],[10.462683,59.822985],[10.456423,59.822985],[10.456423,59.82]]]}},{"type":"Feature","properties":{"cell_id":"r067c018","latitude":59.821493,"longitude":10.465813},"geometry":{"type":"Polygon","coordinates":[[[10.462683,59.82],[10.468943,59.82],[10.468943,59.822985],[10.462683,59.822985],[10.462683,59.82]]]}},{"type":"Feature","properties":{"cell_id":"r067c019","latitude":59.821493,"longitude":10.472073},"geometry":{"type":"Polygon","coordinates":[[[10.468943,59.82],[10.475203,59.82],[10.475203,59.822985],[10.468943,59.822985],[10.468943,59.82]]]}},{"type":"Feature","properties":{"cell_id":"r067c044","latitude":59.821493,"longitude":10.628577},"geometry":{"type":"Polygon","coordinates":[[[10.625447,59.82],[10.631707,59.82],[10.631707,59.822985],[10.625447,59.822985],[10.625447,59.82]]]}},{"type":"Feature","properties":{"cell_id":"r067c068","latitude":59.821493,"longitude":10.778821},"geometry":{"type":"Polygon","coordinates":[[[10.775691,59.82],[10.781951,59.82],[10.781951,59.822985],[10.775691,59.822985],[10.775691,59.82]]]}},{"type":"Feature","properties":{"cell_id":"r067c070","latitude":59.821493,"longitude":10.791341},"geometry":{"type":"Polygon","coordinates":[[[10.788211,59.82],[10.794472,59.82],[10.794472,59.822985],[10.788211,59.822985],[10.788211,59.82]]]}},{"type":"Feature","properties":{"cell_id":"r067c071","latitude":59.821493,"longitude":10.797602},"geometry":{"type":"Polygon","coordinates":[[[10.794472,59.82],[10.800732,59.82],[10.800732,59.822985],[10.794472,59.822985],[10.794472,59.82]]]}},{"type":"Feature","properties":{"cell_id":"r067c072","latitude":59.821493,"longitude":10.803862},"geometry":{"type":"Polygon","coordinates":[[[10.800732,59.82],[10.806992,59.82],[10.806992,59.822985],[10.800732,59.822985],[10.800732,59.82]]]}},{"type":"Feature","properties":{"cell_id":"r067c073","latitude":59.821493,"longitude":10.810122},"geometry":{"type":"Polygon","coordinates":[[[10.806992,59.82],[10.813252,59.82],[10.813252,59.822985],[10.806992,59.822985],[10.806992,59.82]]]}},{"type":"Feature","properties":{"cell_id":"r067c077","latitude":59.821493,"longitude":10.835163},"geometry":{"type":"Polygon","coordinates":[[[10.832033,59.82],[10.838293,59.82],[10.838293,59.822985],[10.832033,59.822985],[10.832033,59.82]]]}},{"type":"Feature","properties":{"cell_id":"r067c078","latitude":59.821493,"longitude":10.841423},"geometry":{"type":"Polygon","coordinates":[[[10.838293,59.82],[10.844553,59.82],[10.844553,59.822985],[10.838293,59.822985],[10.838293,59.82]]]}},{"type":"Feature","properties":{"cell_id":"r068c006","latitude":59.824478,"longitude":10.390691},"geometry":{"type":"Polygon","coordinates":[[[10.387561,59.822985],[10.393821,59.822985],[10.393821,59.82597],[10.387561,59.82597],[10.387561,59.822985]]]}},{"type":"Feature","properties":{"cell_id":"r068c007","latitude":59.824478,"longitude":10.396951},"geometry":{"type":"Polygon","coordinates":[[[10.393821,59.822985],[10.400081,59.822985],[10.400081,59.82597],[10.393821,59.82597],[10.393821,59.822985]]]}},{"type":"Feature","properties":{"cell_id":"r068c010","latitude":59.824478,"longitude":10.415732},"geometry":{"type":"Polygon","coordinates":[[[10.412602,59.822985],[10.418862,59.822985],[10.418862,59.82597],[10.412602,59.82597],[10.412602,59.822985]]]}},{"type":"Feature","properties":{"cell_id":"r068c011","latitude":59.824478,"longitude":10.421992},"geometry":{"type":"Polygon","coordinates":[[[10.418862,59.822985],[10.425122,59.822985],[10.425122,59.82597],[10.418862,59.82597],[10.418862,59.822985]]]}},{"type":"Feature","properties":{"cell_id":"r068c012","latitude":59.824478,"longitude":10.428252},"geometry":{"type":"Polygon","coordinates":[[[10.425122,59.822985],[10.431382,59.822985],[10.431382,59.82597],[10.425122,59.82597],[10.425122,59.822985]]]}},{"type":"Feature","properties":{"cell_id":"r068c013","latitude":59.824478,"longitude":10.434512},"geometry":{"type":"Polygon","coordinates":[[[10.431382,59.822985],[10.437642,59.822985],[10.437642,59.82597],[10.431382,59.82597],[10.431382,59.822985]]]}},{"type":"Feature","properties":{"cell_id":"r068c014","latitude":59.824478,"longitude":10.440772},"geometry":{"type":"Polygon","coordinates":[[[10.437642,59.822985],[10.443902,59.822985],[10.443902,59.82597],[10.437642,59.82597],[10.437642,59.822985]]]}},{"type":"Feature","properties":{"cell_id":"r068c015","latitude":59.824478,"longitude":10.447033},"geometry":{"type":"Polygon","coordinates":[[[10.443902,59.822985],[10.450163,59.822985],[10.450163,59.82597],[10.443902,59.82597],[10.443902,59.822985]]]}},{"type":"Feature","properties":{"cell_id":"r068c016","latitude":59.824478,"longitude":10.453293},"geometry":{"type":"Polygon","coordinates":[[[10.450163,59.822985],[10.456423,59.822985],[10.456423,59.82597],[10.450163,59.82597],[10.450163,59.822985]]]}},{"type":"Feature","properties":{"cell_id":"r068c017","latitude":59.824478,"longitude":10.459553},"geometry":{"type":"Polygon","coordinates":[[[10.456423,59.822985],[10.462683,59.822985],[10.462683,59.82597],[10.456423,59.82597],[10.456423,59.822985]]]}},{"type":"Feature","properties":{"cell_id":"r068c018","latitude":59.824478,"longitude":10.465813},"geometry":{"type":"Polygon","coordinates":[[[10.462683,59.822985],[10.468943,59.822985],[10.468943,59.82597],[10.462683,59.82597],[10.462683,59.822985]]]}},{"type":"Feature","properties":{"cell_id":"r068c019","latitude":59.824478,"longitude":10.472073},"geometry":{"type":"Polygon","coordinates":[[[10.468943,59.822985],[10.475203,59.822985],[10.475203,59.82597],[10.468943,59.82597],[10.468943,59.822985]]]}},{"type":"Feature","properties":{"cell_id":"r068c020","latitude":59.824478,"longitude":10.478333},"geometry":{"type":"Polygon","coordinates":[[[10.475203,59.822985],[10.481463,59.822985],[10.481463,59.82597],[10.475203,59.82597],[10.475203,59.822985]]]}},{"type":"Feature","properties":{"cell_id":"r068c045","latitude":59.824478,"longitude":10.634837},"geometry":{"type":"Polygon","coordinates":[[[10.631707,59.822985],[10.637967,59.822985],[10.637967,59.82597],[10.631707,59.82597],[10.631707,59.822985]]]}},{"type":"Feature","properties":{"cell_id":"r068c051","latitude":59.824478,"longitude":10.672398},"geometry":{"type":"Polygon","coordinates":[[[10.669268,59.822985],[10.675528,59.822985],[10.675528,59.82597],[10.669268,59.82597],[10.669268,59.822985]]]}},{"type":"Feature","properties":{"cell_id":"r068c069","latitude":59.824478,"longitude":10.785081},"geometry":{"type":"Polygon","coordinates":[[[10.781951,59.822985],[10.788211,59.822985],[10.788211,59.82597],[10.781951,59.82597],[10.781951,59.822985]]]}},{"type":"Feature","properties":{"cell_id":"r068c070","latitude":59.824478,"longitude":10.791341},"geometry":{"type":"Polygon","coordinates":[[[10.788211,59.822985],[10.794472,59.822985],[10.794472,59.82597],[10.788211,59.82597],[10.788211,59.822985]]]}},{"type":"Feature","properties":{"cell_id":"r068c071","latitude":59.824478,"longitude":10.797602},"geometry":{"type":"Polygon","coordinates":[[[10.794472,59.822985],[10.800732,59.822985],[10.800732,59.82597],[10.794472,59.82597],[10.794472,59.822985]]]}},{"type":"Feature","properties":{"cell_id":"r068c072","latitude":59.824478,"longitude":10.803862},"geometry":{"type":"Polygon","coordinates":[[[10.800732,59.822985],[10.806992,59.822985],[10.806992,59.82597],[10.800732,59.82597],[10.800732,59.822985]]]}},{"type":"Feature","properties":{"cell_id":"r068c073","latitude":59.824478,"longitude":10.810122},"geometry":{"type":"Polygon","coordinates":[[[10.806992,59.822985],[10.813252,59.822985],[10.813252,59.82597],[10.806992,59.82597],[10.806992,59.822985]]]}},{"type":"Feature","properties":{"cell_id":"r068c077","latitude":59.824478,"longitude":10.835163},"geometry":{"type":"Polygon","coordinates":[[[10.832033,59.822985],[10.838293,59.822985],[10.838293,59.82597],[10.832033,59.82597],[10.832033,59.822985]]]}},{"type":"Feature","properties":{"cell_id":"r068c078","latitude":59.824478,"longitude":10.841423},"geometry":{"type":"Polygon","coordinates":[[[10.838293,59.822985],[10.844553,59.822985],[10.844553,59.82597],[10.838293,59.82597],[10.838293,59.822985]]]}},{"type":"Feature","properties":{"cell_id":"r069c005","latitude":59.827463,"longitude":10.384431},"geometry":{"type":"Polygon","coordinates":[[[10.381301,59.82597],[10.387561,59.82597],[10.387561,59.828955],[10.381301,59.828955],[10.381301,59.82597]]]}},{"type":"Feature","properties":{"cell_id":"r069c006","latitude":59.827463,"longitude":10.390691},"geometry":{"type":"Polygon","coordinates":[[[10.387561,59.82597],[10.393821,59.82597],[10.393821,59.828955],[10.387561,59.828955],[10.387561,59.82597]]]}},{"type":"Feature","properties":{"cell_id":"r069c007","latitude":59.827463,"longitude":10.396951},"geometry":{"type":"Polygon","coordinates":[[[10.393821,59.82597],[10.400081,59.82597],[10.400081,59.828955],[10.393821,59.828955],[10.393821,59.82597]]]}},{"type":"Feature","properties":{"cell_id":"r069c008","latitude":59.827463,"longitude":10.403211},"geometry":{"type":"Polygon","coordinates":[[[10.400081,59.82597],[10.406341,59.82597],[10.406341,59.828955],[10.400081,59.828955],[10.400081,59.82597]]]}},{"type":"Feature","properties":{"cell_id":"r069c009","latitude":59.827463,"longitude":10.409472},"geometry":{"type":"Polygon","coordinates":[[[10.406341,59.82597],[10.412602,59.82597],[10.412602,59.828955],[10.406341,59.828955],[10.406341,59.82597]]]}},{"type":"Feature","properties":{"cell_id":"r069c010","latitude":59.827463,"longitude":10.415732},"geometry":{"type":"Polygon","coordinates":[[[10.412602,59.82597],[10.418862,59.82597],[10.418862,59.828955],[10.412602,59.828955],[10.412602,59.82597]]]}},{"type":"Feature","properties":{"cell_id":"r069c011","latitude":59.827463,"longitude":10.421992},"geometry":{"type":"Polygon","coordinates":[[[10.418862,59.82597],[10.425122,59.82597],[10.425122,59.828955],[10.418862,59.828955],[10.418862,59.82597]]]}},{"type":"Feature","properties":{"cell_id":"r069c012","latitude":59.827463,"longitude":10.428252},"geometry":{"type":"Polygon","coordinates":[[[10.425122,59.82597],[10.431382,59.82597],[10.431382,59.828955],[10.425122,59.828955],[10.425122,59.82597]]]}},{"type":"Feature","properties":{"cell_id":"r069c013","latitude":59.827463,"longitude":10.434512},"geometry":{"type":"Polygon","coordinates":[[[10.431382,59.82597],[10.437642,59.82597],[10.437642,59.828955],[10.431382,59.828955],[10.431382,59.82597]]]}},{"type":"Feature","properties":{"cell_id":"r069c014","latitude":59.827463,"longitude":10.440772},"geometry":{"type":"Polygon","coordinates":[[[10.437642,59.82597],[10.443902,59.82597],[10.443902,59.828955],[10.437642,59.828955],[10.437642,59.82597]]]}},{"type":"Feature","properties":{"cell_id":"r069c015","latitude":59.827463,"longitude":10.447033},"geometry":{"type":"Polygon","coordinates":[[[10.443902,59.82597],[10.450163,59.82597],[10.450163,59.828955],[10.443902,59.828955],[10.443902,59.82597]]]}},{"type":"Feature","properties":{"cell_id":"r069c016","latitude":59.827463,"longitude":10.453293},"geometry":{"type":"Polygon","coordinates":[[[10.450163,59.82597],[10.456423,59.82597],[10.456423,59.828955],[10.450163,59.828955],[10.450163,59.82597]]]}},{"type":"Feature","properties":{"cell_id":"r069c017","latitude":59.827463,"longitude":10.459553},"geometry":{"type":"Polygon","coordinates":[[[10.456423,59.82597],[10.462683,59.82597],[10.462683,59.828955],[10.456423,59.828955],[10.456423,59.82597]]]}},{"type":"Feature","properties":{"cell_id":"r069c018","latitude":59.827463,"longitude":10.465813},"geometry":{"type":"Polygon","coordinates":[[[10.462683,59.82597],[10.468943,59.82597],[10.468943,59.828955],[10.462683,59.828955],[10.462683,59.82597]]]}},{"type":"Feature","properties":{"cell_id":"r069c019","latitude":59.827463,"longitude":10.472073},"geometry":{"type":"Polygon","coordinates":[[[10.468943,59.82597],[10.475203,59.82597],[10.475203,59.828955],[10.468943,59.828955],[10.468943,59.82597]]]}},{"type":"Feature","properties":{"cell_id":"r069c020","latitude":59.827463,"longitude":10.478333},"geometry":{"type":"Polygon","coordinates":[[[10.475203,59.82597],[10.481463,59.82597],[10.481463,59.828955],[10.475203,59.828955],[10.475203,59.82597]]]}},{"type":"Feature","properties":{"cell_id":"r069c021","latitude":59.827463,"longitude":10.484593},"geometry":{"type":"Polygon","coordinates":[[[10.481463,59.82597],[10.487724,59.82597],[10.487724,59.828955],[10.481463,59.828955],[10.481463,59.82597]]]}},{"type":"Feature","properties":{"cell_id":"r069c045","latitude":59.827463,"longitude":10.634837},"geometry":{"type":"Polygon","coordinates":[[[10.631707,59.82597],[10.637967,59.82597],[10.637967,59.828955],[10.631707,59.828955],[10.631707,59.82597]]]}},{"type":"Feature","properties":{"cell_id":"r069c053","latitude":59.827463,"longitude":10.684919},"geometry":{"type":"Polygon","coordinates":[[[10.681789,59.82597],[10.688049,59.82597],[10.688049,59.828955],[10.681789,59.828955],[10.681789,59.82597]]]}},{"type":"Feature","properties":{"cell_id":"r069c054","latitude":59.827463,"longitude":10.691179},"geometry":{"type":"Polygon","coordinates":[[[10.688049,59.82597],[10.694309,59.82597],[10.694309,59.828955],[10.688049,59.828955],[10.688049,59.82597]]]}},{"type":"Feature","properties":{"cell_id":"r069c069","latitude":59.827463,"longitude":10.785081},"geometry":{"type":"Polygon","coordinates":[[[10.781951,59.82597],[10.788211,59.82597],[10.788211,59.828955],[10.781951,59.828955],[10.781951,59.82597]]]}},{"type":"Feature","properties":{"cell_id":"r069c070","latitude":59.827463,"longitude":10.791341},"geometry":{"type":"Polygon","coordinates":[[[10.788211,59.82597],[10.794472,59.82597],[10.794472,59.828955],[10.788211,59.828955],[10.788211,59.82597]]]}},{"type":"Feature","properties":{"cell_id":"r069c071","latitude":59.827463,"longitude":10.797602},"geometry":{"type":"Polygon","coordinates":[[[10.794472,59.82597],[10.800732,59.82597],[10.800732,59.828955],[10.794472,59.828955],[10.794472,59.82597]]]}},{"type":"Feature","properties":{"cell_id":"r069c072","latitude":59.827463,"longitude":10.803862},"geometry":{"type":"Polygon","coordinates":[[[10.800732,59.82597],[10.806992,59.82597],[10.806992,59.828955],[10.800732,59.828955],[10.800732,59.82597]]]}},{"type":"Feature","properties":{"cell_id":"r069c073","latitude":59.827463,"longitude":10.810122},"geometry":{"type":"Polygon","coordinates":[[[10.806992,59.82597],[10.813252,59.82597],[10.813252,59.828955],[10.806992,59.828955],[10.806992,59.82597]]]}},{"type":"Feature","properties":{"cell_id":"r069c077","latitude":59.827463,"longitude":10.835163},"geometry":{"type":"Polygon","coordinates":[[[10.832033,59.82597],[10.838293,59.82597],[10.838293,59.828955],[10.832033,59.828955],[10.832033,59.82597]]]}},{"type":"Feature","properties":{"cell_id":"r069c078","latitude":59.827463,"longitude":10.841423},"geometry":{"type":"Polygon","coordinates":[[[10.838293,59.82597],[10.844553,59.82597],[10.844553,59.828955],[10.838293,59.828955],[10.838293,59.82597]]]}},{"type":"Feature","properties":{"cell_id":"r069c082","latitude":59.827463,"longitude":10.866463},"geometry":{"type":"Polygon","coordinates":[[[10.863333,59.82597],[10.869593,59.82597],[10.869593,59.828955],[10.863333,59.828955],[10.863333,59.82597]]]}},{"type":"Feature","properties":{"cell_id":"r070c008","latitude":59.830448,"longitude":10.403211},"geometry":{"type":"Polygon","coordinates":[[[10.400081,59.828955],[10.406341,59.828955],[10.406341,59.83194],[10.400081,59.83194],[10.400081,59.828955]]]}},{"type":"Feature","properties":{"cell_id":"r070c009","latitude":59.830448,"longitude":10.409472},"geometry":{"type":"Polygon","coordinates":[[[10.406341,59.828955],[10.412602,59.828955],[10.412602,59.83194],[10.406341,59.83194],[10.406341,59.828955]]]}},{"type":"Feature","properties":{"cell_id":"r070c010","latitude":59.830448,"longitude":10.415732},"geometry":{"type":"Polygon","coordinates":[[[10.412602,59.828955],[10.418862,59.828955],[10.418862,59.83194],[10.412602,59.83194],[10.412602,59.828955]]]}},{"type":"Feature","properties":{"cell_id":"r070c011","latitude":59.830448,"longitude":10.421992},"geometry":{"type":"Polygon","coordinates":[[[10.418862,59.828955],[10.425122,59.828955],[10.425122,59.83194],[10.418862,59.83194],[10.418862,59.828955]]]}},{"type":"Feature","properties":{"cell_id":"r070c012","latitude":59.830448,"longitude":10.428252},"geometry":{"type":"Polygon","coordinates":[[[10.425122,59.828955],[10.431382,59.828955],[10.431382,59.83194],[10.425122,59.83194],[10.425122,59.828955]]]}},{"type":"Feature","properties":{"cell_id":"r070c013","latitude":59.830448,"longitude":10.434512},"geometry":{"type":"Polygon","coordinates":[[[10.431382,59.828955],[10.437642,59.828955],[10.437642,59.83194],[10.431382,59.83194],[10.431382,59.828955]]]}},{"type":"Feature","properties":{"cell_id":"r070c014","latitude":59.830448,"longitude":10.440772},"geometry":{"type":"Polygon","coordinates":[[[10.437642,59.828955],[10.443902,59.828955],[10.443902,59.83194],[10.437642,59.83194],[10.437642,59.828955]]]}},{"type":"Feature","properties":{"cell_id":"r070c015","latitude":59.830448,"longitude":10.447033},"geometry":{"type":"Polygon","coordinates":[[[10.443902,59.828955],[10.450163,59.828955],[10.450163,59.83194],[10.443902,59.83194],[10.443902,59.828955]]]}},{"type":"Feature","properties":{"cell_id":"r070c016","latitude":59.830448,"longitude":10.453293},"geometry":{"type":"Polygon","coordinates":[[[10.450163,59.828955],[10.456423,59.828955],[10.456423,59.83194],[10.450163,59.83194],[10.450163,59.828955]]]}},{"type":"Feature","properties":{"cell_id":"r070c017","latitude":59.830448,"longitude":10.459553},"geometry":{"type":"Polygon","coordinates":[[[10.456423,59.828955],[10.462683,59.828955],[10.462683,59.83194],[10.456423,59.83194],[10.456423,59.828955]]]}},{"type":"Feature","properties":{"cell_id":"r070c018","latitude":59.830448,"longitude":10.465813},"geometry":{"type":"Polygon","coordinates":[[[10.462683,59.828955],[10.468943,59.828955],[10.468943,59.83194],[10.462683,59.83194],[10.462683,59.828955]]]}},{"type":"Feature","properties":{"cell_id":"r070c019","latitude":59.830448,"longitude":10.472073},"geometry":{"type":"Polygon","coordinates":[[[10.468943,59.828955],[10.475203,59.828955],[10.475203,59.83194],[10.468943,59.83194],[10.468943,59.828955]]]}},{"type":"Feature","properties":{"cell_id":"r070c046","latitude":59.830448,"longitude":10.641098},"geometry":{"type":"Polygon","coordinates":[[[10.637967,59.828955],[10.644228,59.828955],[10.644228,59.83194],[10.637967,59.83194],[10.637967,59.828955]]]}},{"type":"Feature","properties":{"cell_id":"r070c052","latitude":59.830448,"longitude":10.678659},"geometry":{"type":"Polygon","coordinates":[[[10.675528,59.828955],[10.681789,59.828955],[10.681789,59.83194],[10.675528,59.83194],[10.675528,59.828955]]]}},{"type":"Feature","properties":{"cell_id":"r070c053","latitude":59.830448,"longitude":10.684919},"geometry":{"type":"Polygon","coordinates":[[[10.681789,59.828955],[10.688049,59.828955],[10.688049,59.83194],[10.681789,59.83194],[10.681789,59.828955]]]}},{"type":"Feature","properties":{"cell_id":"r070c054","latitude":59.830448,"longitude":10.691179},"geometry":{"type":"Polygon","coordinates":[[[10.688049,59.828955],[10.694309,59.828955],[10.694309,59.83194],[10.688049,59.83194],[10.688049,59.828955]]]}},{"type":"Feature","properties":{"cell_id":"r070c069","latitude":59.830448,"longitude":10.785081},"geometry":{"type":"Polygon","coordinates":[[[10.781951,59.828955],[10.788211,59.828955],[10.788211,59.83194],[10.781951,59.83194],[10.781951,59.828955]]]}},{"type":"Feature","properties":{"cell_id":"r070c070","latitude":59.830448,"longitude":10.791341},"geometry":{"type":"Polygon","coordinates":[[[10.788211,59.828955],[10.794472,59.828955],[10.794472,59.83194],[10.788211,59.83194],[10.788211,59.828955]]]}},{"type":"Feature","properties":{"cell_id":"r070c071","latitude":59.830448,"longitude":10.797602},"geometry":{"type":"Polygon","coordinates":[[[10.794472,59.828955],[10.800732,59.828955],[10.800732,59.83194],[10.794472,59.83194],[10.794472,59.828955]]]}},{"type":"Feature","properties":{"cell_id":"r070c072","latitude":59.830448,"longitude":10.803862},"geometry":{"type":"Polygon","coordinates":[[[10.800732,59.828955],[10.806992,59.828955],[10.806992,59.83194],[10.800732,59.83194],[10.800732,59.828955]]]}},{"type":"Feature","properties":{"cell_id":"r070c073","latitude":59.830448,"longitude":10.810122},"geometry":{"type":"Polygon","coordinates":[[[10.806992,59.828955],[10.813252,59.828955],[10.813252,59.83194],[10.806992,59.83194],[10.806992,59.828955]]]}},{"type":"Feature","properties":{"cell_id":"r070c077","latitude":59.830448,"longitude":10.835163},"geometry":{"type":"Polygon","coordinates":[[[10.832033,59.828955],[10.838293,59.828955],[10.838293,59.83194],[10.832033,59.83194],[10.832033,59.828955]]]}},{"type":"Feature","properties":{"cell_id":"r070c080","latitude":59.830448,"longitude":10.853943},"geometry":{"type":"Polygon","coordinates":[[[10.850813,59.828955],[10.857073,59.828955],[10.857073,59.83194],[10.850813,59.83194],[10.850813,59.828955]]]}},{"type":"Feature","properties":{"cell_id":"r071c009","latitude":59.833433,"longitude":10.409472},"geometry":{"type":"Polygon","coordinates":[[[10.406341,59.83194],[10.412602,59.83194],[10.412602,59.834925],[10.406341,59.834925],[10.406341,59.83194]]]}},{"type":"Feature","properties":{"cell_id":"r071c010","latitude":59.833433,"longitude":10.415732},"geometry":{"type":"Polygon","coordinates":[[[10.412602,59.83194],[10.418862,59.83194],[10.418862,59.834925],[10.412602,59.834925],[10.412602,59.83194]]]}},{"type":"Feature","properties":{"cell_id":"r071c011","latitude":59.833433,"longitude":10.421992},"geometry":{"type":"Polygon","coordinates":[[[10.418862,59.83194],[10.425122,59.83194],[10.425122,59.834925],[10.418862,59.834925],[10.418862,59.83194]]]}},{"type":"Feature","properties":{"cell_id":"r071c012","latitude":59.833433,"longitude":10.428252},"geometry":{"type":"Polygon","coordinates":[[[10.425122,59.83194],[10.431382,59.83194],[10.431382,59.834925],[10.425122,59.834925],[10.425122,59.83194]]]}},{"type":"Feature","properties":{"cell_id":"r071c013","latitude":59.833433,"longitude":10.434512},"geometry":{"type":"Polygon","coordinates":[[[10.431382,59.83194],[10.437642,59.83194],[10.437642,59.834925],[10.431382,59.834925],[10.431382,59.83194]]]}},{"type":"Feature","properties":{"cell_id":"r071c014","latitude":59.833433,"longitude":10.440772},"geometry":{"type":"Polygon","coordinates":[[[10.437642,59.83194],[10.443902,59.83194],[10.443902,59.834925],[10.437642,59.834925],[10.437642,59.83194]]]}},{"type":"Feature","properties":{"cell_id":"r071c015","latitude":59.833433,"longitude":10.447033},"geometry":{"type":"Polygon","coordinates":[[[10.443902,59.83194],[10.450163,59.83194],[10.450163,59.834925],[10.443902,59.834925],[10.443902,59.83194]]]}},{"type":"Feature","properties":{"cell_id":"r071c016","latitude":59.833433,"longitude":10.453293},"geometry":{"type":"Polygon","coordinates":[[[10.450163,59.83194],[10.456423,59.83194],[10.456423,59.834925],[10.450163,59.834925],[10.450163,59.83194]]]}},{"type":"Feature","properties":{"cell_id":"r071c018","latitude":59.833433,"longitude":10.465813},"geometry":{"type":"Polygon","coordinates":[[[10.462683,59.83194],[10.468943,59.83194],[10.468943,59.834925],[10.462683,59.834925],[10.462683,59.83194]]]}},{"type":"Feature","properties":{"cell_id":"r071c019","latitude":59.833433,"longitude":10.472073},"geometry":{"type":"Polygon","coordinates":[[[10.468943,59.83194],[10.475203,59.83194],[10.475203,59.834925],[10.468943,59.834925],[10.468943,59.83194]]]}},{"type":"Feature","properties":{"cell_id":"r071c046","latitude":59.833433,"longitude":10.641098},"geometry":{"type":"Polygon","coordinates":[[[10.637967,59.83194],[10.644228,59.83194],[10.644228,59.834925],[10.637967,59.834925],[10.637967,59.83194]]]}},{"type":"Feature","properties":{"cell_id":"r071c053","latitude":59.833433,"longitude":10.684919},"geometry":{"type":"Polygon","coordinates":[[[10.681789,59.83194],[10.688049,59.83194],[10.688049,59.834925],[10.681789,59.834925],[10.681789,59.83194]]]}},{"type":"Feature","properties":{"cell_id":"r071c054","latitude":59.833433,"longitude":10.691179},"geometry":{"type":"Polygon","coordinates":[[[10.688049,59.83194],[10.694309,59.83194],[10.694309,59.834925],[10.688049,59.834925],[10.688049,59.83194]]]}},{"type":"Feature","properties":{"cell_id":"r071c069","latitude":59.833433,"longitude":10.785081},"geometry":{"type":"Polygon","coordinates":[[[10.781951,59.83194],[10.788211,59.83194],[10.788211,59.834925],[10.781951,59.834925],[10.781951,59.83194]]]}},{"type":"Feature","properties":{"cell_id":"r071c070","latitude":59.833433,"longitude":10.791341},"geometry":{"type":"Polygon","coordinates":[[[10.788211,59.83194],[10.794472,59.83194],[10.794472,59.834925],[10.788211,59.834925],[10.788211,59.83194]]]}},{"type":"Feature","properties":{"cell_id":"r071c071","latitude":59.833433,"longitude":10.797602},"geometry":{"type":"Polygon","coordinates":[[[10.794472,59.83194],[10.800732,59.83194],[10.800732,59.834925],[10.794472,59.834925],[10.794472,59.83194]]]}},{"type":"Feature","properties":{"cell_id":"r071c072","latitude":59.833433,"longitude":10.803862},"geometry":{"type":"Polygon","coordinates":[[[10.800732,59.83194],[10.806992,59.83194],[10.806992,59.834925],[10.800732,59.834925],[10.800732,59.83194]]]}},{"type":"Feature","properties":{"cell_id":"r071c073","latitude":59.833433,"longitude":10.810122},"geometry":{"type":"Polygon","coordinates":[[[10.806992,59.83194],[10.813252,59.83194],[10.813252,59.834925],[10.806992,59.834925],[10.806992,59.83194]]]}},{"type":"Feature","properties":{"cell_id":"r071c074","latitude":59.833433,"longitude":10.816382},"geometry":{"type":"Polygon","coordinates":[[[10.813252,59.83194],[10.819512,59.83194],[10.819512,59.834925],[10.813252,59.834925],[10.813252,59.83194]]]}},{"type":"Feature","properties":{"cell_id":"r071c076","latitude":59.833433,"longitude":10.828902},"geometry":{"type":"Polygon","coordinates":[[[10.825772,59.83194],[10.832033,59.83194],[10.832033,59.834925],[10.825772,59.834925],[10.825772,59.83194]]]}},{"type":"Feature","properties":{"cell_id":"r071c077","latitude":59.833433,"longitude":10.835163},"geometry":{"type":"Polygon","coordinates":[[[10.832033,59.83194],[10.838293,59.83194],[10.838293,59.834925],[10.832033,59.834925],[10.832033,59.83194]]]}},{"type":"Feature","properties":{"cell_id":"r071c079","latitude":59.833433,"longitude":10.847683},"geometry":{"type":"Polygon","coordinates":[[[10.844553,59.83194],[10.850813,59.83194],[10.850813,59.834925],[10.844553,59.834925],[10.844553,59.83194]]]}},{"type":"Feature","properties":{"cell_id":"r071c081","latitude":59.833433,"longitude":10.860203},"geometry":{"type":"Polygon","coordinates":[[[10.857073,59.83194],[10.863333,59.83194],[10.863333,59.834925],[10.857073,59.834925],[10.857073,59.83194]]]}},{"type":"Feature","properties":{"cell_id":"r072c009","latitude":59.836418,"longitude":10.409472},"geometry":{"type":"Polygon","coordinates":[[[10.406341,59.834925],[10.412602,59.834925],[10.412602,59.83791],[10.406341,59.83791],[10.406341,59.834925]]]}},{"type":"Feature","properties":{"cell_id":"r072c010","latitude":59.836418,"longitude":10.415732},"geometry":{"type":"Polygon","coordinates":[[[10.412602,59.834925],[10.418862,59.834925],[10.418862,59.83791],[10.412602,59.83791],[10.412602,59.834925]]]}},{"type":"Feature","properties":{"cell_id":"r072c011","latitude":59.836418,"longitude":10.421992},"geometry":{"type":"Polygon","coordinates":[[[10.418862,59.834925],[10.425122,59.834925],[10.425122,59.83791],[10.418862,59.83791],[10.418862,59.834925]]]}},{"type":"Feature","properties":{"cell_id":"r072c012","latitude":59.836418,"longitude":10.428252},"geometry":{"type":"Polygon","coordinates":[[[10.425122,59.834925],[10.431382,59.834925],[10.431382,59.83791],[10.425122,59.83791],[10.425122,59.834925]]]}},{"type":"Feature","properties":{"cell_id":"r072c013","latitude":59.836418,"longitude":10.434512},"geometry":{"type":"Polygon","coordinates":[[[10.431382,59.834925],[10.437642,59.834925],[10.437642,59.83791],[10.431382,59.83791],[10.431382,59.834925]]]}},{"type":"Feature","properties":{"cell_id":"r072c014","latitude":59.836418,"longitude":10.440772},"geometry":{"type":"Polygon","coordinates":[[[10.437642,59.834925],[10.443902,59.834925],[10.443902,59.83791],[10.437642,59.83791],[10.437642,59.834925]]]}},{"type":"Feature","properties":{"cell_id":"r072c015","latitude":59.836418,"longitude":10.447033},"geometry":{"type":"Polygon","coordinates":[[[10.443902,59.834925],[10.450163,59.834925],[10.450163,59.83791],[10.443902,59.83791],[10.443902,59.834925]]]}},{"type":"Feature","properties":{"cell_id":"r072c016","latitude":59.836418,"longitude":10.453293},"geometry":{"type":"Polygon","coordinates":[[[10.450163,59.834925],[10.456423,59.834925],[10.456423,59.83791],[10.450163,59.83791],[10.450163,59.834925]]]}},{"type":"Feature","properties":{"cell_id":"r072c017","latitude":59.836418,"longitude":10.459553},"geometry":{"type":"Polygon","coordinates":[[[10.456423,59.834925],[10.462683,59.834925],[10.462683,59.83791],[10.456423,59.83791],[10.456423,59.834925]]]}},{"type":"Feature","properties":{"cell_id":"r072c046","latitude":59.836418,"longitude":10.641098},"geometry":{"type":"Polygon","coordinates":[[[10.637967,59.834925],[10.644228,59.834925],[10.644228,59.83791],[10.637967,59.83791],[10.637967,59.834925]]]}},{"type":"Feature","properties":{"cell_id":"r072c047","latitude":59.836418,"longitude":10.647358},"geometry":{"type":"Polygon","coordinates":[[[10.644228,59.834925],[10.650488,59.834925],[10.650488,59.83791],[10.644228,59.83791],[10.644228,59.834925]]]}},{"type":"Feature","properties":{"cell_id":"r072c053","latitude":59.836418,"longitude":10.684919},"geometry":{"type":"Polygon","coordinates":[[[10.681789,59.834925],[10.688049,59.834925],[10.688049,59.83791],[10.681789,59.83791],[10.681789,59.834925]]]}},{"type":"Feature","properties":{"cell_id":"r072c054","latitude":59.836418,"longitude":10.691179},"geometry":{"type":"Polygon","coordinates":[[[10.688049,59.834925],[10.694309,59.834925],[10.694309,59.83791],[10.688049,59.83791],[10.688049,59.834925]]]}},{"type":"Feature","properties":{"cell_id":"r072c069","latitude":59.836418,"longitude":10.785081},"geometry":{"type":"Polygon","coordinates":[[[10.781951,59.834925],[10.788211,59.834925],[10.788211,59.83791],[10.781951,59.83791],[10.781951,59.834925]]]}},{"type":"Feature","properties":{"cell_id":"r072c070","latitude":59.836418,"longitude":10.791341},"geometry":{"type":"Polygon","coordinates":[[[10.788211,59.834925],[10.794472,59.834925],[10.794472,59.83791],[10.788211,59.83791],[10.788211,59.834925]]]}},{"type":"Feature","properties":{"cell_id":"r072c071","latitude":59.836418,"longitude":10.797602},"geometry":{"type":"Polygon","coordinates":[[[10.794472,59.834925],[10.800732,59.834925],[10.800732,59.83791],[10.794472,59.83791],[10.794472,59.834925]]]}},{"type":"Feature","properties":{"cell_id":"r072c072","latitude":59.836418,"longitude":10.803862},"geometry":{"type":"Polygon","coordinates":[[[10.800732,59.834925],[10.806992,59.834925],[10.806992,59.83791],[10.800732,59.83791],[10.800732,59.834925]]]}},{"type":"Feature","properties":{"cell_id":"r072c073","latitude":59.836418,"longitude":10.810122},"geometry":{"type":"Polygon","coordinates":[[[10.806992,59.834925],[10.813252,59.834925],[10.813252,59.83791],[10.806992,59.83791],[10.806992,59.834925]]]}},{"type":"Feature","properties":{"cell_id":"r072c076","latitude":59.836418,"longitude":10.828902},"geometry":{"type":"Polygon","coordinates":[[[10.825772,59.834925],[10.832033,59.834925],[10.832033,59.83791],[10.825772,59.83791],[10.825772,59.834925]]]}},{"type":"Feature","properties":{"cell_id":"r073c009","latitude":59.839403,"longitude":10.409472},"geometry":{"type":"Polygon","coordinates":[[[10.406341,59.83791],[10.412602,59.83791],[10.412602,59.840896],[10.406341,59.840896],[10.406341,59.83791]]]}},{"type":"Feature","properties":{"cell_id":"r073c012","latitude":59.839403,"longitude":10.428252},"geometry":{"type":"Polygon","coordinates":[[[10.425122,59.83791],[10.431382,59.83791],[10.431382,59.840896],[10.425122,59.840896],[10.425122,59.83791]]]}},{"type":"Feature","properties":{"cell_id":"r073c013","latitude":59.839403,"longitude":10.434512},"geometry":{"type":"Polygon","coordinates":[[[10.431382,59.83791],[10.437642,59.83791],[10.437642,59.840896],[10.431382,59.840896],[10.431382,59.83791]]]}},{"type":"Feature","properties":{"cell_id":"r073c014","latitude":59.839403,"longitude":10.440772},"geometry":{"type":"Polygon","coordinates":[[[10.437642,59.83791],[10.443902,59.83791],[10.443902,59.840896],[10.437642,59.840896],[10.437642,59.83791]]]}},{"type":"Feature","properties":{"cell_id":"r073c015","latitude":59.839403,"longitude":10.447033},"geometry":{"type":"Polygon","coordinates":[[[10.443902,59.83791],[10.450163,59.83791],[10.450163,59.840896],[10.443902,59.840896],[10.443902,59.83791]]]}},{"type":"Feature","properties":{"cell_id":"r073c016","latitude":59.839403,"longitude":10.453293},"geometry":{"type":"Polygon","coordinates":[[[10.450163,59.83791],[10.456423,59.83791],[10.456423,59.840896],[10.450163,59.840896],[10.450163,59.83791]]]}},{"type":"Feature","properties":{"cell_id":"r073c017","latitude":59.839403,"longitude":10.459553},"geometry":{"type":"Polygon","coordinates":[[[10.456423,59.83791],[10.462683,59.83791],[10.462683,59.840896],[10.456423,59.840896],[10.456423,59.83791]]]}},{"type":"Feature","properties":{"cell_id":"r073c018","latitude":59.839403,"longitude":10.465813},"geometry":{"type":"Polygon","coordinates":[[[10.462683,59.83791],[10.468943,59.83791],[10.468943,59.840896],[10.462683,59.840896],[10.462683,59.83791]]]}},{"type":"Feature","properties":{"cell_id":"r073c019","latitude":59.839403,"longitude":10.472073},"geometry":{"type":"Polygon","coordinates":[[[10.468943,59.83791],[10.475203,59.83791],[10.475203,59.840896],[10.468943,59.840896],[10.468943,59.83791]]]}},{"type":"Feature","properties":{"cell_id":"r073c052","latitude":59.839403,"longitude":10.678659},"geometry":{"type":"Polygon","coordinates":[[[10.675528,59.83791],[10.681789,59.83791],[10.681789,59.840896],[10.675528,59.840896],[10.675528,59.83791]]]}},{"type":"Feature","properties":{"cell_id":"r073c053","latitude":59.839403,"longitude":10.684919},"geometry":{"type":"Polygon","coordinates":[[[10.681789,59.83791],[10.688049,59.83791],[10.688049,59.840896],[10.681789,59.840896],[10.681789,59.83791]]]}},{"type":"Feature","properties":{"cell_id":"r073c054","latitude":59.839403,"longitude":10.691179},"geometry":{"type":"Polygon","coordinates":[[[10.688049,59.83791],[10.694309,59.83791],[10.694309,59.840896],[10.688049,59.840896],[10.688049,59.83791]]]}},{"type":"Feature","properties":{"cell_id":"r073c070","latitude":59.839403,"longitude":10.791341},"geometry":{"type":"Polygon","coordinates":[[[10.788211,59.83791],[10.794472,59.83791],[10.794472,59.840896],[10.788211,59.840896],[10.788211,59.83791]]]}},{"type":"Feature","properties":{"cell_id":"r073c071","latitude":59.839403,"longitude":10.797602},"geometry":{"type":"Polygon","coordinates":[[[10.794472,59.83791],[10.800732,59.83791],[10.800732,59.840896],[10.794472,59.840896],[10.794472,59.83791]]]}},{"type":"Feature","properties":{"cell_id":"r073c072","latitude":59.839403,"longitude":10.803862},"geometry":{"type":"Polygon","coordinates":[[[10.800732,59.83791],[10.806992,59.83791],[10.806992,59.840896],[10.800732,59.840896],[10.800732,59.83791]]]}},{"type":"Feature","properties":{"cell_id":"r073c073","latitude":59.839403,"longitude":10.810122},"geometry":{"type":"Polygon","coordinates":[[[10.806992,59.83791],[10.813252,59.83791],[10.813252,59.840896],[10.806992,59.840896],[10.806992,59.83791]]]}},{"type":"Feature","properties":{"cell_id":"r074c008","latitude":59.842388,"longitude":10.403211},"geometry":{"type":"Polygon","coordinates":[[[10.400081,59.840896],[10.406341,59.840896],[10.406341,59.843881],[10.400081,59.843881],[10.400081,59.840896]]]}},{"type":"Feature","properties":{"cell_id":"r074c011","latitude":59.842388,"longitude":10.421992},"geometry":{"type":"Polygon","coordinates":[[[10.418862,59.840896],[10.425122,59.840896],[10.425122,59.843881],[10.418862,59.843881],[10.418862,59.840896]]]}},{"type":"Feature","properties":{"cell_id":"r074c012","latitude":59.842388,"longitude":10.428252},"geometry":{"type":"Polygon","coordinates":[[[10.425122,59.840896],[10.431382,59.840896],[10.431382,59.843881],[10.425122,59.843881],[10.425122,59.840896]]]}},{"type":"Feature","properties":{"cell_id":"r074c013","latitude":59.842388,"longitude":10.434512},"geometry":{"type":"Polygon","coordinates":[[[10.431382,59.840896],[10.437642,59.840896],[10.437642,59.843881],[10.431382,59.843881],[10.431382,59.840896]]]}},{"type":"Feature","properties":{"cell_id":"r074c014","latitude":59.842388,"longitude":10.440772},"geometry":{"type":"Polygon","coordinates":[[[10.437642,59.840896],[10.443902,59.840896],[10.443902,59.843881],[10.437642,59.843881],[10.437642,59.840896]]]}},{"type":"Feature","properties":{"cell_id":"r074c015","latitude":59.842388,"longitude":10.447033},"geometry":{"type":"Polygon","coordinates":[[[10.443902,59.840896],[10.450163,59.840896],[10.450163,59.843881],[10.443902,59.843881],[10.443902,59.840896]]]}},{"type":"Feature","properties":{"cell_id":"r074c016","latitude":59.842388,"longitude":10.453293},"geometry":{"type":"Polygon","coordinates":[[[10.450163,59.840896],[10.456423,59.840896],[10.456423,59.843881],[10.450163,59.843881],[10.450163,59.840896]]]}},{"type":"Feature","properties":{"cell_id":"r074c017","latitude":59.842388,"longitude":10.459553},"geometry":{"type":"Polygon","coordinates":[[[10.456423,59.840896],[10.462683,59.840896],[10.462683,59.843881],[10.456423,59.843881],[10.456423,59.840896]]]}},{"type":"Feature","properties":{"cell_id":"r074c018","latitude":59.842388,"longitude":10.465813},"geometry":{"type":"Polygon","coordinates":[[[10.462683,59.840896],[10.468943,59.840896],[10.468943,59.843881],[10.462683,59.843881],[10.462683,59.840896]]]}},{"type":"Feature","properties":{"cell_id":"r074c019","latitude":59.842388,"longitude":10.472073},"geometry":{"type":"Polygon","coordinates":[[[10.468943,59.840896],[10.475203,59.840896],[10.475203,59.843881],[10.468943,59.843881],[10.468943,59.840896]]]}},{"type":"Feature","properties":{"cell_id":"r074c020","latitude":59.842388,"longitude":10.478333},"geometry":{"type":"Polygon","coordinates":[[[10.475203,59.840896],[10.481463,59.840896],[10.481463,59.843881],[10.475203,59.843881],[10.475203,59.840896]]]}},{"type":"Feature","properties":{"cell_id":"r074c051","latitude":59.842388,"longitude":10.672398},"geometry":{"type":"Polygon","coordinates":[[[10.669268,59.840896],[10.675528,59.840896],[10.675528,59.843881],[10.669268,59.843881],[10.669268,59.840896]]]}},{"type":"Feature","properties":{"cell_id":"r074c052","latitude":59.842388,"longitude":10.678659},"geometry":{"type":"Polygon","coordinates":[[[10.675528,59.840896],[10.681789,59.840896],[10.681789,59.843881],[10.675528,59.843881],[10.675528,59.840896]]]}},{"type":"Feature","properties":{"cell_id":"r074c053","latitude":59.842388,"longitude":10.684919},"geometry":{"type":"Polygon","coordinates":[[[10.681789,59.840896],[10.688049,59.840896],[10.688049,59.843881],[10.681789,59.843881],[10.681789,59.840896]]]}},{"type":"Feature","properties":{"cell_id":"r074c054","latitude":59.842388,"longitude":10.691179},"geometry":{"type":"Polygon","coordinates":[[[10.688049,59.840896],[10.694309,59.840896],[10.694309,59.843881],[10.688049,59.843881],[10.688049,59.840896]]]}},{"type":"Feature","properties":{"cell_id":"r074c068","latitude":59.842388,"longitude":10.778821},"geometry":{"type":"Polygon","coordinates":[[[10.775691,59.840896],[10.781951,59.840896],[10.781951,59.843881],[10.775691,59.843881],[10.775691,59.840896]]]}},{"type":"Feature","properties":{"cell_id":"r074c071","latitude":59.842388,"longitude":10.797602},"geometry":{"type":"Polygon","coordinates":[[[10.794472,59.840896],[10.800732,59.840896],[10.800732,59.843881],[10.794472,59.843881],[10.794472,59.840896]]]}},{"type":"Feature","properties":{"cell_id":"r074c072","latitude":59.842388,"longitude":10.803862},"geometry":{"type":"Polygon","coordinates":[[[10.800732,59.840896],[10.806992,59.840896],[10.806992,59.843881],[10.800732,59.843881],[10.800732,59.840896]]]}},{"type":"Feature","properties":{"cell_id":"r074c073","latitude":59.842388,"longitude":10.810122},"geometry":{"type":"Polygon","coordinates":[[[10.806992,59.840896],[10.813252,59.840896],[10.813252,59.843881],[10.806992,59.843881],[10.806992,59.840896]]]}},{"type":"Feature","properties":{"cell_id":"r074c074","latitude":59.842388,"longitude":10.816382},"geometry":{"type":"Polygon","coordinates":[[[10.813252,59.840896],[10.819512,59.840896],[10.819512,59.843881],[10.813252,59.843881],[10.813252,59.840896]]]}},{"type":"Feature","properties":{"cell_id":"r074c076","latitude":59.842388,"longitude":10.828902},"geometry":{"type":"Polygon","coordinates":[[[10.825772,59.840896],[10.832033,59.840896],[10.832033,59.843881],[10.825772,59.843881],[10.825772,59.840896]]]}},{"type":"Feature","properties":{"cell_id":"r074c079","latitude":59.842388,"longitude":10.847683},"geometry":{"type":"Polygon","coordinates":[[[10.844553,59.840896],[10.850813,59.840896],[10.850813,59.843881],[10.844553,59.843881],[10.844553,59.840896]]]}},{"type":"Feature","properties":{"cell_id":"r075c008","latitude":59.845373,"longitude":10.403211},"geometry":{"type":"Polygon","coordinates":[[[10.400081,59.843881],[10.406341,59.843881],[10.406341,59.846866],[10.400081,59.846866],[10.400081,59.843881]]]}},{"type":"Feature","properties":{"cell_id":"r075c010","latitude":59.845373,"longitude":10.415732},"geometry":{"type":"Polygon","coordinates":[[[10.412602,59.843881],[10.418862,59.843881],[10.418862,59.846866],[10.412602,59.846866],[10.412602,59.843881]]]}},{"type":"Feature","properties":{"cell_id":"r075c012","latitude":59.845373,"longitude":10.428252},"geometry":{"type":"Polygon","coordinates":[[[10.425122,59.843881],[10.431382,59.843881],[10.431382,59.846866],[10.425122,59.846866],[10.425122,59.843881]]]}},{"type":"Feature","properties":{"cell_id":"r075c013","latitude":59.845373,"longitude":10.434512},"geometry":{"type":"Polygon","coordinates":[[[10.431382,59.843881],[10.437642,59.843881],[10.437642,59.846866],[10.431382,59.846866],[10.431382,59.843881]]]}},{"type":"Feature","properties":{"cell_id":"r075c015","latitude":59.845373,"longitude":10.447033},"geometry":{"type":"Polygon","coordinates":[[[10.443902,59.843881],[10.450163,59.843881],[10.450163,59.846866],[10.443902,59.846866],[10.443902,59.843881]]]}},{"type":"Feature","properties":{"cell_id":"r075c016","latitude":59.845373,"longitude":10.453293},"geometry":{"type":"Polygon","coordinates":[[[10.450163,59.843881],[10.456423,59.843881],[10.456423,59.846866],[10.450163,59.846866],[10.450163,59.843881]]]}},{"type":"Feature","properties":{"cell_id":"r075c017","latitude":59.845373,"longitude":10.459553},"geometry":{"type":"Polygon","coordinates":[[[10.456423,59.843881],[10.462683,59.843881],[10.462683,59.846866],[10.456423,59.846866],[10.456423,59.843881]]]}},{"type":"Feature","properties":{"cell_id":"r075c018","latitude":59.845373,"longitude":10.465813},"geometry":{"type":"Polygon","coordinates":[[[10.462683,59.843881],[10.468943,59.843881],[10.468943,59.846866],[10.462683,59.846866],[10.462683,59.843881]]]}},{"type":"Feature","properties":{"cell_id":"r075c019","latitude":59.845373,"longitude":10.472073},"geometry":{"type":"Polygon","coordinates":[[[10.468943,59.843881],[10.475203,59.843881],[10.475203,59.846866],[10.468943,59.846866],[10.468943,59.843881]]]}},{"type":"Feature","properties":{"cell_id":"r075c020","latitude":59.845373,"longitude":10.478333},"geometry":{"type":"Polygon","coordinates":[[[10.475203,59.843881],[10.481463,59.843881],[10.481463,59.846866],[10.475203,59.846866],[10.475203,59.843881]]]}},{"type":"Feature","properties":{"cell_id":"r075c021","latitude":59.845373,"longitude":10.484593},"geometry":{"type":"Polygon","coordinates":[[[10.481463,59.843881],[10.487724,59.843881],[10.487724,59.846866],[10.481463,59.846866],[10.481463,59.843881]]]}},{"type":"Feature","properties":{"cell_id":"r075c048","latitude":59.845373,"longitude":10.653618},"geometry":{"type":"Polygon","coordinates":[[[10.650488,59.843881],[10.656748,59.843881],[10.656748,59.846866],[10.650488,59.846866],[10.650488,59.843881]]]}},{"type":"Feature","properties":{"cell_id":"r075c049","latitude":59.845373,"longitude":10.659878},"geometry":{"type":"Polygon","coordinates":[[[10.656748,59.843881],[10.663008,59.843881],[10.663008,59.846866],[10.656748,59.846866],[10.656748,59.843881]]]}},{"type":"Feature","properties":{"cell_id":"r075c051","latitude":59.845373,"longitude":10.672398},"geometry":{"type":"Polygon","coordinates":[[[10.669268,59.843881],[10.675528,59.843881],[10.675528,59.846866],[10.669268,59.846866],[10.669268,59.843881]]]}},{"type":"Feature","properties":{"cell_id":"r075c052","latitude":59.845373,"longitude":10.678659},"geometry":{"type":"Polygon","coordinates":[[[10.675528,59.843881],[10.681789,59.843881],[10.681789,59.846866],[10.675528,59.846866],[10.675528,59.843881]]]}},{"type":"Feature","properties":{"cell_id":"r075c053","latitude":59.845373,"longitude":10.684919},"geometry":{"type":"Polygon","coordinates":[[[10.681789,59.843881],[10.688049,59.843881],[10.688049,59.846866],[10.681789,59.846866],[10.681789,59.843881]]]}},{"type":"Feature","properties":{"cell_id":"r075c054","latitude":59.845373,"longitude":10.691179},"geometry":{"type":"Polygon","coordinates":[[[10.688049,59.843881],[10.694309,59.843881],[10.694309,59.846866],[10.688049,59.846866],[10.688049,59.843881]]]}},{"type":"Feature","properties":{"cell_id":"r075c068","latitude":59.845373,"longitude":10.778821},"geometry":{"type":"Polygon","coordinates":[[[10.775691,59.843881],[10.781951,59.843881],[10.781951,59.846866],[10.775691,59.846866],[10.775691,59.843881]]]}},{"type":"Feature","properties":{"cell_id":"r075c069","latitude":59.845373,"longitude":10.785081},"geometry":{"type":"Polygon","coordinates":[[[10.781951,59.843881],[10.788211,59.843881],[10.788211,59.846866],[10.781951,59.846866],[10.781951,59.843881]]]}},{"type":"Feature","properties":{"cell_id":"r075c071","latitude":59.845373,"longitude":10.797602},"geometry":{"type":"Polygon","coordinates":[[[10.794472,59.843881],[10.800732,59.843881],[10.800732,59.846866],[10.794472,59.846866],[10.794472,59.843881]]]}},{"type":"Feature","properties":{"cell_id":"r075c072","latitude":59.845373,"longitude":10.803862},"geometry":{"type":"Polygon","coordinates":[[[10.800732,59.843881],[10.806992,59.843881],[10.806992,59.846866],[10.800732,59.846866],[10.800732,59.843881]]]}},{"type":"Feature","properties":{"cell_id":"r075c073","latitude":59.845373,"longitude":10.810122},"geometry":{"type":"Polygon","coordinates":[[[10.806992,59.843881],[10.813252,59.843881],[10.813252,59.846866],[10.806992,59.846866],[10.806992,59.843881]]]}},{"type":"Feature","properties":{"cell_id":"r075c076","latitude":59.845373,"longitude":10.828902},"geometry":{"type":"Polygon","coordinates":[[[10.825772,59.843881],[10.832033,59.843881],[10.832033,59.846866],[10.825772,59.846866],[10.825772,59.843881]]]}},{"type":"Feature","properties":{"cell_id":"r075c078","latitude":59.845373,"longitude":10.841423},"geometry":{"type":"Polygon","coordinates":[[[10.838293,59.843881],[10.844553,59.843881],[10.844553,59.846866],[10.838293,59.846866],[10.838293,59.843881]]]}},{"type":"Feature","properties":{"cell_id":"r075c079","latitude":59.845373,"longitude":10.847683},"geometry":{"type":"Polygon","coordinates":[[[10.844553,59.843881],[10.850813,59.843881],[10.850813,59.846866],[10.844553,59.846866],[10.844553,59.843881]]]}},{"type":"Feature","properties":{"cell_id":"r076c010","latitude":59.848358,"longitude":10.415732},"geometry":{"type":"Polygon","coordinates":[[[10.412602,59.846866],[10.418862,59.846866],[10.418862,59.849851],[10.412602,59.849851],[10.412602,59.846866]]]}},{"type":"Feature","properties":{"cell_id":"r076c015","latitude":59.848358,"longitude":10.447033},"geometry":{"type":"Polygon","coordinates":[[[10.443902,59.846866],[10.450163,59.846866],[10.450163,59.849851],[10.443902,59.849851],[10.443902,59.846866]]]}},{"type":"Feature","properties":{"cell_id":"r076c016","latitude":59.848358,"longitude":10.453293},"geometry":{"type":"Polygon","coordinates":[[[10.450163,59.846866],[10.456423,59.846866],[10.456423,59.849851],[10.450163,59.849851],[10.450163,59.846866]]]}},{"type":"Feature","properties":{"cell_id":"r076c017","latitude":59.848358,"longitude":10.459553},"geometry":{"type":"Polygon","coordinates":[[[10.456423,59.846866],[10.462683,59.846866],[10.462683,59.849851],[10.456423,59.849851],[10.456423,59.846866]]]}},{"type":"Feature","properties":{"cell_id":"r076c018","latitude":59.848358,"longitude":10.465813},"geometry":{"type":"Polygon","coordinates":[[[10.462683,59.846866],[10.468943,59.846866],[10.468943,59.849851],[10.462683,59.849851],[10.462683,59.846866]]]}},{"type":"Feature","properties":{"cell_id":"r076c019","latitude":59.848358,"longitude":10.472073},"geometry":{"type":"Polygon","coordinates":[[[10.468943,59.846866],[10.475203,59.846866],[10.475203,59.849851],[10.468943,59.849851],[10.468943,59.846866]]]}},{"type":"Feature","properties":{"cell_id":"r076c022","latitude":59.848358,"longitude":10.490854},"geometry":{"type":"Polygon","coordinates":[[[10.487724,59.846866],[10.493984,59.846866],[10.493984,59.849851],[10.487724,59.849851],[10.487724,59.846866]]]}},{"type":"Feature","properties":{"cell_id":"r076c023","latitude":59.848358,"longitude":10.497114},"geometry":{"type":"Polygon","coordinates":[[[10.493984,59.846866],[10.500244,59.846866],[10.500244,59.849851],[10.493984,59.849851],[10.493984,59.846866]]]}},{"type":"Feature","properties":{"cell_id":"r076c048","latitude":59.848358,"longitude":10.653618},"geometry":{"type":"Polygon","coordinates":[[[10.650488,59.846866],[10.656748,59.846866],[10.656748,59.849851],[10.650488,59.849851],[10.650488,59.846866]]]}},{"type":"Feature","properties":{"cell_id":"r076c049","latitude":59.848358,"longitude":10.659878},"geometry":{"type":"Polygon","coordinates":[[[10.656748,59.846866],[10.663008,59.846866],[10.663008,59.849851],[10.656748,59.849851],[10.656748,59.846866]]]}},{"type":"Feature","properties":{"cell_id":"r076c050","latitude":59.848358,"longitude":10.666138},"geometry":{"type":"Polygon","coordinates":[[[10.663008,59.846866],[10.669268,59.846866],[10.669268,59.849851],[10.663008,59.849851],[10.663008,59.846866]]]}},{"type":"Feature","properties":{"cell_id":"r076c051","latitude":59.848358,"longitude":10.672398},"geometry":{"type":"Polygon","coordinates":[[[10.669268,59.846866],[10.675528,59.846866],[10.675528,59.849851],[10.669268,59.849851],[10.669268,59.846866]]]}},{"type":"Feature","properties":{"cell_id":"r076c052","latitude":59.848358,"longitude":10.678659},"geometry":{"type":"Polygon","coordinates":[[[10.675528,59.846866],[10.681789,59.846866],[10.681789,59.849851],[10.675528,59.849851],[10.675528,59.846866]]]}},{"type":"Feature","properties":{"cell_id":"r076c053","latitude":59.848358,"longitude":10.684919},"geometry":{"type":"Polygon","coordinates":[[[10.681789,59.846866],[10.688049,59.846866],[10.688049,59.849851],[10.681789,59.849851],[10.681789,59.846866]]]}},{"type":"Feature","properties":{"cell_id":"r076c068","latitude":59.848358,"longitude":10.778821},"geometry":{"type":"Polygon","coordinates":[[[10.775691,59.846866],[10.781951,59.846866],[10.781951,59.849851],[10.775691,59.849851],[10.775691,59.846866]]]}},{"type":"Feature","properties":{"cell_id":"r076c069","latitude":59.848358,"longitude":10.785081},"geometry":{"type":"Polygon","coordinates":[[[10.781951,59.846866],[10.788211,59.846866],[10.788211,59.849851],[10.781951,59.849851],[10.781951,59.846866]]]}},{"type":"Feature","properties":{"cell_id":"r076c070","latitude":59.848358,"longitude":10.791341},"geometry":{"type":"Polygon","coordinates":[[[10.788211,59.846866],[10.794472,59.846866],[10.794472,59.849851],[10.788211,59.849851],[10.788211,59.846866]]]}},{"type":"Feature","properties":{"cell_id":"r076c071","latitude":59.848358,"longitude":10.797602},"geometry":{"type":"Polygon","coordinates":[[[10.794472,59.846866],[10.800732,59.846866],[10.800732,59.849851],[10.794472,59.849851],[10.794472,59.846866]]]}},{"type":"Feature","properties":{"cell_id":"r076c072","latitude":59.848358,"longitude":10.803862},"geometry":{"type":"Polygon","coordinates":[[[10.800732,59.846866],[10.806992,59.846866],[10.806992,59.849851],[10.800732,59.849851],[10.800732,59.846866]]]}},{"type":"Feature","properties":{"cell_id":"r076c073","latitude":59.848358,"longitude":10.810122},"geometry":{"type":"Polygon","coordinates":[[[10.806992,59.846866],[10.813252,59.846866],[10.813252,59.849851],[10.806992,59.849851],[10.806992,59.846866]]]}},{"type":"Feature","properties":{"cell_id":"r076c074","latitude":59.848358,"longitude":10.816382},"geometry":{"type":"Polygon","coordinates":[[[10.813252,59.846866],[10.819512,59.846866],[10.819512,59.849851],[10.813252,59.849851],[10.813252,59.846866]]]}},{"type":"Feature","properties":{"cell_id":"r076c075","latitude":59.848358,"longitude":10.822642},"geometry":{"type":"Polygon","coordinates":[[[10.819512,59.846866],[10.825772,59.846866],[10.825772,59.849851],[10.819512,59.849851],[10.819512,59.846866]]]}},{"type":"Feature","properties":{"cell_id":"r076c076","latitude":59.848358,"longitude":10.828902},"geometry":{"type":"Polygon","coordinates":[[[10.825772,59.846866],[10.832033,59.846866],[10.832033,59.849851],[10.825772,59.849851],[10.825772,59.846866]]]}},{"type":"Feature","properties":{"cell_id":"r076c078","latitude":59.848358,"longitude":10.841423},"geometry":{"type":"Polygon","coordinates":[[[10.838293,59.846866],[10.844553,59.846866],[10.844553,59.849851],[10.838293,59.849851],[10.838293,59.846866]]]}},{"type":"Feature","properties":{"cell_id":"r077c011","latitude":59.851343,"longitude":10.421992},"geometry":{"type":"Polygon","coordinates":[[[10.418862,59.849851],[10.425122,59.849851],[10.425122,59.852836],[10.418862,59.852836],[10.418862,59.849851]]]}},{"type":"Feature","properties":{"cell_id":"r077c016","latitude":59.851343,"longitude":10.453293},"geometry":{"type":"Polygon","coordinates":[[[10.450163,59.849851],[10.456423,59.849851],[10.456423,59.852836],[10.450163,59.852836],[10.450163,59.849851]]]}},{"type":"Feature","properties":{"cell_id":"r077c017","latitude":59.851343,"longitude":10.459553},"geometry":{"type":"Polygon","coordinates":[[[10.456423,59.849851],[10.462683,59.849851],[10.462683,59.852836],[10.456423,59.852836],[10.456423,59.849851]]]}},{"type":"Feature","properties":{"cell_id":"r077c018","latitude":59.851343,"longitude":10.465813},"geometry":{"type":"Polygon","coordinates":[[[10.462683,59.849851],[10.468943,59.849851],[10.468943,59.852836],[10.462683,59.852836],[10.462683,59.849851]]]}},{"type":"Feature","properties":{"cell_id":"r077c019","latitude":59.851343,"longitude":10.472073},"geometry":{"type":"Polygon","coordinates":[[[10.468943,59.849851],[10.475203,59.849851],[10.475203,59.852836],[10.468943,59.852836],[10.468943,59.849851]]]}},{"type":"Feature","properties":{"cell_id":"r077c020","latitude":59.851343,"longitude":10.478333},"geometry":{"type":"Polygon","coordinates":[[[10.475203,59.849851],[10.481463,59.849851],[10.481463,59.852836],[10.475203,59.852836],[10.475203,59.849851]]]}},{"type":"Feature","properties":{"cell_id":"r077c048","latitude":59.851343,"longitude":10.653618},"geometry":{"type":"Polygon","coordinates":[[[10.650488,59.849851],[10.656748,59.849851],[10.656748,59.852836],[10.650488,59.852836],[10.650488,59.849851]]]}},{"type":"Feature","properties":{"cell_id":"r077c049","latitude":59.851343,"longitude":10.659878},"geometry":{"type":"Polygon","coordinates":[[[10.656748,59.849851],[10.663008,59.849851],[10.663008,59.852836],[10.656748,59.852836],[10.656748,59.849851]]]}},{"type":"Feature","properties":{"cell_id":"r077c051","latitude":59.851343,"longitude":10.672398},"geometry":{"type":"Polygon","coordinates":[[[10.669268,59.849851],[10.675528,59.849851],[10.675528,59.852836],[10.669268,59.852836],[10.669268,59.849851]]]}},{"type":"Feature","properties":{"cell_id":"r077c052","latitude":59.851343,"longitude":10.678659},"geometry":{"type":"Polygon","coordinates":[[[10.675528,59.849851],[10.681789,59.849851],[10.681789,59.852836],[10.675528,59.852836],[10.675528,59.849851]]]}},{"type":"Feature","properties":{"cell_id":"r077c069","latitude":59.851343,"longitude":10.785081},"geometry":{"type":"Polygon","coordinates":[[[10.781951,59.849851],[10.788211,59.849851],[10.788211,59.852836],[10.781951,59.852836],[10.781951,59.849851]]]}},{"type":"Feature","properties":{"cell_id":"r077c070","latitude":59.851343,"longitude":10.791341},"geometry":{"type":"Polygon","coordinates":[[[10.788211,59.849851],[10.794472,59.849851],[10.794472,59.852836],[10.788211,59.852836],[10.788211,59.849851]]]}},{"type":"Feature","properties":{"cell_id":"r077c071","latitude":59.851343,"longitude":10.797602},"geometry":{"type":"Polygon","coordinates":[[[10.794472,59.849851],[10.800732,59.849851],[10.800732,59.852836],[10.794472,59.852836],[10.794472,59.849851]]]}},{"type":"Feature","properties":{"cell_id":"r077c072","latitude":59.851343,"longitude":10.803862},"geometry":{"type":"Polygon","coordinates":[[[10.800732,59.849851],[10.806992,59.849851],[10.806992,59.852836],[10.800732,59.852836],[10.800732,59.849851]]]}},{"type":"Feature","properties":{"cell_id":"r077c078","latitude":59.851343,"longitude":10.841423},"geometry":{"type":"Polygon","coordinates":[[[10.838293,59.849851],[10.844553,59.849851],[10.844553,59.852836],[10.838293,59.852836],[10.838293,59.849851]]]}},{"type":"Feature","properties":{"cell_id":"r078c011","latitude":59.854328,"longitude":10.421992},"geometry":{"type":"Polygon","coordinates":[[[10.418862,59.852836],[10.425122,59.852836],[10.425122,59.855821],[10.418862,59.855821],[10.418862,59.852836]]]}},{"type":"Feature","properties":{"cell_id":"r078c013","latitude":59.854328,"longitude":10.434512},"geometry":{"type":"Polygon","coordinates":[[[10.431382,59.852836],[10.437642,59.852836],[10.437642,59.855821],[10.431382,59.855821],[10.431382,59.852836]]]}},{"type":"Feature","properties":{"cell_id":"r078c017","latitude":59.854328,"longitude":10.459553},"geometry":{"type":"Polygon","coordinates":[[[10.456423,59.852836],[10.462683,59.852836],[10.462683,59.855821],[10.456423,59.855821],[10.456423,59.852836]]]}},{"type":"Feature","properties":{"cell_id":"r078c018","latitude":59.854328,"longitude":10.465813},"geometry":{"type":"Polygon","coordinates":[[[10.462683,59.852836],[10.468943,59.852836],[10.468943,59.855821],[10.462683,59.855821],[10.462683,59.852836]]]}},{"type":"Feature","properties":{"cell_id":"r078c019","latitude":59.854328,"longitude":10.472073},"geometry":{"type":"Polygon","coordinates":[[[10.468943,59.852836],[10.475203,59.852836],[10.475203,59.855821],[10.468943,59.855821],[10.468943,59.852836]]]}},{"type":"Feature","properties":{"cell_id":"r078c020","latitude":59.854328,"longitude":10.478333},"geometry":{"type":"Polygon","coordinates":[[[10.475203,59.852836],[10.481463,59.852836],[10.481463,59.855821],[10.475203,59.855821],[10.475203,59.852836]]]}},{"type":"Feature","properties":{"cell_id":"r078c021","latitude":59.854328,"longitude":10.484593},"geometry":{"type":"Polygon","coordinates":[[[10.481463,59.852836],[10.487724,59.852836],[10.487724,59.855821],[10.481463,59.855821],[10.481463,59.852836]]]}},{"type":"Feature","properties":{"cell_id":"r078c022","latitude":59.854328,"longitude":10.490854},"geometry":{"type":"Polygon","coordinates":[[[10.487724,59.852836],[10.493984,59.852836],[10.493984,59.855821],[10.487724,59.855821],[10.487724,59.852836]]]}},{"type":"Feature","properties":{"cell_id":"r078c048","latitude":59.854328,"longitude":10.653618},"geometry":{"type":"Polygon","coordinates":[[[10.650488,59.852836],[10.656748,59.852836],[10.656748,59.855821],[10.650488,59.855821],[10.650488,59.852836]]]}},{"type":"Feature","properties":{"cell_id":"r078c049","latitude":59.854328,"longitude":10.659878},"geometry":{"type":"Polygon","coordinates":[[[10.656748,59.852836],[10.663008,59.852836],[10.663008,59.855821],[10.656748,59.855821],[10.656748,59.852836]]]}},{"type":"Feature","properties":{"cell_id":"r078c050","latitude":59.854328,"longitude":10.666138},"geometry":{"type":"Polygon","coordinates":[[[10.663008,59.852836],[10.669268,59.852836],[10.669268,59.855821],[10.663008,59.855821],[10.663008,59.852836]]]}},{"type":"Feature","properties":{"cell_id":"r078c051","latitude":59.854328,"longitude":10.672398},"geometry":{"type":"Polygon","coordinates":[[[10.669268,59.852836],[10.675528,59.852836],[10.675528,59.855821],[10.669268,59.855821],[10.669268,59.852836]]]}},{"type":"Feature","properties":{"cell_id":"r078c052","latitude":59.854328,"longitude":10.678659},"geometry":{"type":"Polygon","coordinates":[[[10.675528,59.852836],[10.681789,59.852836],[10.681789,59.855821],[10.675528,59.855821],[10.675528,59.852836]]]}},{"type":"Feature","properties":{"cell_id":"r078c069","latitude":59.854328,"longitude":10.785081},"geometry":{"type":"Polygon","coordinates":[[[10.781951,59.852836],[10.788211,59.852836],[10.788211,59.855821],[10.781951,59.855821],[10.781951,59.852836]]]}},{"type":"Feature","properties":{"cell_id":"r078c070","latitude":59.854328,"longitude":10.791341},"geometry":{"type":"Polygon","coordinates":[[[10.788211,59.852836],[10.794472,59.852836],[10.794472,59.855821],[10.788211,59.855821],[10.788211,59.852836]]]}},{"type":"Feature","properties":{"cell_id":"r078c071","latitude":59.854328,"longitude":10.797602},"geometry":{"type":"Polygon","coordinates":[[[10.794472,59.852836],[10.800732,59.852836],[10.800732,59.855821],[10.794472,59.855821],[10.794472,59.852836]]]}},{"type":"Feature","properties":{"cell_id":"r078c072","latitude":59.854328,"longitude":10.803862},"geometry":{"type":"Polygon","coordinates":[[[10.800732,59.852836],[10.806992,59.852836],[10.806992,59.855821],[10.800732,59.855821],[10.800732,59.852836]]]}},{"type":"Feature","properties":{"cell_id":"r078c073","latitude":59.854328,"longitude":10.810122},"geometry":{"type":"Polygon","coordinates":[[[10.806992,59.852836],[10.813252,59.852836],[10.813252,59.855821],[10.806992,59.855821],[10.806992,59.852836]]]}},{"type":"Feature","properties":{"cell_id":"r078c074","latitude":59.854328,"longitude":10.816382},"geometry":{"type":"Polygon","coordinates":[[[10.813252,59.852836],[10.819512,59.852836],[10.819512,59.855821],[10.813252,59.855821],[10.813252,59.852836]]]}},{"type":"Feature","properties":{"cell_id":"r078c075","latitude":59.854328,"longitude":10.822642},"geometry":{"type":"Polygon","coordinates":[[[10.819512,59.852836],[10.825772,59.852836],[10.825772,59.855821],[10.819512,59.855821],[10.819512,59.852836]]]}},{"type":"Feature","properties":{"cell_id":"r078c076","latitude":59.854328,"longitude":10.828902},"geometry":{"type":"Polygon","coordinates":[[[10.825772,59.852836],[10.832033,59.852836],[10.832033,59.855821],[10.825772,59.855821],[10.825772,59.852836]]]}},{"type":"Feature","properties":{"cell_id":"r078c078","latitude":59.854328,"longitude":10.841423},"geometry":{"type":"Polygon","coordinates":[[[10.838293,59.852836],[10.844553,59.852836],[10.844553,59.855821],[10.838293,59.855821],[10.838293,59.852836]]]}},{"type":"Feature","properties":{"cell_id":"r079c017","latitude":59.857313,"longitude":10.459553},"geometry":{"type":"Polygon","coordinates":[[[10.456423,59.855821],[10.462683,59.855821],[10.462683,59.858806],[10.456423,59.858806],[10.456423,59.855821]]]}},{"type":"Feature","properties":{"cell_id":"r079c018","latitude":59.857313,"longitude":10.465813},"geometry":{"type":"Polygon","coordinates":[[[10.462683,59.855821],[10.468943,59.855821],[10.468943,59.858806],[10.462683,59.858806],[10.462683,59.855821]]]}},{"type":"Feature","properties":{"cell_id":"r079c019","latitude":59.857313,"longitude":10.472073},"geometry":{"type":"Polygon","coordinates":[[[10.468943,59.855821],[10.475203,59.855821],[10.475203,59.858806],[10.468943,59.858806],[10.468943,59.855821]]]}},{"type":"Feature","properties":{"cell_id":"r079c020","latitude":59.857313,"longitude":10.478333},"geometry":{"type":"Polygon","coordinates":[[[10.475203,59.855821],[10.481463,59.855821],[10.481463,59.858806],[10.475203,59.858806],[10.475203,59.855821]]]}},{"type":"Feature","properties":{"cell_id":"r079c021","latitude":59.857313,"longitude":10.484593},"geometry":{"type":"Polygon","coordinates":[[[10.481463,59.855821],[10.487724,59.855821],[10.487724,59.858806],[10.481463,59.858806],[10.481463,59.855821]]]}},{"type":"Feature","properties":{"cell_id":"r079c022","latitude":59.857313,"longitude":10.490854},"geometry":{"type":"Polygon","coordinates":[[[10.487724,59.855821],[10.493984,59.855821],[10.493984,59.858806],[10.487724,59.858806],[10.487724,59.855821]]]}},{"type":"Feature","properties":{"cell_id":"r079c024","latitude":59.857313,"longitude":10.503374},"geometry":{"type":"Polygon","coordinates":[[[10.500244,59.855821],[10.506504,59.855821],[10.506504,59.858806],[10.500244,59.858806],[10.500244,59.855821]]]}},{"type":"Feature","properties":{"cell_id":"r079c029","latitude":59.857313,"longitude":10.534675},"geometry":{"type":"Polygon","coordinates":[[[10.531545,59.855821],[10.537805,59.855821],[10.537805,59.858806],[10.531545,59.858806],[10.531545,59.855821]]]}},{"type":"Feature","properties":{"cell_id":"r079c048","latitude":59.857313,"longitude":10.653618},"geometry":{"type":"Polygon","coordinates":[[[10.650488,59.855821],[10.656748,59.855821],[10.656748,59.858806],[10.650488,59.858806],[10.650488,59.855821]]]}},{"type":"Feature","properties":{"cell_id":"r079c049","latitude":59.857313,"longitude":10.659878},"geometry":{"type":"Polygon","coordinates":[[[10.656748,59.855821],[10.663008,59.855821],[10.663008,59.858806],[10.656748,59.858806],[10.656748,59.855821]]]}},{"type":"Feature","properties":{"cell_id":"r079c050","latitude":59.857313,"longitude":10.666138},"geometry":{"type":"Polygon","coordinates":[[[10.663008,59.855821],[10.669268,59.855821],[10.669268,59.858806],[10.663008,59.858806],[10.663008,59.855821]]]}},{"type":"Feature","properties":{"cell_id":"r079c051","latitude":59.857313,"longitude":10.672398},"geometry":{"type":"Polygon","coordinates":[[[10.669268,59.855821],[10.675528,59.855821],[10.675528,59.858806],[10.669268,59.858806],[10.669268,59.855821]]]}},{"type":"Feature","properties":{"cell_id":"r079c069","latitude":59.857313,"longitude":10.785081},"geometry":{"type":"Polygon","coordinates":[[[10.781951,59.855821],[10.788211,59.855821],[10.788211,59.858806],[10.781951,59.858806],[10.781951,59.855821]]]}},{"type":"Feature","properties":{"cell_id":"r079c070","latitude":59.857313,"longitude":10.791341},"geometry":{"type":"Polygon","coordinates":[[[10.788211,59.855821],[10.794472,59.855821],[10.794472,59.858806],[10.788211,59.858806],[10.788211,59.855821]]]}},{"type":"Feature","properties":{"cell_id":"r079c071","latitude":59.857313,"longitude":10.797602},"geometry":{"type":"Polygon","coordinates":[[[10.794472,59.855821],[10.800732,59.855821],[10.800732,59.858806],[10.794472,59.858806],[10.794472,59.855821]]]}},{"type":"Feature","properties":{"cell_id":"r079c072","latitude":59.857313,"longitude":10.803862},"geometry":{"type":"Polygon","coordinates":[[[10.800732,59.855821],[10.806992,59.855821],[10.806992,59.858806],[10.800732,59.858806],[10.800732,59.855821]]]}},{"type":"Feature","properties":{"cell_id":"r079c073","latitude":59.857313,"longitude":10.810122},"geometry":{"type":"Polygon","coordinates":[[[10.806992,59.855821],[10.813252,59.855821],[10.813252,59.858806],[10.806992,59.858806],[10.806992,59.855821]]]}},{"type":"Feature","properties":{"cell_id":"r079c074","latitude":59.857313,"longitude":10.816382},"geometry":{"type":"Polygon","coordinates":[[[10.813252,59.855821],[10.819512,59.855821],[10.819512,59.858806],[10.813252,59.858806],[10.813252,59.855821]]]}},{"type":"Feature","properties":{"cell_id":"r079c075","latitude":59.857313,"longitude":10.822642},"geometry":{"type":"Polygon","coordinates":[[[10.819512,59.855821],[10.825772,59.855821],[10.825772,59.858806],[10.819512,59.858806],[10.819512,59.855821]]]}},{"type":"Feature","properties":{"cell_id":"r079c076","latitude":59.857313,"longitude":10.828902},"geometry":{"type":"Polygon","coordinates":[[[10.825772,59.855821],[10.832033,59.855821],[10.832033,59.858806],[10.825772,59.858806],[10.825772,59.855821]]]}},{"type":"Feature","properties":{"cell_id":"r080c017","latitude":59.860299,"longitude":10.459553},"geometry":{"type":"Polygon","coordinates":[[[10.456423,59.858806],[10.462683,59.858806],[10.462683,59.861791],[10.456423,59.861791],[10.456423,59.858806]]]}},{"type":"Feature","properties":{"cell_id":"r080c018","latitude":59.860299,"longitude":10.465813},"geometry":{"type":"Polygon","coordinates":[[[10.462683,59.858806],[10.468943,59.858806],[10.468943,59.861791],[10.462683,59.861791],[10.462683,59.858806]]]}},{"type":"Feature","properties":{"cell_id":"r080c019","latitude":59.860299,"longitude":10.472073},"geometry":{"type":"Polygon","coordinates":[[[10.468943,59.858806],[10.475203,59.858806],[10.475203,59.861791],[10.468943,59.861791],[10.468943,59.858806]]]}},{"type":"Feature","properties":{"cell_id":"r080c020","latitude":59.860299,"longitude":10.478333},"geometry":{"type":"Polygon","coordinates":[[[10.475203,59.858806],[10.481463,59.858806],[10.481463,59.861791],[10.475203,59.861791],[10.475203,59.858806]]]}},{"type":"Feature","properties":{"cell_id":"r080c021","latitude":59.860299,"longitude":10.484593},"geometry":{"type":"Polygon","coordinates":[[[10.481463,59.858806],[10.487724,59.858806],[10.487724,59.861791],[10.481463,59.861791],[10.481463,59.858806]]]}},{"type":"Feature","properties":{"cell_id":"r080c022","latitude":59.860299,"longitude":10.490854},"geometry":{"type":"Polygon","coordinates":[[[10.487724,59.858806],[10.493984,59.858806],[10.493984,59.861791],[10.487724,59.861791],[10.487724,59.858806]]]}},{"type":"Feature","properties":{"cell_id":"r080c023","latitude":59.860299,"longitude":10.497114},"geometry":{"type":"Polygon","coordinates":[[[10.493984,59.858806],[10.500244,59.858806],[10.500244,59.861791],[10.493984,59.861791],[10.493984,59.858806]]]}},{"type":"Feature","properties":{"cell_id":"r080c024","latitude":59.860299,"longitude":10.503374},"geometry":{"type":"Polygon","coordinates":[[[10.500244,59.858806],[10.506504,59.858806],[10.506504,59.861791],[10.500244,59.861791],[10.500244,59.858806]]]}},{"type":"Feature","properties":{"cell_id":"r080c025","latitude":59.860299,"longitude":10.509634},"geometry":{"type":"Polygon","coordinates":[[[10.506504,59.858806],[10.512764,59.858806],[10.512764,59.861791],[10.506504,59.861791],[10.506504,59.858806]]]}},{"type":"Feature","properties":{"cell_id":"r080c026","latitude":59.860299,"longitude":10.515894},"geometry":{"type":"Polygon","coordinates":[[[10.512764,59.858806],[10.519024,59.858806],[10.519024,59.861791],[10.512764,59.861791],[10.512764,59.858806]]]}},{"type":"Feature","properties":{"cell_id":"r080c027","latitude":59.860299,"longitude":10.522154},"geometry":{"type":"Polygon","coordinates":[[[10.519024,59.858806],[10.525285,59.858806],[10.525285,59.861791],[10.519024,59.861791],[10.519024,59.858806]]]}},{"type":"Feature","properties":{"cell_id":"r080c028","latitude":59.860299,"longitude":10.528415},"geometry":{"type":"Polygon","coordinates":[[[10.525285,59.858806],[10.531545,59.858806],[10.531545,59.861791],[10.525285,59.861791],[10.525285,59.858806]]]}},{"type":"Feature","properties":{"cell_id":"r080c048","latitude":59.860299,"longitude":10.653618},"geometry":{"type":"Polygon","coordinates":[[[10.650488,59.858806],[10.656748,59.858806],[10.656748,59.861791],[10.650488,59.861791],[10.650488,59.858806]]]}},{"type":"Feature","properties":{"cell_id":"r080c049","latitude":59.860299,"longitude":10.659878},"geometry":{"type":"Polygon","coordinates":[[[10.656748,59.858806],[10.663008,59.858806],[10.663008,59.861791],[10.656748,59.861791],[10.656748,59.858806]]]}},{"type":"Feature","properties":{"cell_id":"r080c050","latitude":59.860299,"longitude":10.666138},"geometry":{"type":"Polygon","coordinates":[[[10.663008,59.858806],[10.669268,59.858806],[10.669268,59.861791],[10.663008,59.861791],[10.663008,59.858806]]]}},{"type":"Feature","properties":{"cell_id":"r080c051","latitude":59.860299,"longitude":10.672398},"geometry":{"type":"Polygon","coordinates":[[[10.669268,59.858806],[10.675528,59.858806],[10.675528,59.861791],[10.669268,59.861791],[10.669268,59.858806]]]}},{"type":"Feature","properties":{"cell_id":"r080c069","latitude":59.860299,"longitude":10.785081},"geometry":{"type":"Polygon","coordinates":[[[10.781951,59.858806],[10.788211,59.858806],[10.788211,59.861791],[10.781951,59.861791],[10.781951,59.858806]]]}},{"type":"Feature","properties":{"cell_id":"r080c070","latitude":59.860299,"longitude":10.791341},"geometry":{"type":"Polygon","coordinates":[[[10.788211,59.858806],[10.794472,59.858806],[10.794472,59.861791],[10.788211,59.861791],[10.788211,59.858806]]]}},{"type":"Feature","properties":{"cell_id":"r080c071","latitude":59.860299,"longitude":10.797602},"geometry":{"type":"Polygon","coordinates":[[[10.794472,59.858806],[10.800732,59.858806],[10.800732,59.861791],[10.794472,59.861791],[10.794472,59.858806]]]}},{"type":"Feature","properties":{"cell_id":"r080c072","latitude":59.860299,"longitude":10.803862},"geometry":{"type":"Polygon","coordinates":[[[10.800732,59.858806],[10.806992,59.858806],[10.806992,59.861791],[10.800732,59.861791],[10.800732,59.858806]]]}},{"type":"Feature","properties":{"cell_id":"r080c073","latitude":59.860299,"longitude":10.810122},"geometry":{"type":"Polygon","coordinates":[[[10.806992,59.858806],[10.813252,59.858806],[10.813252,59.861791],[10.806992,59.861791],[10.806992,59.858806]]]}},{"type":"Feature","properties":{"cell_id":"r080c074","latitude":59.860299,"longitude":10.816382},"geometry":{"type":"Polygon","coordinates":[[[10.813252,59.858806],[10.819512,59.858806],[10.819512,59.861791],[10.813252,59.861791],[10.813252,59.858806]]]}},{"type":"Feature","properties":{"cell_id":"r080c075","latitude":59.860299,"longitude":10.822642},"geometry":{"type":"Polygon","coordinates":[[[10.819512,59.858806],[10.825772,59.858806],[10.825772,59.861791],[10.819512,59.861791],[10.819512,59.858806]]]}},{"type":"Feature","properties":{"cell_id":"r080c076","latitude":59.860299,"longitude":10.828902},"geometry":{"type":"Polygon","coordinates":[[[10.825772,59.858806],[10.832033,59.858806],[10.832033,59.861791],[10.825772,59.861791],[10.825772,59.858806]]]}},{"type":"Feature","properties":{"cell_id":"r081c016","latitude":59.863284,"longitude":10.453293},"geometry":{"type":"Polygon","coordinates":[[[10.450163,59.861791],[10.456423,59.861791],[10.456423,59.864776],[10.450163,59.864776],[10.450163,59.861791]]]}},{"type":"Feature","properties":{"cell_id":"r081c018","latitude":59.863284,"longitude":10.465813},"geometry":{"type":"Polygon","coordinates":[[[10.462683,59.861791],[10.468943,59.861791],[10.468943,59.864776],[10.462683,59.864776],[10.462683,59.861791]]]}},{"type":"Feature","properties":{"cell_id":"r081c019","latitude":59.863284,"longitude":10.472073},"geometry":{"type":"Polygon","coordinates":[[[10.468943,59.861791],[10.475203,59.861791],[10.475203,59.864776],[10.468943,59.864776],[10.468943,59.861791]]]}},{"type":"Feature","properties":{"cell_id":"r081c020","latitude":59.863284,"longitude":10.478333},"geometry":{"type":"Polygon","coordinates":[[[10.475203,59.861791],[10.481463,59.861791],[10.481463,59.864776],[10.475203,59.864776],[10.475203,59.861791]]]}},{"type":"Feature","properties":{"cell_id":"r081c021","latitude":59.863284,"longitude":10.484593},"geometry":{"type":"Polygon","coordinates":[[[10.481463,59.861791],[10.487724,59.861791],[10.487724,59.864776],[10.481463,59.864776],[10.481463,59.861791]]]}},{"type":"Feature","properties":{"cell_id":"r081c022","latitude":59.863284,"longitude":10.490854},"geometry":{"type":"Polygon","coordinates":[[[10.487724,59.861791],[10.493984,59.861791],[10.493984,59.864776],[10.487724,59.864776],[10.487724,59.861791]]]}},{"type":"Feature","properties":{"cell_id":"r081c023","latitude":59.863284,"longitude":10.497114},"geometry":{"type":"Polygon","coordinates":[[[10.493984,59.861791],[10.500244,59.861791],[10.500244,59.864776],[10.493984,59.864776],[10.493984,59.861791]]]}},{"type":"Feature","properties":{"cell_id":"r081c024","latitude":59.863284,"longitude":10.503374},"geometry":{"type":"Polygon","coordinates":[[[10.500244,59.861791],[10.506504,59.861791],[10.506504,59.864776],[10.500244,59.864776],[10.500244,59.861791]]]}},{"type":"Feature","properties":{"cell_id":"r081c026","latitude":59.863284,"longitude":10.515894},"geometry":{"type":"Polygon","coordinates":[[[10.512764,59.861791],[10.519024,59.861791],[10.519024,59.864776],[10.512764,59.864776],[10.512764,59.861791]]]}},{"type":"Feature","properties":{"cell_id":"r081c027","latitude":59.863284,"longitude":10.522154},"geometry":{"type":"Polygon","coordinates":[[[10.519024,59.861791],[10.525285,59.861791],[10.525285,59.864776],[10.519024,59.864776],[10.519024,59.861791]]]}},{"type":"Feature","properties":{"cell_id":"r081c028","latitude":59.863284,"longitude":10.528415},"geometry":{"type":"Polygon","coordinates":[[[10.525285,59.861791],[10.531545,59.861791],[10.531545,59.864776],[10.525285,59.864776],[10.525285,59.861791]]]}},{"type":"Feature","properties":{"cell_id":"r081c029","latitude":59.863284,"longitude":10.534675},"geometry":{"type":"Polygon","coordinates":[[[10.531545,59.861791],[10.537805,59.861791],[10.537805,59.864776],[10.531545,59.864776],[10.531545,59.861791]]]}},{"type":"Feature","properties":{"cell_id":"r081c049","latitude":59.863284,"longitude":10.659878},"geometry":{"type":"Polygon","coordinates":[[[10.656748,59.861791],[10.663008,59.861791],[10.663008,59.864776],[10.656748,59.864776],[10.656748,59.861791]]]}},{"type":"Feature","properties":{"cell_id":"r081c050","latitude":59.863284,"longitude":10.666138},"geometry":{"type":"Polygon","coordinates":[[[10.663008,59.861791],[10.669268,59.861791],[10.669268,59.864776],[10.663008,59.864776],[10.663008,59.861791]]]}},{"type":"Feature","properties":{"cell_id":"r081c064","latitude":59.863284,"longitude":10.75378},"geometry":{"type":"Polygon","coordinates":[[[10.75065,59.861791],[10.756911,59.861791],[10.756911,59.864776],[10.75065,59.864776],[10.75065,59.861791]]]}},{"type":"Feature","properties":{"cell_id":"r081c069","latitude":59.863284,"longitude":10.785081},"geometry":{"type":"Polygon","coordinates":[[[10.781951,59.861791],[10.788211,59.861791],[10.788211,59.864776],[10.781951,59.864776],[10.781951,59.861791]]]}},{"type":"Feature","properties":{"cell_id":"r081c070","latitude":59.863284,"longitude":10.791341},"geometry":{"type":"Polygon","coordinates":[[[10.788211,59.861791],[10.794472,59.861791],[10.794472,59.864776],[10.788211,59.864776],[10.788211,59.861791]]]}},{"type":"Feature","properties":{"cell_id":"r081c071","latitude":59.863284,"longitude":10.797602},"geometry":{"type":"Polygon","coordinates":[[[10.794472,59.861791],[10.800732,59.861791],[10.800732,59.864776],[10.794472,59.864776],[10.794472,59.861791]]]}},{"type":"Feature","properties":{"cell_id":"r081c072","latitude":59.863284,"longitude":10.803862},"geometry":{"type":"Polygon","coordinates":[[[10.800732,59.861791],[10.806992,59.861791],[10.806992,59.864776],[10.800732,59.864776],[10.800732,59.861791]]]}},{"type":"Feature","properties":{"cell_id":"r081c073","latitude":59.863284,"longitude":10.810122},"geometry":{"type":"Polygon","coordinates":[[[10.806992,59.861791],[10.813252,59.861791],[10.813252,59.864776],[10.806992,59.864776],[10.806992,59.861791]]]}},{"type":"Feature","properties":{"cell_id":"r081c074","latitude":59.863284,"longitude":10.816382},"geometry":{"type":"Polygon","coordinates":[[[10.813252,59.861791],[10.819512,59.861791],[10.819512,59.864776],[10.813252,59.864776],[10.813252,59.861791]]]}},{"type":"Feature","properties":{"cell_id":"r081c077","latitude":59.863284,"longitude":10.835163},"geometry":{"type":"Polygon","coordinates":[[[10.832033,59.861791],[10.838293,59.861791],[10.838293,59.864776],[10.832033,59.864776],[10.832033,59.861791]]]}},{"type":"Feature","properties":{"cell_id":"r081c078","latitude":59.863284,"longitude":10.841423},"geometry":{"type":"Polygon","coordinates":[[[10.838293,59.861791],[10.844553,59.861791],[10.844553,59.864776],[10.838293,59.864776],[10.838293,59.861791]]]}},{"type":"Feature","properties":{"cell_id":"r082c019","latitude":59.866269,"longitude":10.472073},"geometry":{"type":"Polygon","coordinates":[[[10.468943,59.864776],[10.475203,59.864776],[10.475203,59.867761],[10.468943,59.867761],[10.468943,59.864776]]]}},{"type":"Feature","properties":{"cell_id":"r082c020","latitude":59.866269,"longitude":10.478333},"geometry":{"type":"Polygon","coordinates":[[[10.475203,59.864776],[10.481463,59.864776],[10.481463,59.867761],[10.475203,59.867761],[10.475203,59.864776]]]}},{"type":"Feature","properties":{"cell_id":"r082c021","latitude":59.866269,"longitude":10.484593},"geometry":{"type":"Polygon","coordinates":[[[10.481463,59.864776],[10.487724,59.864776],[10.487724,59.867761],[10.481463,59.867761],[10.481463,59.864776]]]}},{"type":"Feature","properties":{"cell_id":"r082c022","latitude":59.866269,"longitude":10.490854},"geometry":{"type":"Polygon","coordinates":[[[10.487724,59.864776],[10.493984,59.864776],[10.493984,59.867761],[10.487724,59.867761],[10.487724,59.864776]]]}},{"type":"Feature","properties":{"cell_id":"r082c023","latitude":59.866269,"longitude":10.497114},"geometry":{"type":"Polygon","coordinates":[[[10.493984,59.864776],[10.500244,59.864776],[10.500244,59.867761],[10.493984,59.867761],[10.493984,59.864776]]]}},{"type":"Feature","properties":{"cell_id":"r082c024","latitude":59.866269,"longitude":10.503374},"geometry":{"type":"Polygon","coordinates":[[[10.500244,59.864776],[10.506504,59.864776],[10.506504,59.867761],[10.500244,59.867761],[10.500244,59.864776]]]}},{"type":"Feature","properties":{"cell_id":"r082c026","latitude":59.866269,"longitude":10.515894},"geometry":{"type":"Polygon","coordinates":[[[10.512764,59.864776],[10.519024,59.864776],[10.519024,59.867761],[10.512764,59.867761],[10.512764,59.864776]]]}},{"type":"Feature","properties":{"cell_id":"r082c027","latitude":59.866269,"longitude":10.522154},"geometry":{"type":"Polygon","coordinates":[[[10.519024,59.864776],[10.525285,59.864776],[10.525285,59.867761],[10.519024,59.867761],[10.519024,59.864776]]]}},{"type":"Feature","properties":{"cell_id":"r082c028","latitude":59.866269,"longitude":10.528415},"geometry":{"type":"Polygon","coordinates":[[[10.525285,59.864776],[10.531545,59.864776],[10.531545,59.867761],[10.525285,59.867761],[10.525285,59.864776]]]}},{"type":"Feature","properties":{"cell_id":"r082c029","latitude":59.866269,"longitude":10.534675},"geometry":{"type":"Polygon","coordinates":[[[10.531545,59.864776],[10.537805,59.864776],[10.537805,59.867761],[10.531545,59.867761],[10.531545,59.864776]]]}},{"type":"Feature","properties":{"cell_id":"r082c049","latitude":59.866269,"longitude":10.659878},"geometry":{"type":"Polygon","coordinates":[[[10.656748,59.864776],[10.663008,59.864776],[10.663008,59.867761],[10.656748,59.867761],[10.656748,59.864776]]]}},{"type":"Feature","properties":{"cell_id":"r082c065","latitude":59.866269,"longitude":10.760041},"geometry":{"type":"Polygon","coordinates":[[[10.756911,59.864776],[10.763171,59.864776],[10.763171,59.867761],[10.756911,59.867761],[10.756911,59.864776]]]}},{"type":"Feature","properties":{"cell_id":"r082c069","latitude":59.866269,"longitude":10.785081},"geometry":{"type":"Polygon","coordinates":[[[10.781951,59.864776],[10.788211,59.864776],[10.788211,59.867761],[10.781951,59.867761],[10.781951,59.864776]]]}},{"type":"Feature","properties":{"cell_id":"r082c070","latitude":59.866269,"longitude":10.791341},"geometry":{"type":"Polygon","coordinates":[[[10.788211,59.864776],[10.794472,59.864776],[10.794472,59.867761],[10.788211,59.867761],[10.788211,59.864776]]]}},{"type":"Feature","properties":{"cell_id":"r082c071","latitude":59.866269,"longitude":10.797602},"geometry":{"type":"Polygon","coordinates":[[[10.794472,59.864776],[10.800732,59.864776],[10.800732,59.867761],[10.794472,59.867761],[10.794472,59.864776]]]}},{"type":"Feature","properties":{"cell_id":"r082c072","latitude":59.866269,"longitude":10.803862},"geometry":{"type":"Polygon","coordinates":[[[10.800732,59.864776],[10.806992,59.864776],[10.806992,59.867761],[10.800732,59.867761],[10.800732,59.864776]]]}},{"type":"Feature","properties":{"cell_id":"r082c073","latitude":59.866269,"longitude":10.810122},"geometry":{"type":"Polygon","coordinates":[[[10.806992,59.864776],[10.813252,59.864776],[10.813252,59.867761],[10.806992,59.867761],[10.806992,59.864776]]]}},{"type":"Feature","properties":{"cell_id":"r082c074","latitude":59.866269,"longitude":10.816382},"geometry":{"type":"Polygon","coordinates":[[[10.813252,59.864776],[10.819512,59.864776],[10.819512,59.867761],[10.813252,59.867761],[10.813252,59.864776]]]}},{"type":"Feature","properties":{"cell_id":"r082c075","latitude":59.866269,"longitude":10.822642},"geometry":{"type":"Polygon","coordinates":[[[10.819512,59.864776],[10.825772,59.864776],[10.825772,59.867761],[10.819512,59.867761],[10.819512,59.864776]]]}},{"type":"Feature","properties":{"cell_id":"r082c077","latitude":59.866269,"longitude":10.835163},"geometry":{"type":"Polygon","coordinates":[[[10.832033,59.864776],[10.838293,59.864776],[10.838293,59.867761],[10.832033,59.867761],[10.832033,59.864776]]]}},{"type":"Feature","properties":{"cell_id":"r082c078","latitude":59.866269,"longitude":10.841423},"geometry":{"type":"Polygon","coordinates":[[[10.838293,59.864776],[10.844553,59.864776],[10.844553,59.867761],[10.838293,59.867761],[10.838293,59.864776]]]}},{"type":"Feature","properties":{"cell_id":"r083c019","latitude":59.869254,"longitude":10.472073},"geometry":{"type":"Polygon","coordinates":[[[10.468943,59.867761],[10.475203,59.867761],[10.475203,59.870746],[10.468943,59.870746],[10.468943,59.867761]]]}},{"type":"Feature","properties":{"cell_id":"r083c020","latitude":59.869254,"longitude":10.478333},"geometry":{"type":"Polygon","coordinates":[[[10.475203,59.867761],[10.481463,59.867761],[10.481463,59.870746],[10.475203,59.870746],[10.475203,59.867761]]]}},{"type":"Feature","properties":{"cell_id":"r083c021","latitude":59.869254,"longitude":10.484593},"geometry":{"type":"Polygon","coordinates":[[[10.481463,59.867761],[10.487724,59.867761],[10.487724,59.870746],[10.481463,59.870746],[10.481463,59.867761]]]}},{"type":"Feature","properties":{"cell_id":"r083c022","latitude":59.869254,"longitude":10.490854},"geometry":{"type":"Polygon","coordinates":[[[10.487724,59.867761],[10.493984,59.867761],[10.493984,59.870746],[10.487724,59.870746],[10.487724,59.867761]]]}},{"type":"Feature","properties":{"cell_id":"r083c023","latitude":59.869254,"longitude":10.497114},"geometry":{"type":"Polygon","coordinates":[[[10.493984,59.867761],[10.500244,59.867761],[10.500244,59.870746],[10.493984,59.870746],[10.493984,59.867761]]]}},{"type":"Feature","properties":{"cell_id":"r083c024","latitude":59.869254,"longitude":10.503374},"geometry":{"type":"Polygon","coordinates":[[[10.500244,59.867761],[10.506504,59.867761],[10.506504,59.870746],[10.500244,59.870746],[10.500244,59.867761]]]}},{"type":"Feature","properties":{"cell_id":"r083c026","latitude":59.869254,"longitude":10.515894},"geometry":{"type":"Polygon","coordinates":[[[10.512764,59.867761],[10.519024,59.867761],[10.519024,59.870746],[10.512764,59.870746],[10.512764,59.867761]]]}},{"type":"Feature","properties":{"cell_id":"r083c027","latitude":59.869254,"longitude":10.522154},"geometry":{"type":"Polygon","coordinates":[[[10.519024,59.867761],[10.525285,59.867761],[10.525285,59.870746],[10.519024,59.870746],[10.519024,59.867761]]]}},{"type":"Feature","properties":{"cell_id":"r083c028","latitude":59.869254,"longitude":10.528415},"geometry":{"type":"Polygon","coordinates":[[[10.525285,59.867761],[10.531545,59.867761],[10.531545,59.870746],[10.525285,59.870746],[10.525285,59.867761]]]}},{"type":"Feature","properties":{"cell_id":"r083c029","latitude":59.869254,"longitude":10.534675},"geometry":{"type":"Polygon","coordinates":[[[10.531545,59.867761],[10.537805,59.867761],[10.537805,59.870746],[10.531545,59.870746],[10.531545,59.867761]]]}},{"type":"Feature","properties":{"cell_id":"r083c030","latitude":59.869254,"longitude":10.540935},"geometry":{"type":"Polygon","coordinates":[[[10.537805,59.867761],[10.544065,59.867761],[10.544065,59.870746],[10.537805,59.870746],[10.537805,59.867761]]]}},{"type":"Feature","properties":{"cell_id":"r083c049","latitude":59.869254,"longitude":10.659878},"geometry":{"type":"Polygon","coordinates":[[[10.656748,59.867761],[10.663008,59.867761],[10.663008,59.870746],[10.656748,59.870746],[10.656748,59.867761]]]}},{"type":"Feature","properties":{"cell_id":"r083c064","latitude":59.869254,"longitude":10.75378},"geometry":{"type":"Polygon","coordinates":[[[10.75065,59.867761],[10.756911,59.867761],[10.756911,59.870746],[10.75065,59.870746],[10.75065,59.867761]]]}},{"type":"Feature","properties":{"cell_id":"r083c065","latitude":59.869254,"longitude":10.760041},"geometry":{"type":"Polygon","coordinates":[[[10.756911,59.867761],[10.763171,59.867761],[10.763171,59.870746],[10.756911,59.870746],[10.756911,59.867761]]]}},{"type":"Feature","properties":{"cell_id":"r083c067","latitude":59.869254,"longitude":10.772561},"geometry":{"type":"Polygon","coordinates":[[[10.769431,59.867761],[10.775691,59.867761],[10.775691,59.870746],[10.769431,59.870746],[10.769431,59.867761]]]}},{"type":"Feature","properties":{"cell_id":"r083c069","latitude":59.869254,"longitude":10.785081},"geometry":{"type":"Polygon","coordinates":[[[10.781951,59.867761],[10.788211,59.867761],[10.788211,59.870746],[10.781951,59.870746],[10.781951,59.867761]]]}},{"type":"Feature","properties":{"cell_id":"r083c070","latitude":59.869254,"longitude":10.791341},"geometry":{"type":"Polygon","coordinates":[[[10.788211,59.867761],[10.794472,59.867761],[10.794472,59.870746],[10.788211,59.870746],[10.788211,59.867761]]]}},{"type":"Feature","properties":{"cell_id":"r083c071","latitude":59.869254,"longitude":10.797602},"geometry":{"type":"Polygon","coordinates":[[[10.794472,59.867761],[10.800732,59.867761],[10.800732,59.870746],[10.794472,59.870746],[10.794472,59.867761]]]}},{"type":"Feature","properties":{"cell_id":"r083c072","latitude":59.869254,"longitude":10.803862},"geometry":{"type":"Polygon","coordinates":[[[10.800732,59.867761],[10.806992,59.867761],[10.806992,59.870746],[10.800732,59.870746],[10.800732,59.867761]]]}},{"type":"Feature","properties":{"cell_id":"r083c073","latitude":59.869254,"longitude":10.810122},"geometry":{"type":"Polygon","coordinates":[[[10.806992,59.867761],[10.813252,59.867761],[10.813252,59.870746],[10.806992,59.870746],[10.806992,59.867761]]]}},{"type":"Feature","properties":{"cell_id":"r083c074","latitude":59.869254,"longitude":10.816382},"geometry":{"type":"Polygon","coordinates":[[[10.813252,59.867761],[10.819512,59.867761],[10.819512,59.870746],[10.813252,59.870746],[10.813252,59.867761]]]}},{"type":"Feature","properties":{"cell_id":"r083c075","latitude":59.869254,"longitude":10.822642},"geometry":{"type":"Polygon","coordinates":[[[10.819512,59.867761],[10.825772,59.867761],[10.825772,59.870746],[10.819512,59.870746],[10.819512,59.867761]]]}},{"type":"Feature","properties":{"cell_id":"r083c077","latitude":59.869254,"longitude":10.835163},"geometry":{"type":"Polygon","coordinates":[[[10.832033,59.867761],[10.838293,59.867761],[10.838293,59.870746],[10.832033,59.870746],[10.832033,59.867761]]]}},{"type":"Feature","properties":{"cell_id":"r083c078","latitude":59.869254,"longitude":10.841423},"geometry":{"type":"Polygon","coordinates":[[[10.838293,59.867761],[10.844553,59.867761],[10.844553,59.870746],[10.838293,59.870746],[10.838293,59.867761]]]}},{"type":"Feature","properties":{"cell_id":"r084c020","latitude":59.872239,"longitude":10.478333},"geometry":{"type":"Polygon","coordinates":[[[10.475203,59.870746],[10.481463,59.870746],[10.481463,59.873731],[10.475203,59.873731],[10.475203,59.870746]]]}},{"type":"Feature","properties":{"cell_id":"r084c021","latitude":59.872239,"longitude":10.484593},"geometry":{"type":"Polygon","coordinates":[[[10.481463,59.870746],[10.487724,59.870746],[10.487724,59.873731],[10.481463,59.873731],[10.481463,59.870746]]]}},{"type":"Feature","properties":{"cell_id":"r084c022","latitude":59.872239,"longitude":10.490854},"geometry":{"type":"Polygon","coordinates":[[[10.487724,59.870746],[10.493984,59.870746],[10.493984,59.873731],[10.487724,59.873731],[10.487724,59.870746]]]}},{"type":"Feature","properties":{"cell_id":"r084c023","latitude":59.872239,"longitude":10.497114},"geometry":{"type":"Polygon","coordinates":[[[10.493984,59.870746],[10.500244,59.870746],[10.500244,59.873731],[10.493984,59.873731],[10.493984,59.870746]]]}},{"type":"Feature","properties":{"cell_id":"r084c024","latitude":59.872239,"longitude":10.503374},"geometry":{"type":"Polygon","coordinates":[[[10.500244,59.870746],[10.506504,59.870746],[10.506504,59.873731],[10.500244,59.873731],[10.500244,59.870746]]]}},{"type":"Feature","properties":{"cell_id":"r084c025","latitude":59.872239,"longitude":10.509634},"geometry":{"type":"Polygon","coordinates":[[[10.506504,59.870746],[10.512764,59.870746],[10.512764,59.873731],[10.506504,59.873731],[10.506504,59.870746]]]}},{"type":"Feature","properties":{"cell_id":"r084c026","latitude":59.872239,"longitude":10.515894},"geometry":{"type":"Polygon","coordinates":[[[10.512764,59.870746],[10.519024,59.870746],[10.519024,59.873731],[10.512764,59.873731],[10.512764,59.870746]]]}},{"type":"Feature","properties":{"cell_id":"r084c027","latitude":59.872239,"longitude":10.522154},"geometry":{"type":"Polygon","coordinates":[[[10.519024,59.870746],[10.525285,59.870746],[10.525285,59.873731],[10.519024,59.873731],[10.519024,59.870746]]]}},{"type":"Feature","properties":{"cell_id":"r084c028","latitude":59.872239,"longitude":10.528415},"geometry":{"type":"Polygon","coordinates":[[[10.525285,59.870746],[10.531545,59.870746],[10.531545,59.873731],[10.525285,59.873731],[10.525285,59.870746]]]}},{"type":"Feature","properties":{"cell_id":"r084c029","latitude":59.872239,"longitude":10.534675},"geometry":{"type":"Polygon","coordinates":[[[10.531545,59.870746],[10.537805,59.870746],[10.537805,59.873731],[10.531545,59.873731],[10.531545,59.870746]]]}},{"type":"Feature","properties":{"cell_id":"r084c030","latitude":59.872239,"longitude":10.540935},"geometry":{"type":"Polygon","coordinates":[[[10.537805,59.870746],[10.544065,59.870746],[10.544065,59.873731],[10.537805,59.873731],[10.537805,59.870746]]]}},{"type":"Feature","properties":{"cell_id":"r084c064","latitude":59.872239,"longitude":10.75378},"geometry":{"type":"Polygon","coordinates":[[[10.75065,59.870746],[10.756911,59.870746],[10.756911,59.873731],[10.75065,59.873731],[10.75065,59.870746]]]}},{"type":"Feature","properties":{"cell_id":"r084c067","latitude":59.872239,"longitude":10.772561},"geometry":{"type":"Polygon","coordinates":[[[10.769431,59.870746],[10.775691,59.870746],[10.775691,59.873731],[10.769431,59.873731],[10.769431,59.870746]]]}},{"type":"Feature","properties":{"cell_id":"r084c069","latitude":59.872239,"longitude":10.785081},"geometry":{"type":"Polygon","coordinates":[[[10.781951,59.870746],[10.788211,59.870746],[10.788211,59.873731],[10.781951,59.873731],[10.781951,59.870746]]]}},{"type":"Feature","properties":{"cell_id":"r084c070","latitude":59.872239,"longitude":10.791341},"geometry":{"type":"Polygon","coordinates":[[[10.788211,59.870746],[10.794472,59.870746],[10.794472,59.873731],[10.788211,59.873731],[10.788211,59.870746]]]}},{"type":"Feature","properties":{"cell_id":"r084c071","latitude":59.872239,"longitude":10.797602},"geometry":{"type":"Polygon","coordinates":[[[10.794472,59.870746],[10.800732,59.870746],[10.800732,59.873731],[10.794472,59.873731],[10.794472,59.870746]]]}},{"type":"Feature","properties":{"cell_id":"r084c072","latitude":59.872239,"longitude":10.803862},"geometry":{"type":"Polygon","coordinates":[[[10.800732,59.870746],[10.806992,59.870746],[10.806992,59.873731],[10.800732,59.873731],[10.800732,59.870746]]]}},{"type":"Feature","properties":{"cell_id":"r084c073","latitude":59.872239,"longitude":10.810122},"geometry":{"type":"Polygon","coordinates":[[[10.806992,59.870746],[10.813252,59.870746],[10.813252,59.873731],[10.806992,59.873731],[10.806992,59.870746]]]}},{"type":"Feature","properties":{"cell_id":"r084c074","latitude":59.872239,"longitude":10.816382},"geometry":{"type":"Polygon","coordinates":[[[10.813252,59.870746],[10.819512,59.870746],[10.819512,59.873731],[10.813252,59.873731],[10.813252,59.870746]]]}},{"type":"Feature","properties":{"cell_id":"r084c076","latitude":59.872239,"longitude":10.828902},"geometry":{"type":"Polygon","coordinates":[[[10.825772,59.870746],[10.832033,59.870746],[10.832033,59.873731],[10.825772,59.873731],[10.825772,59.870746]]]}},{"type":"Feature","properties":{"cell_id":"r084c077","latitude":59.872239,"longitude":10.835163},"geometry":{"type":"Polygon","coordinates":[[[10.832033,59.870746],[10.838293,59.870746],[10.838293,59.873731],[10.832033,59.873731],[10.832033,59.870746]]]}},{"type":"Feature","properties":{"cell_id":"r084c078","latitude":59.872239,"longitude":10.841423},"geometry":{"type":"Polygon","coordinates":[[[10.838293,59.870746],[10.844553,59.870746],[10.844553,59.873731],[10.838293,59.873731],[10.838293,59.870746]]]}},{"type":"Feature","properties":{"cell_id":"r084c079","latitude":59.872239,"longitude":10.847683},"geometry":{"type":"Polygon","coordinates":[[[10.844553,59.870746],[10.850813,59.870746],[10.850813,59.873731],[10.844553,59.873731],[10.844553,59.870746]]]}},{"type":"Feature","properties":{"cell_id":"r085c019","latitude":59.875224,"longitude":10.472073},"geometry":{"type":"Polygon","coordinates":[[[10.468943,59.873731],[10.475203,59.873731],[10.475203,59.876716],[10.468943,59.876716],[10.468943,59.873731]]]}},{"type":"Feature","properties":{"cell_id":"r085c020","latitude":59.875224,"longitude":10.478333},"geometry":{"type":"Polygon","coordinates":[[[10.475203,59.873731],[10.481463,59.873731],[10.481463,59.876716],[10.475203,59.876716],[10.475203,59.873731]]]}},{"type":"Feature","properties":{"cell_id":"r085c021","latitude":59.875224,"longitude":10.484593},"geometry":{"type":"Polygon","coordinates":[[[10.481463,59.873731],[10.487724,59.873731],[10.487724,59.876716],[10.481463,59.876716],[10.481463,59.873731]]]}},{"type":"Feature","properties":{"cell_id":"r085c022","latitude":59.875224,"longitude":10.490854},"geometry":{"type":"Polygon","coordinates":[[[10.487724,59.873731],[10.493984,59.873731],[10.493984,59.876716],[10.487724,59.876716],[10.487724,59.873731]]]}},{"type":"Feature","properties":{"cell_id":"r085c023","latitude":59.875224,"longitude":10.497114},"geometry":{"type":"Polygon","coordinates":[[[10.493984,59.873731],[10.500244,59.873731],[10.500244,59.876716],[10.493984,59.876716],[10.493984,59.873731]]]}},{"type":"Feature","properties":{"cell_id":"r085c024","latitude":59.875224,"longitude":10.503374},"geometry":{"type":"Polygon","coordinates":[[[10.500244,59.873731],[10.506504,59.873731],[10.506504,59.876716],[10.500244,59.876716],[10.500244,59.873731]]]}},{"type":"Feature","properties":{"cell_id":"r085c025","latitude":59.875224,"longitude":10.509634},"geometry":{"type":"Polygon","coordinates":[[[10.506504,59.873731],[10.512764,59.873731],[10.512764,59.876716],[10.506504,59.876716],[10.506504,59.873731]]]}},{"type":"Feature","properties":{"cell_id":"r085c026","latitude":59.875224,"longitude":10.515894},"geometry":{"type":"Polygon","coordinates":[[[10.512764,59.873731],[10.519024,59.873731],[10.519024,59.876716],[10.512764,59.876716],[10.512764,59.873731]]]}},{"type":"Feature","properties":{"cell_id":"r085c027","latitude":59.875224,"longitude":10.522154},"geometry":{"type":"Polygon","coordinates":[[[10.519024,59.873731],[10.525285,59.873731],[10.525285,59.876716],[10.519024,59.876716],[10.519024,59.873731]]]}},{"type":"Feature","properties":{"cell_id":"r085c028","latitude":59.875224,"longitude":10.528415},"geometry":{"type":"Polygon","coordinates":[[[10.525285,59.873731],[10.531545,59.873731],[10.531545,59.876716],[10.525285,59.876716],[10.525285,59.873731]]]}},{"type":"Feature","properties":{"cell_id":"r085c040","latitude":59.875224,"longitude":10.603537},"geometry":{"type":"Polygon","coordinates":[[[10.600407,59.873731],[10.606667,59.873731],[10.606667,59.876716],[10.600407,59.876716],[10.600407,59.873731]]]}},{"type":"Feature","properties":{"cell_id":"r085c065","latitude":59.875224,"longitude":10.760041},"geometry":{"type":"Polygon","coordinates":[[[10.756911,59.873731],[10.763171,59.873731],[10.763171,59.876716],[10.756911,59.876716],[10.756911,59.873731]]]}},{"type":"Feature","properties":{"cell_id":"r085c068","latitude":59.875224,"longitude":10.778821},"geometry":{"type":"Polygon","coordinates":[[[10.775691,59.873731],[10.781951,59.873731],[10.781951,59.876716],[10.775691,59.876716],[10.775691,59.873731]]]}},{"type":"Feature","properties":{"cell_id":"r085c069","latitude":59.875224,"longitude":10.785081},"geometry":{"type":"Polygon","coordinates":[[[10.781951,59.873731],[10.788211,59.873731],[10.788211,59.876716],[10.781951,59.876716],[10.781951,59.873731]]]}},{"type":"Feature","properties":{"cell_id":"r085c070","latitude":59.875224,"longitude":10.791341},"geometry":{"type":"Polygon","coordinates":[[[10.788211,59.873731],[10.794472,59.873731],[10.794472,59.876716],[10.788211,59.876716],[10.788211,59.873731]]]}},{"type":"Feature","properties":{"cell_id":"r085c071","latitude":59.875224,"longitude":10.797602},"geometry":{"type":"Polygon","coordinates":[[[10.794472,59.873731],[10.800732,59.873731],[10.800732,59.876716],[10.794472,59.876716],[10.794472,59.873731]]]}},{"type":"Feature","properties":{"cell_id":"r085c072","latitude":59.875224,"longitude":10.803862},"geometry":{"type":"Polygon","coordinates":[[[10.800732,59.873731],[10.806992,59.873731],[10.806992,59.876716],[10.800732,59.876716],[10.800732,59.873731]]]}},{"type":"Feature","properties":{"cell_id":"r085c073","latitude":59.875224,"longitude":10.810122},"geometry":{"type":"Polygon","coordinates":[[[10.806992,59.873731],[10.813252,59.873731],[10.813252,59.876716],[10.806992,59.876716],[10.806992,59.873731]]]}},{"type":"Feature","properties":{"cell_id":"r085c074","latitude":59.875224,"longitude":10.816382},"geometry":{"type":"Polygon","coordinates":[[[10.813252,59.873731],[10.819512,59.873731],[10.819512,59.876716],[10.813252,59.876716],[10.813252,59.873731]]]}},{"type":"Feature","properties":{"cell_id":"r085c076","latitude":59.875224,"longitude":10.828902},"geometry":{"type":"Polygon","coordinates":[[[10.825772,59.873731],[10.832033,59.873731],[10.832033,59.876716],[10.825772,59.876716],[10.825772,59.873731]]]}},{"type":"Feature","properties":{"cell_id":"r085c077","latitude":59.875224,"longitude":10.835163},"geometry":{"type":"Polygon","coordinates":[[[10.832033,59.873731],[10.838293,59.873731],[10.838293,59.876716],[10.832033,59.876716],[10.832033,59.873731]]]}},{"type":"Feature","properties":{"cell_id":"r085c078","latitude":59.875224,"longitude":10.841423},"geometry":{"type":"Polygon","coordinates":[[[10.838293,59.873731],[10.844553,59.873731],[10.844553,59.876716],[10.838293,59.876716],[10.838293,59.873731]]]}},{"type":"Feature","properties":{"cell_id":"r086c019","latitude":59.878209,"longitude":10.472073},"geometry":{"type":"Polygon","coordinates":[[[10.468943,59.876716],[10.475203,59.876716],[10.475203,59.879701],[10.468943,59.879701],[10.468943,59.876716]]]}},{"type":"Feature","properties":{"cell_id":"r086c020","latitude":59.878209,"longitude":10.478333},"geometry":{"type":"Polygon","coordinates":[[[10.475203,59.876716],[10.481463,59.876716],[10.481463,59.879701],[10.475203,59.879701],[10.475203,59.876716]]]}},{"type":"Feature","properties":{"cell_id":"r086c021","latitude":59.878209,"longitude":10.484593},"geometry":{"type":"Polygon","coordinates":[[[10.481463,59.876716],[10.487724,59.876716],[10.487724,59.879701],[10.481463,59.879701],[10.481463,59.876716]]]}},{"type":"Feature","properties":{"cell_id":"r086c022","latitude":59.878209,"longitude":10.490854},"geometry":{"type":"Polygon","coordinates":[[[10.487724,59.876716],[10.493984,59.876716],[10.493984,59.879701],[10.487724,59.879701],[10.487724,59.876716]]]}},{"type":"Feature","properties":{"cell_id":"r086c023","latitude":59.878209,"longitude":10.497114},"geometry":{"type":"Polygon","coordinates":[[[10.493984,59.876716],[10.500244,59.876716],[10.500244,59.879701],[10.493984,59.879701],[10.493984,59.876716]]]}},{"type":"Feature","properties":{"cell_id":"r086c024","latitude":59.878209,"longitude":10.503374},"geometry":{"type":"Polygon","coordinates":[[[10.500244,59.876716],[10.506504,59.876716],[10.506504,59.879701],[10.500244,59.879701],[10.500244,59.876716]]]}},{"type":"Feature","properties":{"cell_id":"r086c028","latitude":59.878209,"longitude":10.528415},"geometry":{"type":"Polygon","coordinates":[[[10.525285,59.876716],[10.531545,59.876716],[10.531545,59.879701],[10.525285,59.879701],[10.525285,59.876716]]]}},{"type":"Feature","properties":{"cell_id":"r086c040","latitude":59.878209,"longitude":10.603537},"geometry":{"type":"Polygon","coordinates":[[[10.600407,59.876716],[10.606667,59.876716],[10.606667,59.879701],[10.600407,59.879701],[10.600407,59.876716]]]}},{"type":"Feature","properties":{"cell_id":"r086c041","latitude":59.878209,"longitude":10.609797},"geometry":{"type":"Polygon","coordinates":[[[10.606667,59.876716],[10.612927,59.876716],[10.612927,59.879701],[10.606667,59.879701],[10.606667,59.876716]]]}},{"type":"Feature","properties":{"cell_id":"r086c042","latitude":59.878209,"longitude":10.616057},"geometry":{"type":"Polygon","coordinates":[[[10.612927,59.876716],[10.619187,59.876716],[10.619187,59.879701],[10.612927,59.879701],[10.612927,59.876716]]]}},{"type":"Feature","properties":{"cell_id":"r086c065","latitude":59.878209,"longitude":10.760041},"geometry":{"type":"Polygon","coordinates":[[[10.756911,59.876716],[10.763171,59.876716],[10.763171,59.879701],[10.756911,59.879701],[10.756911,59.876716]]]}},{"type":"Feature","properties":{"cell_id":"r086c066","latitude":59.878209,"longitude":10.766301},"geometry":{"type":"Polygon","coordinates":[[[10.763171,59.876716],[10.769431,59.876716],[10.769431,59.879701],[10.763171,59.879701],[10.763171,59.876716]]]}},{"type":"Feature","properties":{"cell_id":"r086c067","latitude":59.878209,"longitude":10.772561},"geometry":{"type":"Polygon","coordinates":[[[10.769431,59.876716],[10.775691,59.876716],[10.775691,59.879701],[10.769431,59.879701],[10.769431,59.876716]]]}},{"type":"Feature","properties":{"cell_id":"r086c068","latitude":59.878209,"longitude":10.778821},"geometry":{"type":"Polygon","coordinates":[[[10.775691,59.876716],[10.781951,59.876716],[10.781951,59.879701],[10.775691,59.879701],[10.775691,59.876716]]]}},{"type":"Feature","properties":{"cell_id":"r086c069","latitude":59.878209,"longitude":10.785081},"geometry":{"type":"Polygon","coordinates":[[[10.781951,59.876716],[10.788211,59.876716],[10.788211,59.879701],[10.781951,59.879701],[10.781951,59.876716]]]}},{"type":"Feature","properties":{"cell_id":"r086c070","latitude":59.878209,"longitude":10.791341},"geometry":{"type":"Polygon","coordinates":[[[10.788211,59.876716],[10.794472,59.876716],[10.794472,59.879701],[10.788211,59.879701],[10.788211,59.876716]]]}},{"type":"Feature","properties":{"cell_id":"r086c071","latitude":59.878209,"longitude":10.797602},"geometry":{"type":"Polygon","coordinates":[[[10.794472,59.876716],[10.800732,59.876716],[10.800732,59.879701],[10.794472,59.879701],[10.794472,59.876716]]]}},{"type":"Feature","properties":{"cell_id":"r086c072","latitude":59.878209,"longitude":10.803862},"geometry":{"type":"Polygon","coordinates":[[[10.800732,59.876716],[10.806992,59.876716],[10.806992,59.879701],[10.800732,59.879701],[10.800732,59.876716]]]}},{"type":"Feature","properties":{"cell_id":"r086c073","latitude":59.878209,"longitude":10.810122},"geometry":{"type":"Polygon","coordinates":[[[10.806992,59.876716],[10.813252,59.876716],[10.813252,59.879701],[10.806992,59.879701],[10.806992,59.876716]]]}},{"type":"Feature","properties":{"cell_id":"r086c074","latitude":59.878209,"longitude":10.816382},"geometry":{"type":"Polygon","coordinates":[[[10.813252,59.876716],[10.819512,59.876716],[10.819512,59.879701],[10.813252,59.879701],[10.813252,59.876716]]]}},{"type":"Feature","properties":{"cell_id":"r086c076","latitude":59.878209,"longitude":10.828902},"geometry":{"type":"Polygon","coordinates":[[[10.825772,59.876716],[10.832033,59.876716],[10.832033,59.879701],[10.825772,59.879701],[10.825772,59.876716]]]}},{"type":"Feature","properties":{"cell_id":"r086c078","latitude":59.878209,"longitude":10.841423},"geometry":{"type":"Polygon","coordinates":[[[10.838293,59.876716],[10.844553,59.876716],[10.844553,59.879701],[10.838293,59.879701],[10.838293,59.876716]]]}},{"type":"Feature","properties":{"cell_id":"r086c079","latitude":59.878209,"longitude":10.847683},"geometry":{"type":"Polygon","coordinates":[[[10.844553,59.876716],[10.850813,59.876716],[10.850813,59.879701],[10.844553,59.879701],[10.844553,59.876716]]]}},{"type":"Feature","properties":{"cell_id":"r086c080","latitude":59.878209,"longitude":10.853943},"geometry":{"type":"Polygon","coordinates":[[[10.850813,59.876716],[10.857073,59.876716],[10.857073,59.879701],[10.850813,59.879701],[10.850813,59.876716]]]}},{"type":"Feature","properties":{"cell_id":"r087c019","latitude":59.881194,"longitude":10.472073},"geometry":{"type":"Polygon","coordinates":[[[10.468943,59.879701],[10.475203,59.879701],[10.475203,59.882687],[10.468943,59.882687],[10.468943,59.879701]]]}},{"type":"Feature","properties":{"cell_id":"r087c020","latitude":59.881194,"longitude":10.478333},"geometry":{"type":"Polygon","coordinates":[[[10.475203,59.879701],[10.481463,59.879701],[10.481463,59.882687],[10.475203,59.882687],[10.475203,59.879701]]]}},{"type":"Feature","properties":{"cell_id":"r087c021","latitude":59.881194,"longitude":10.484593},"geometry":{"type":"Polygon","coordinates":[[[10.481463,59.879701],[10.487724,59.879701],[10.487724,59.882687],[10.481463,59.882687],[10.481463,59.879701]]]}},{"type":"Feature","properties":{"cell_id":"r087c022","latitude":59.881194,"longitude":10.490854},"geometry":{"type":"Polygon","coordinates":[[[10.487724,59.879701],[10.493984,59.879701],[10.493984,59.882687],[10.487724,59.882687],[10.487724,59.879701]]]}},{"type":"Feature","properties":{"cell_id":"r087c023","latitude":59.881194,"longitude":10.497114},"geometry":{"type":"Polygon","coordinates":[[[10.493984,59.879701],[10.500244,59.879701],[10.500244,59.882687],[10.493984,59.882687],[10.493984,59.879701]]]}},{"type":"Feature","properties":{"cell_id":"r087c024","latitude":59.881194,"longitude":10.503374},"geometry":{"type":"Polygon","coordinates":[[[10.500244,59.879701],[10.506504,59.879701],[10.506504,59.882687],[10.500244,59.882687],[10.500244,59.879701]]]}},{"type":"Feature","properties":{"cell_id":"r087c025","latitude":59.881194,"longitude":10.509634},"geometry":{"type":"Polygon","coordinates":[[[10.506504,59.879701],[10.512764,59.879701],[10.512764,59.882687],[10.506504,59.882687],[10.506504,59.879701]]]}},{"type":"Feature","properties":{"cell_id":"r087c026","latitude":59.881194,"longitude":10.515894},"geometry":{"type":"Polygon","coordinates":[[[10.512764,59.879701],[10.519024,59.879701],[10.519024,59.882687],[10.512764,59.882687],[10.512764,59.879701]]]}},{"type":"Feature","properties":{"cell_id":"r087c028","latitude":59.881194,"longitude":10.528415},"geometry":{"type":"Polygon","coordinates":[[[10.525285,59.879701],[10.531545,59.879701],[10.531545,59.882687],[10.525285,59.882687],[10.525285,59.879701]]]}},{"type":"Feature","properties":{"cell_id":"r087c039","latitude":59.881194,"longitude":10.597276},"geometry":{"type":"Polygon","coordinates":[[[10.594146,59.879701],[10.600407,59.879701],[10.600407,59.882687],[10.594146,59.882687],[10.594146,59.879701]]]}},{"type":"Feature","properties":{"cell_id":"r087c040","latitude":59.881194,"longitude":10.603537},"geometry":{"type":"Polygon","coordinates":[[[10.600407,59.879701],[10.606667,59.879701],[10.606667,59.882687],[10.600407,59.882687],[10.600407,59.879701]]]}},{"type":"Feature","properties":{"cell_id":"r087c041","latitude":59.881194,"longitude":10.609797},"geometry":{"type":"Polygon","coordinates":[[[10.606667,59.879701],[10.612927,59.879701],[10.612927,59.882687],[10.606667,59.882687],[10.606667,59.879701]]]}},{"type":"Feature","properties":{"cell_id":"r087c043","latitude":59.881194,"longitude":10.622317},"geometry":{"type":"Polygon","coordinates":[[[10.619187,59.879701],[10.625447,59.879701],[10.625447,59.882687],[10.619187,59.882687],[10.619187,59.879701]]]}},{"type":"Feature","properties":{"cell_id":"r087c066","latitude":59.881194,"longitude":10.766301},"geometry":{"type":"Polygon","coordinates":[[[10.763171,59.879701],[10.769431,59.879701],[10.769431,59.882687],[10.763171,59.882687],[10.763171,59.879701]]]}},{"type":"Feature","properties":{"cell_id":"r087c067","latitude":59.881194,"longitude":10.772561},"geometry":{"type":"Polygon","coordinates":[[[10.769431,59.879701],[10.775691,59.879701],[10.775691,59.882687],[10.769431,59.882687],[10.769431,59.879701]]]}},{"type":"Feature","properties":{"cell_id":"r087c068","latitude":59.881194,"longitude":10.778821},"geometry":{"type":"Polygon","coordinates":[[[10.775691,59.879701],[10.781951,59.879701],[10.781951,59.882687],[10.775691,59.882687],[10.775691,59.879701]]]}},{"type":"Feature","properties":{"cell_id":"r087c069","latitude":59.881194,"longitude":10.785081},"geometry":{"type":"Polygon","coordinates":[[[10.781951,59.879701],[10.788211,59.879701],[10.788211,59.882687],[10.781951,59.882687],[10.781951,59.879701]]]}},{"type":"Feature","properties":{"cell_id":"r087c070","latitude":59.881194,"longitude":10.791341},"geometry":{"type":"Polygon","coordinates":[[[10.788211,59.879701],[10.794472,59.879701],[10.794472,59.882687],[10.788211,59.882687],[10.788211,59.879701]]]}},{"type":"Feature","properties":{"cell_id":"r087c071","latitude":59.881194,"longitude":10.797602},"geometry":{"type":"Polygon","coordinates":[[[10.794472,59.879701],[10.800732,59.879701],[10.800732,59.882687],[10.794472,59.882687],[10.794472,59.879701]]]}},{"type":"Feature","properties":{"cell_id":"r087c072","latitude":59.881194,"longitude":10.803862},"geometry":{"type":"Polygon","coordinates":[[[10.800732,59.879701],[10.806992,59.879701],[10.806992,59.882687],[10.800732,59.882687],[10.800732,59.879701]]]}},{"type":"Feature","properties":{"cell_id":"r087c073","latitude":59.881194,"longitude":10.810122},"geometry":{"type":"Polygon","coordinates":[[[10.806992,59.879701],[10.813252,59.879701],[10.813252,59.882687],[10.806992,59.882687],[10.806992,59.879701]]]}},{"type":"Feature","properties":{"cell_id":"r087c075","latitude":59.881194,"longitude":10.822642},"geometry":{"type":"Polygon","coordinates":[[[10.819512,59.879701],[10.825772,59.879701],[10.825772,59.882687],[10.819512,59.882687],[10.819512,59.879701]]]}},{"type":"Feature","properties":{"cell_id":"r087c076","latitude":59.881194,"longitude":10.828902},"geometry":{"type":"Polygon","coordinates":[[[10.825772,59.879701],[10.832033,59.879701],[10.832033,59.882687],[10.825772,59.882687],[10.825772,59.879701]]]}},{"type":"Feature","properties":{"cell_id":"r087c078","latitude":59.881194,"longitude":10.841423},"geometry":{"type":"Polygon","coordinates":[[[10.838293,59.879701],[10.844553,59.879701],[10.844553,59.882687],[10.838293,59.882687],[10.838293,59.879701]]]}},{"type":"Feature","properties":{"cell_id":"r087c079","latitude":59.881194,"longitude":10.847683},"geometry":{"type":"Polygon","coordinates":[[[10.844553,59.879701],[10.850813,59.879701],[10.850813,59.882687],[10.844553,59.882687],[10.844553,59.879701]]]}},{"type":"Feature","properties":{"cell_id":"r087c080","latitude":59.881194,"longitude":10.853943},"geometry":{"type":"Polygon","coordinates":[[[10.850813,59.879701],[10.857073,59.879701],[10.857073,59.882687],[10.850813,59.882687],[10.850813,59.879701]]]}},{"type":"Feature","properties":{"cell_id":"r088c020","latitude":59.884179,"longitude":10.478333},"geometry":{"type":"Polygon","coordinates":[[[10.475203,59.882687],[10.481463,59.882687],[10.481463,59.885672],[10.475203,59.885672],[10.475203,59.882687]]]}},{"type":"Feature","properties":{"cell_id":"r088c022","latitude":59.884179,"longitude":10.490854},"geometry":{"type":"Polygon","coordinates":[[[10.487724,59.882687],[10.493984,59.882687],[10.493984,59.885672],[10.487724,59.885672],[10.487724,59.882687]]]}},{"type":"Feature","properties":{"cell_id":"r088c023","latitude":59.884179,"longitude":10.497114},"geometry":{"type":"Polygon","coordinates":[[[10.493984,59.882687],[10.500244,59.882687],[10.500244,59.885672],[10.493984,59.885672],[10.493984,59.882687]]]}},{"type":"Feature","properties":{"cell_id":"r088c024","latitude":59.884179,"longitude":10.503374},"geometry":{"type":"Polygon","coordinates":[[[10.500244,59.882687],[10.506504,59.882687],[10.506504,59.885672],[10.500244,59.885672],[10.500244,59.882687]]]}},{"type":"Feature","properties":{"cell_id":"r088c025","latitude":59.884179,"longitude":10.509634},"geometry":{"type":"Polygon","coordinates":[[[10.506504,59.882687],[10.512764,59.882687],[10.512764,59.885672],[10.506504,59.885672],[10.506504,59.882687]]]}},{"type":"Feature","properties":{"cell_id":"r088c026","latitude":59.884179,"longitude":10.515894},"geometry":{"type":"Polygon","coordinates":[[[10.512764,59.882687],[10.519024,59.882687],[10.519024,59.885672],[10.512764,59.885672],[10.512764,59.882687]]]}},{"type":"Feature","properties":{"cell_id":"r088c040","latitude":59.884179,"longitude":10.603537},"geometry":{"type":"Polygon","coordinates":[[[10.600407,59.882687],[10.606667,59.882687],[10.606667,59.885672],[10.600407,59.885672],[10.600407,59.882687]]]}},{"type":"Feature","properties":{"cell_id":"r088c042","latitude":59.884179,"longitude":10.616057},"geometry":{"type":"Polygon","coordinates":[[[10.612927,59.882687],[10.619187,59.882687],[10.619187,59.885672],[10.612927,59.885672],[10.612927,59.882687]]]}},{"type":"Feature","properties":{"cell_id":"r088c043","latitude":59.884179,"longitude":10.622317},"geometry":{"type":"Polygon","coordinates":[[[10.619187,59.882687],[10.625447,59.882687],[10.625447,59.885672],[10.619187,59.885672],[10.619187,59.882687]]]}},{"type":"Feature","properties":{"cell_id":"r088c067","latitude":59.884179,"longitude":10.772561},"geometry":{"type":"Polygon","coordinates":[[[10.769431,59.882687],[10.775691,59.882687],[10.775691,59.885672],[10.769431,59.885672],[10.769431,59.882687]]]}},{"type":"Feature","properties":{"cell_id":"r088c068","latitude":59.884179,"longitude":10.778821},"geometry":{"type":"Polygon","coordinates":[[[10.775691,59.882687],[10.781951,59.882687],[10.781951,59.885672],[10.775691,59.885672],[10.775691,59.882687]]]}},{"type":"Feature","properties":{"cell_id":"r088c069","latitude":59.884179,"longitude":10.785081},"geometry":{"type":"Polygon","coordinates":[[[10.781951,59.882687],[10.788211,59.882687],[10.788211,59.885672],[10.781951,59.885672],[10.781951,59.882687]]]}},{"type":"Feature","properties":{"cell_id":"r088c070","latitude":59.884179,"longitude":10.791341},"geometry":{"type":"Polygon","coordinates":[[[10.788211,59.882687],[10.794472,59.882687],[10.794472,59.885672],[10.788211,59.885672],[10.788211,59.882687]]]}},{"type":"Feature","properties":{"cell_id":"r088c071","latitude":59.884179,"longitude":10.797602},"geometry":{"type":"Polygon","coordinates":[[[10.794472,59.882687],[10.800732,59.882687],[10.800732,59.885672],[10.794472,59.885672],[10.794472,59.882687]]]}},{"type":"Feature","properties":{"cell_id":"r088c072","latitude":59.884179,"longitude":10.803862},"geometry":{"type":"Polygon","coordinates":[[[10.800732,59.882687],[10.806992,59.882687],[10.806992,59.885672],[10.800732,59.885672],[10.800732,59.882687]]]}},{"type":"Feature","properties":{"cell_id":"r088c073","latitude":59.884179,"longitude":10.810122},"geometry":{"type":"Polygon","coordinates":[[[10.806992,59.882687],[10.813252,59.882687],[10.813252,59.885672],[10.806992,59.885672],[10.806992,59.882687]]]}},{"type":"Feature","properties":{"cell_id":"r088c074","latitude":59.884179,"longitude":10.816382},"geometry":{"type":"Polygon","coordinates":[[[10.813252,59.882687],[10.819512,59.882687],[10.819512,59.885672],[10.813252,59.885672],[10.813252,59.882687]]]}},{"type":"Feature","properties":{"cell_id":"r088c075","latitude":59.884179,"longitude":10.822642},"geometry":{"type":"Polygon","coordinates":[[[10.819512,59.882687],[10.825772,59.882687],[10.825772,59.885672],[10.819512,59.885672],[10.819512,59.882687]]]}},{"type":"Feature","properties":{"cell_id":"r088c078","latitude":59.884179,"longitude":10.841423},"geometry":{"type":"Polygon","coordinates":[[[10.838293,59.882687],[10.844553,59.882687],[10.844553,59.885672],[10.838293,59.885672],[10.838293,59.882687]]]}},{"type":"Feature","properties":{"cell_id":"r088c079","latitude":59.884179,"longitude":10.847683},"geometry":{"type":"Polygon","coordinates":[[[10.844553,59.882687],[10.850813,59.882687],[10.850813,59.885672],[10.844553,59.885672],[10.844553,59.882687]]]}},{"type":"Feature","properties":{"cell_id":"r088c080","latitude":59.884179,"longitude":10.853943},"geometry":{"type":"Polygon","coordinates":[[[10.850813,59.882687],[10.857073,59.882687],[10.857073,59.885672],[10.850813,59.885672],[10.850813,59.882687]]]}},{"type":"Feature","properties":{"cell_id":"r088c081","latitude":59.884179,"longitude":10.860203},"geometry":{"type":"Polygon","coordinates":[[[10.857073,59.882687],[10.863333,59.882687],[10.863333,59.885672],[10.857073,59.885672],[10.857073,59.882687]]]}},{"type":"Feature","properties":{"cell_id":"r089c017","latitude":59.887164,"longitude":10.459553},"geometry":{"type":"Polygon","coordinates":[[[10.456423,59.885672],[10.462683,59.885672],[10.462683,59.888657],[10.456423,59.888657],[10.456423,59.885672]]]}},{"type":"Feature","properties":{"cell_id":"r089c018","latitude":59.887164,"longitude":10.465813},"geometry":{"type":"Polygon","coordinates":[[[10.462683,59.885672],[10.468943,59.885672],[10.468943,59.888657],[10.462683,59.888657],[10.462683,59.885672]]]}},{"type":"Feature","properties":{"cell_id":"r089c022","latitude":59.887164,"longitude":10.490854},"geometry":{"type":"Polygon","coordinates":[[[10.487724,59.885672],[10.493984,59.885672],[10.493984,59.888657],[10.487724,59.888657],[10.487724,59.885672]]]}},{"type":"Feature","properties":{"cell_id":"r089c023","latitude":59.887164,"longitude":10.497114},"geometry":{"type":"Polygon","coordinates":[[[10.493984,59.885672],[10.500244,59.885672],[10.500244,59.888657],[10.493984,59.888657],[10.493984,59.885672]]]}},{"type":"Feature","properties":{"cell_id":"r089c024","latitude":59.887164,"longitude":10.503374},"geometry":{"type":"Polygon","coordinates":[[[10.500244,59.885672],[10.506504,59.885672],[10.506504,59.888657],[10.500244,59.888657],[10.500244,59.885672]]]}},{"type":"Feature","properties":{"cell_id":"r089c025","latitude":59.887164,"longitude":10.509634},"geometry":{"type":"Polygon","coordinates":[[[10.506504,59.885672],[10.512764,59.885672],[10.512764,59.888657],[10.506504,59.888657],[10.506504,59.885672]]]}},{"type":"Feature","properties":{"cell_id":"r089c026","latitude":59.887164,"longitude":10.515894},"geometry":{"type":"Polygon","coordinates":[[[10.512764,59.885672],[10.519024,59.885672],[10.519024,59.888657],[10.512764,59.888657],[10.512764,59.885672]]]}},{"type":"Feature","properties":{"cell_id":"r089c027","latitude":59.887164,"longitude":10.522154},"geometry":{"type":"Polygon","coordinates":[[[10.519024,59.885672],[10.525285,59.885672],[10.525285,59.888657],[10.519024,59.888657],[10.519024,59.885672]]]}},{"type":"Feature","properties":{"cell_id":"r089c041","latitude":59.887164,"longitude":10.609797},"geometry":{"type":"Polygon","coordinates":[[[10.606667,59.885672],[10.612927,59.885672],[10.612927,59.888657],[10.606667,59.888657],[10.606667,59.885672]]]}},{"type":"Feature","properties":{"cell_id":"r089c042","latitude":59.887164,"longitude":10.616057},"geometry":{"type":"Polygon","coordinates":[[[10.612927,59.885672],[10.619187,59.885672],[10.619187,59.888657],[10.612927,59.888657],[10.612927,59.885672]]]}},{"type":"Feature","properties":{"cell_id":"r089c043","latitude":59.887164,"longitude":10.622317},"geometry":{"type":"Polygon","coordinates":[[[10.619187,59.885672],[10.625447,59.885672],[10.625447,59.888657],[10.619187,59.888657],[10.619187,59.885672]]]}},{"type":"Feature","properties":{"cell_id":"r089c044","latitude":59.887164,"longitude":10.628577},"geometry":{"type":"Polygon","coordinates":[[[10.625447,59.885672],[10.631707,59.885672],[10.631707,59.888657],[10.625447,59.888657],[10.625447,59.885672]]]}},{"type":"Feature","properties":{"cell_id":"r089c064","latitude":59.887164,"longitude":10.75378},"geometry":{"type":"Polygon","coordinates":[[[10.75065,59.885672],[10.756911,59.885672],[10.756911,59.888657],[10.75065,59.888657],[10.75065,59.885672]]]}},{"type":"Feature","properties":{"cell_id":"r089c065","latitude":59.887164,"longitude":10.760041},"geometry":{"type":"Polygon","coordinates":[[[10.756911,59.885672],[10.763171,59.885672],[10.763171,59.888657],[10.756911,59.888657],[10.756911,59.885672]]]}},{"type":"Feature","properties":{"cell_id":"r089c066","latitude":59.887164,"longitude":10.766301},"geometry":{"type":"Polygon","coordinates":[[[10.763171,59.885672],[10.769431,59.885672],[10.769431,59.888657],[10.763171,59.888657],[10.763171,59.885672]]]}},{"type":"Feature","properties":{"cell_id":"r089c067","latitude":59.887164,"longitude":10.772561},"geometry":{"type":"Polygon","coordinates":[[[10.769431,59.885672],[10.775691,59.885672],[10.775691,59.888657],[10.769431,59.888657],[10.769431,59.885672]]]}},{"type":"Feature","properties":{"cell_id":"r089c068","latitude":59.887164,"longitude":10.778821},"geometry":{"type":"Polygon","coordinates":[[[10.775691,59.885672],[10.781951,59.885672],[10.781951,59.888657],[10.775691,59.888657],[10.775691,59.885672]]]}},{"type":"Feature","properties":{"cell_id":"r089c069","latitude":59.887164,"longitude":10.785081},"geometry":{"type":"Polygon","coordinates":[[[10.781951,59.885672],[10.788211,59.885672],[10.788211,59.888657],[10.781951,59.888657],[10.781951,59.885672]]]}},{"type":"Feature","properties":{"cell_id":"r089c070","latitude":59.887164,"longitude":10.791341},"geometry":{"type":"Polygon","coordinates":[[[10.788211,59.885672],[10.794472,59.885672],[10.794472,59.888657],[10.788211,59.888657],[10.788211,59.885672]]]}},{"type":"Feature","properties":{"cell_id":"r089c071","latitude":59.887164,"longitude":10.797602},"geometry":{"type":"Polygon","coordinates":[[[10.794472,59.885672],[10.800732,59.885672],[10.800732,59.888657],[10.794472,59.888657],[10.794472,59.885672]]]}},{"type":"Feature","properties":{"cell_id":"r089c072","latitude":59.887164,"longitude":10.803862},"geometry":{"type":"Polygon","coordinates":[[[10.800732,59.885672],[10.806992,59.885672],[10.806992,59.888657],[10.800732,59.888657],[10.800732,59.885672]]]}},{"type":"Feature","properties":{"cell_id":"r089c073","latitude":59.887164,"longitude":10.810122},"geometry":{"type":"Polygon","coordinates":[[[10.806992,59.885672],[10.813252,59.885672],[10.813252,59.888657],[10.806992,59.888657],[10.806992,59.885672]]]}},{"type":"Feature","properties":{"cell_id":"r089c077","latitude":59.887164,"longitude":10.835163},"geometry":{"type":"Polygon","coordinates":[[[10.832033,59.885672],[10.838293,59.885672],[10.838293,59.888657],[10.832033,59.888657],[10.832033,59.885672]]]}},{"type":"Feature","properties":{"cell_id":"r089c078","latitude":59.887164,"longitude":10.841423},"geometry":{"type":"Polygon","coordinates":[[[10.838293,59.885672],[10.844553,59.885672],[10.844553,59.888657],[10.838293,59.888657],[10.838293,59.885672]]]}},{"type":"Feature","properties":{"cell_id":"r089c079","latitude":59.887164,"longitude":10.847683},"geometry":{"type":"Polygon","coordinates":[[[10.844553,59.885672],[10.850813,59.885672],[10.850813,59.888657],[10.844553,59.888657],[10.844553,59.885672]]]}},{"type":"Feature","properties":{"cell_id":"r089c080","latitude":59.887164,"longitude":10.853943},"geometry":{"type":"Polygon","coordinates":[[[10.850813,59.885672],[10.857073,59.885672],[10.857073,59.888657],[10.850813,59.888657],[10.850813,59.885672]]]}},{"type":"Feature","properties":{"cell_id":"r090c020","latitude":59.890149,"longitude":10.478333},"geometry":{"type":"Polygon","coordinates":[[[10.475203,59.888657],[10.481463,59.888657],[10.481463,59.891642],[10.475203,59.891642],[10.475203,59.888657]]]}},{"type":"Feature","properties":{"cell_id":"r090c022","latitude":59.890149,"longitude":10.490854},"geometry":{"type":"Polygon","coordinates":[[[10.487724,59.888657],[10.493984,59.888657],[10.493984,59.891642],[10.487724,59.891642],[10.487724,59.888657]]]}},{"type":"Feature","properties":{"cell_id":"r090c024","latitude":59.890149,"longitude":10.503374},"geometry":{"type":"Polygon","coordinates":[[[10.500244,59.888657],[10.506504,59.888657],[10.506504,59.891642],[10.500244,59.891642],[10.500244,59.888657]]]}},{"type":"Feature","properties":{"cell_id":"r090c025","latitude":59.890149,"longitude":10.509634},"geometry":{"type":"Polygon","coordinates":[[[10.506504,59.888657],[10.512764,59.888657],[10.512764,59.891642],[10.506504,59.891642],[10.506504,59.888657]]]}},{"type":"Feature","properties":{"cell_id":"r090c026","latitude":59.890149,"longitude":10.515894},"geometry":{"type":"Polygon","coordinates":[[[10.512764,59.888657],[10.519024,59.888657],[10.519024,59.891642],[10.512764,59.891642],[10.512764,59.888657]]]}},{"type":"Feature","properties":{"cell_id":"r090c027","latitude":59.890149,"longitude":10.522154},"geometry":{"type":"Polygon","coordinates":[[[10.519024,59.888657],[10.525285,59.888657],[10.525285,59.891642],[10.519024,59.891642],[10.519024,59.888657]]]}},{"type":"Feature","properties":{"cell_id":"r090c034","latitude":59.890149,"longitude":10.565976},"geometry":{"type":"Polygon","coordinates":[[[10.562846,59.888657],[10.569106,59.888657],[10.569106,59.891642],[10.562846,59.891642],[10.562846,59.888657]]]}},{"type":"Feature","properties":{"cell_id":"r090c042","latitude":59.890149,"longitude":10.616057},"geometry":{"type":"Polygon","coordinates":[[[10.612927,59.888657],[10.619187,59.888657],[10.619187,59.891642],[10.612927,59.891642],[10.612927,59.888657]]]}},{"type":"Feature","properties":{"cell_id":"r090c043","latitude":59.890149,"longitude":10.622317},"geometry":{"type":"Polygon","coordinates":[[[10.619187,59.888657],[10.625447,59.888657],[10.625447,59.891642],[10.619187,59.891642],[10.619187,59.888657]]]}},{"type":"Feature","properties":{"cell_id":"r090c044","latitude":59.890149,"longitude":10.628577},"geometry":{"type":"Polygon","coordinates":[[[10.625447,59.888657],[10.631707,59.888657],[10.631707,59.891642],[10.625447,59.891642],[10.625447,59.888657]]]}},{"type":"Feature","properties":{"cell_id":"r090c065","latitude":59.890149,"longitude":10.760041},"geometry":{"type":"Polygon","coordinates":[[[10.756911,59.888657],[10.763171,59.888657],[10.763171,59.891642],[10.756911,59.891642],[10.756911,59.888657]]]}},{"type":"Feature","properties":{"cell_id":"r090c066","latitude":59.890149,"longitude":10.766301},"geometry":{"type":"Polygon","coordinates":[[[10.763171,59.888657],[10.769431,59.888657],[10.769431,59.891642],[10.763171,59.891642],[10.763171,59.888657]]]}},{"type":"Feature","properties":{"cell_id":"r090c067","latitude":59.890149,"longitude":10.772561},"geometry":{"type":"Polygon","coordinates":[[[10.769431,59.888657],[10.775691,59.888657],[10.775691,59.891642],[10.769431,59.891642],[10.769431,59.888657]]]}},{"type":"Feature","properties":{"cell_id":"r090c068","latitude":59.890149,"longitude":10.778821},"geometry":{"type":"Polygon","coordinates":[[[10.775691,59.888657],[10.781951,59.888657],[10.781951,59.891642],[10.775691,59.891642],[10.775691,59.888657]]]}},{"type":"Feature","properties":{"cell_id":"r090c069","latitude":59.890149,"longitude":10.785081},"geometry":{"type":"Polygon","coordinates":[[[10.781951,59.888657],[10.788211,59.888657],[10.788211,59.891642],[10.781951,59.891642],[10.781951,59.888657]]]}},{"type":"Feature","properties":{"cell_id":"r090c070","latitude":59.890149,"longitude":10.791341},"geometry":{"type":"Polygon","coordinates":[[[10.788211,59.888657],[10.794472,59.888657],[10.794472,59.891642],[10.788211,59.891642],[10.788211,59.888657]]]}},{"type":"Feature","properties":{"cell_id":"r090c071","latitude":59.890149,"longitude":10.797602},"geometry":{"type":"Polygon","coordinates":[[[10.794472,59.888657],[10.800732,59.888657],[10.800732,59.891642],[10.794472,59.891642],[10.794472,59.888657]]]}},{"type":"Feature","properties":{"cell_id":"r090c072","latitude":59.890149,"longitude":10.803862},"geometry":{"type":"Polygon","coordinates":[[[10.800732,59.888657],[10.806992,59.888657],[10.806992,59.891642],[10.800732,59.891642],[10.800732,59.888657]]]}},{"type":"Feature","properties":{"cell_id":"r090c073","latitude":59.890149,"longitude":10.810122},"geometry":{"type":"Polygon","coordinates":[[[10.806992,59.888657],[10.813252,59.888657],[10.813252,59.891642],[10.806992,59.891642],[10.806992,59.888657]]]}},{"type":"Feature","properties":{"cell_id":"r090c074","latitude":59.890149,"longitude":10.816382},"geometry":{"type":"Polygon","coordinates":[[[10.813252,59.888657],[10.819512,59.888657],[10.819512,59.891642],[10.813252,59.891642],[10.813252,59.888657]]]}},{"type":"Feature","properties":{"cell_id":"r090c077","latitude":59.890149,"longitude":10.835163},"geometry":{"type":"Polygon","coordinates":[[[10.832033,59.888657],[10.838293,59.888657],[10.838293,59.891642],[10.832033,59.891642],[10.832033,59.888657]]]}},{"type":"Feature","properties":{"cell_id":"r090c078","latitude":59.890149,"longitude":10.841423},"geometry":{"type":"Polygon","coordinates":[[[10.838293,59.888657],[10.844553,59.888657],[10.844553,59.891642],[10.838293,59.891642],[10.838293,59.888657]]]}},{"type":"Feature","properties":{"cell_id":"r090c079","latitude":59.890149,"longitude":10.847683},"geometry":{"type":"Polygon","coordinates":[[[10.844553,59.888657],[10.850813,59.888657],[10.850813,59.891642],[10.844553,59.891642],[10.844553,59.888657]]]}},{"type":"Feature","properties":{"cell_id":"r090c080","latitude":59.890149,"longitude":10.853943},"geometry":{"type":"Polygon","coordinates":[[[10.850813,59.888657],[10.857073,59.888657],[10.857073,59.891642],[10.850813,59.891642],[10.850813,59.888657]]]}},{"type":"Feature","properties":{"cell_id":"r091c022","latitude":59.893134,"longitude":10.490854},"geometry":{"type":"Polygon","coordinates":[[[10.487724,59.891642],[10.493984,59.891642],[10.493984,59.894627],[10.487724,59.894627],[10.487724,59.891642]]]}},{"type":"Feature","properties":{"cell_id":"r091c024","latitude":59.893134,"longitude":10.503374},"geometry":{"type":"Polygon","coordinates":[[[10.500244,59.891642],[10.506504,59.891642],[10.506504,59.894627],[10.500244,59.894627],[10.500244,59.891642]]]}},{"type":"Feature","properties":{"cell_id":"r091c025","latitude":59.893134,"longitude":10.509634},"geometry":{"type":"Polygon","coordinates":[[[10.506504,59.891642],[10.512764,59.891642],[10.512764,59.894627],[10.506504,59.894627],[10.506504,59.891642]]]}},{"type":"Feature","properties":{"cell_id":"r091c026","latitude":59.893134,"longitude":10.515894},"geometry":{"type":"Polygon","coordinates":[[[10.512764,59.891642],[10.519024,59.891642],[10.519024,59.894627],[10.512764,59.894627],[10.512764,59.891642]]]}},{"type":"Feature","properties":{"cell_id":"r091c027","latitude":59.893134,"longitude":10.522154},"geometry":{"type":"Polygon","coordinates":[[[10.519024,59.891642],[10.525285,59.891642],[10.525285,59.894627],[10.519024,59.894627],[10.519024,59.891642]]]}},{"type":"Feature","properties":{"cell_id":"r091c028","latitude":59.893134,"longitude":10.528415},"geometry":{"type":"Polygon","coordinates":[[[10.525285,59.891642],[10.531545,59.891642],[10.531545,59.894627],[10.525285,59.894627],[10.525285,59.891642]]]}},{"type":"Feature","properties":{"cell_id":"r091c029","latitude":59.893134,"longitude":10.534675},"geometry":{"type":"Polygon","coordinates":[[[10.531545,59.891642],[10.537805,59.891642],[10.537805,59.894627],[10.531545,59.894627],[10.531545,59.891642]]]}},{"type":"Feature","properties":{"cell_id":"r091c030","latitude":59.893134,"longitude":10.540935},"geometry":{"type":"Polygon","coordinates":[[[10.537805,59.891642],[10.544065,59.891642],[10.544065,59.894627],[10.537805,59.894627],[10.537805,59.891642]]]}},{"type":"Feature","properties":{"cell_id":"r091c031","latitude":59.893134,"longitude":10.547195},"geometry":{"type":"Polygon","coordinates":[[[10.544065,59.891642],[10.550325,59.891642],[10.550325,59.894627],[10.544065,59.894627],[10.544065,59.891642]]]}},{"type":"Feature","properties":{"cell_id":"r091c032","latitude":59.893134,"longitude":10.553455},"geometry":{"type":"Polygon","coordinates":[[[10.550325,59.891642],[10.556585,59.891642],[10.556585,59.894627],[10.550325,59.894627],[10.550325,59.891642]]]}},{"type":"Feature","properties":{"cell_id":"r091c033","latitude":59.893134,"longitude":10.559715},"geometry":{"type":"Polygon","coordinates":[[[10.556585,59.891642],[10.562846,59.891642],[10.562846,59.894627],[10.556585,59.894627],[10.556585,59.891642]]]}},{"type":"Feature","properties":{"cell_id":"r091c034","latitude":59.893134,"longitude":10.565976},"geometry":{"type":"Polygon","coordinates":[[[10.562846,59.891642],[10.569106,59.891642],[10.569106,59.894627],[10.562846,59.894627],[10.562846,59.891642]]]}},{"type":"Feature","properties":{"cell_id":"r091c035","latitude":59.893134,"longitude":10.572236},"geometry":{"type":"Polygon","coordinates":[[[10.569106,59.891642],[10.575366,59.891642],[10.575366,59.894627],[10.569106,59.894627],[10.569106,59.891642]]]}},{"type":"Feature","properties":{"cell_id":"r091c036","latitude":59.893134,"longitude":10.578496},"geometry":{"type":"Polygon","coordinates":[[[10.575366,59.891642],[10.581626,59.891642],[10.581626,59.894627],[10.575366,59.894627],[10.575366,59.891642]]]}},{"type":"Feature","properties":{"cell_id":"r091c041","latitude":59.893134,"longitude":10.609797},"geometry":{"type":"Polygon","coordinates":[[[10.606667,59.891642],[10.612927,59.891642],[10.612927,59.894627],[10.606667,59.894627],[10.606667,59.891642]]]}},{"type":"Feature","properties":{"cell_id":"r091c042","latitude":59.893134,"longitude":10.616057},"geometry":{"type":"Polygon","coordinates":[[[10.612927,59.891642],[10.619187,59.891642],[10.619187,59.894627],[10.612927,59.894627],[10.612927,59.891642]]]}},{"type":"Feature","properties":{"cell_id":"r091c043","latitude":59.893134,"longitude":10.622317},"geometry":{"type":"Polygon","coordinates":[[[10.619187,59.891642],[10.625447,59.891642],[10.625447,59.894627],[10.619187,59.894627],[10.619187,59.891642]]]}},{"type":"Feature","properties":{"cell_id":"r091c044","latitude":59.893134,"longitude":10.628577},"geometry":{"type":"Polygon","coordinates":[[[10.625447,59.891642],[10.631707,59.891642],[10.631707,59.894627],[10.625447,59.894627],[10.625447,59.891642]]]}},{"type":"Feature","properties":{"cell_id":"r091c065","latitude":59.893134,"longitude":10.760041},"geometry":{"type":"Polygon","coordinates":[[[10.756911,59.891642],[10.763171,59.891642],[10.763171,59.894627],[10.756911,59.894627],[10.756911,59.891642]]]}},{"type":"Feature","properties":{"cell_id":"r091c066","latitude":59.893134,"longitude":10.766301},"geometry":{"type":"Polygon","coordinates":[[[10.763171,59.891642],[10.769431,59.891642],[10.769431,59.894627],[10.763171,59.894627],[10.763171,59.891642]]]}},{"type":"Feature","properties":{"cell_id":"r091c067","latitude":59.893134,"longitude":10.772561},"geometry":{"type":"Polygon","coordinates":[[[10.769431,59.891642],[10.775691,59.891642],[10.775691,59.894627],[10.769431,59.894627],[10.769431,59.891642]]]}},{"type":"Feature","properties":{"cell_id":"r091c068","latitude":59.893134,"longitude":10.778821},"geometry":{"type":"Polygon","coordinates":[[[10.775691,59.891642],[10.781951,59.891642],[10.781951,59.894627],[10.775691,59.894627],[10.775691,59.891642]]]}},{"type":"Feature","properties":{"cell_id":"r091c069","latitude":59.893134,"longitude":10.785081},"geometry":{"type":"Polygon","coordinates":[[[10.781951,59.891642],[10.788211,59.891642],[10.788211,59.894627],[10.781951,59.894627],[10.781951,59.891642]]]}},{"type":"Feature","properties":{"cell_id":"r091c070","latitude":59.893134,"longitude":10.791341},"geometry":{"type":"Polygon","coordinates":[[[10.788211,59.891642],[10.794472,59.891642],[10.794472,59.894627],[10.788211,59.894627],[10.788211,59.891642]]]}},{"type":"Feature","properties":{"cell_id":"r091c071","latitude":59.893134,"longitude":10.797602},"geometry":{"type":"Polygon","coordinates":[[[10.794472,59.891642],[10.800732,59.891642],[10.800732,59.894627],[10.794472,59.894627],[10.794472,59.891642]]]}},{"type":"Feature","properties":{"cell_id":"r091c072","latitude":59.893134,"longitude":10.803862},"geometry":{"type":"Polygon","coordinates":[[[10.800732,59.891642],[10.806992,59.891642],[10.806992,59.894627],[10.800732,59.894627],[10.800732,59.891642]]]}},{"type":"Feature","properties":{"cell_id":"r091c073","latitude":59.893134,"longitude":10.810122},"geometry":{"type":"Polygon","coordinates":[[[10.806992,59.891642],[10.813252,59.891642],[10.813252,59.894627],[10.806992,59.894627],[10.806992,59.891642]]]}},{"type":"Feature","properties":{"cell_id":"r091c074","latitude":59.893134,"longitude":10.816382},"geometry":{"type":"Polygon","coordinates":[[[10.813252,59.891642],[10.819512,59.891642],[10.819512,59.894627],[10.813252,59.894627],[10.813252,59.891642]]]}},{"type":"Feature","properties":{"cell_id":"r091c075","latitude":59.893134,"longitude":10.822642},"geometry":{"type":"Polygon","coordinates":[[[10.819512,59.891642],[10.825772,59.891642],[10.825772,59.894627],[10.819512,59.894627],[10.819512,59.891642]]]}},{"type":"Feature","properties":{"cell_id":"r091c077","latitude":59.893134,"longitude":10.835163},"geometry":{"type":"Polygon","coordinates":[[[10.832033,59.891642],[10.838293,59.891642],[10.838293,59.894627],[10.832033,59.894627],[10.832033,59.891642]]]}},{"type":"Feature","properties":{"cell_id":"r091c078","latitude":59.893134,"longitude":10.841423},"geometry":{"type":"Polygon","coordinates":[[[10.838293,59.891642],[10.844553,59.891642],[10.844553,59.894627],[10.838293,59.894627],[10.838293,59.891642]]]}},{"type":"Feature","properties":{"cell_id":"r091c079","latitude":59.893134,"longitude":10.847683},"geometry":{"type":"Polygon","coordinates":[[[10.844553,59.891642],[10.850813,59.891642],[10.850813,59.894627],[10.844553,59.894627],[10.844553,59.891642]]]}},{"type":"Feature","properties":{"cell_id":"r091c080","latitude":59.893134,"longitude":10.853943},"geometry":{"type":"Polygon","coordinates":[[[10.850813,59.891642],[10.857073,59.891642],[10.857073,59.894627],[10.850813,59.894627],[10.850813,59.891642]]]}},{"type":"Feature","properties":{"cell_id":"r092c020","latitude":59.896119,"longitude":10.478333},"geometry":{"type":"Polygon","coordinates":[[[10.475203,59.894627],[10.481463,59.894627],[10.481463,59.897612],[10.475203,59.897612],[10.475203,59.894627]]]}},{"type":"Feature","properties":{"cell_id":"r092c022","latitude":59.896119,"longitude":10.490854},"geometry":{"type":"Polygon","coordinates":[[[10.487724,59.894627],[10.493984,59.894627],[10.493984,59.897612],[10.487724,59.897612],[10.487724,59.894627]]]}},{"type":"Feature","properties":{"cell_id":"r092c024","latitude":59.896119,"longitude":10.503374},"geometry":{"type":"Polygon","coordinates":[[[10.500244,59.894627],[10.506504,59.894627],[10.506504,59.897612],[10.500244,59.897612],[10.500244,59.894627]]]}},{"type":"Feature","properties":{"cell_id":"r092c025","latitude":59.896119,"longitude":10.509634},"geometry":{"type":"Polygon","coordinates":[[[10.506504,59.894627],[10.512764,59.894627],[10.512764,59.897612],[10.506504,59.897612],[10.506504,59.894627]]]}},{"type":"Feature","properties":{"cell_id":"r092c026","latitude":59.896119,"longitude":10.515894},"geometry":{"type":"Polygon","coordinates":[[[10.512764,59.894627],[10.519024,59.894627],[10.519024,59.897612],[10.512764,59.897612],[10.512764,59.894627]]]}},{"type":"Feature","properties":{"cell_id":"r092c027","latitude":59.896119,"longitude":10.522154},"geometry":{"type":"Polygon","coordinates":[[[10.519024,59.894627],[10.525285,59.894627],[10.525285,59.897612],[10.519024,59.897612],[10.519024,59.894627]]]}},{"type":"Feature","properties":{"cell_id":"r092c028","latitude":59.896119,"longitude":10.528415},"geometry":{"type":"Polygon","coordinates":[[[10.525285,59.894627],[10.531545,59.894627],[10.531545,59.897612],[10.525285,59.897612],[10.525285,59.894627]]]}},{"type":"Feature","properties":{"cell_id":"r092c029","latitude":59.896119,"longitude":10.534675},"geometry":{"type":"Polygon","coordinates":[[[10.531545,59.894627],[10.537805,59.894627],[10.537805,59.897612],[10.531545,59.897612],[10.531545,59.894627]]]}},{"type":"Feature","properties":{"cell_id":"r092c030","latitude":59.896119,"longitude":10.540935},"geometry":{"type":"Polygon","coordinates":[[[10.537805,59.894627],[10.544065,59.894627],[10.544065,59.897612],[10.537805,59.897612],[10.537805,59.894627]]]}},{"type":"Feature","properties":{"cell_id":"r092c031","latitude":59.896119,"longitude":10.547195},"geometry":{"type":"Polygon","coordinates":[[[10.544065,59.894627],[10.550325,59.894627],[10.550325,59.897612],[10.544065,59.897612],[10.544065,59.894627]]]}},{"type":"Feature","properties":{"cell_id":"r092c032","latitude":59.896119,"longitude":10.553455},"geometry":{"type":"Polygon","coordinates":[[[10.550325,59.894627],[10.556585,59.894627],[10.556585,59.897612],[10.550325,59.897612],[10.550325,59.894627]]]}},{"type":"Feature","properties":{"cell_id":"r092c033","latitude":59.896119,"longitude":10.559715},"geometry":{"type":"Polygon","coordinates":[[[10.556585,59.894627],[10.562846,59.894627],[10.562846,59.897612],[10.556585,59.897612],[10.556585,59.894627]]]}},{"type":"Feature","properties":{"cell_id":"r092c034","latitude":59.896119,"longitude":10.565976},"geometry":{"type":"Polygon","coordinates":[[[10.562846,59.894627],[10.569106,59.894627],[10.569106,59.897612],[10.562846,59.897612],[10.562846,59.894627]]]}},{"type":"Feature","properties":{"cell_id":"r092c035","latitude":59.896119,"longitude":10.572236},"geometry":{"type":"Polygon","coordinates":[[[10.569106,59.894627],[10.575366,59.894627],[10.575366,59.897612],[10.569106,59.897612],[10.569106,59.894627]]]}},{"type":"Feature","properties":{"cell_id":"r092c036","latitude":59.896119,"longitude":10.578496},"geometry":{"type":"Polygon","coordinates":[[[10.575366,59.894627],[10.581626,59.894627],[10.581626,59.897612],[10.575366,59.897612],[10.575366,59.894627]]]}},{"type":"Feature","properties":{"cell_id":"r092c037","latitude":59.896119,"longitude":10.584756},"geometry":{"type":"Polygon","coordinates":[[[10.581626,59.894627],[10.587886,59.894627],[10.587886,59.897612],[10.581626,59.897612],[10.581626,59.894627]]]}},{"type":"Feature","properties":{"cell_id":"r092c040","latitude":59.896119,"longitude":10.603537},"geometry":{"type":"Polygon","coordinates":[[[10.600407,59.894627],[10.606667,59.894627],[10.606667,59.897612],[10.600407,59.897612],[10.600407,59.894627]]]}},{"type":"Feature","properties":{"cell_id":"r092c041","latitude":59.896119,"longitude":10.609797},"geometry":{"type":"Polygon","coordinates":[[[10.606667,59.894627],[10.612927,59.894627],[10.612927,59.897612],[10.606667,59.897612],[10.606667,59.894627]]]}},{"type":"Feature","properties":{"cell_id":"r092c042","latitude":59.896119,"longitude":10.616057},"geometry":{"type":"Polygon","coordinates":[[[10.612927,59.894627],[10.619187,59.894627],[10.619187,59.897612],[10.612927,59.897612],[10.612927,59.894627]]]}},{"type":"Feature","properties":{"cell_id":"r092c043","latitude":59.896119,"longitude":10.622317},"geometry":{"type":"Polygon","coordinates":[[[10.619187,59.894627],[10.625447,59.894627],[10.625447,59.897612],[10.619187,59.897612],[10.619187,59.894627]]]}},{"type":"Feature","properties":{"cell_id":"r092c044","latitude":59.896119,"longitude":10.628577},"geometry":{"type":"Polygon","coordinates":[[[10.625447,59.894627],[10.631707,59.894627],[10.631707,59.897612],[10.625447,59.897612],[10.625447,59.894627]]]}},{"type":"Feature","properties":{"cell_id":"r092c052","latitude":59.896119,"longitude":10.678659},"geometry":{"type":"Polygon","coordinates":[[[10.675528,59.894627],[10.681789,59.894627],[10.681789,59.897612],[10.675528,59.897612],[10.675528,59.894627]]]}},{"type":"Feature","properties":{"cell_id":"r092c064","latitude":59.896119,"longitude":10.75378},"geometry":{"type":"Polygon","coordinates":[[[10.75065,59.894627],[10.756911,59.894627],[10.756911,59.897612],[10.75065,59.897612],[10.75065,59.894627]]]}},{"type":"Feature","properties":{"cell_id":"r092c065","latitude":59.896119,"longitude":10.760041},"geometry":{"type":"Polygon","coordinates":[[[10.756911,59.894627],[10.763171,59.894627],[10.763171,59.897612],[10.756911,59.897612],[10.756911,59.894627]]]}},{"type":"Feature","properties":{"cell_id":"r092c066","latitude":59.896119,"longitude":10.766301},"geometry":{"type":"Polygon","coordinates":[[[10.763171,59.894627],[10.769431,59.894627],[10.769431,59.897612],[10.763171,59.897612],[10.763171,59.894627]]]}},{"type":"Feature","properties":{"cell_id":"r092c067","latitude":59.896119,"longitude":10.772561},"geometry":{"type":"Polygon","coordinates":[[[10.769431,59.894627],[10.775691,59.894627],[10.775691,59.897612],[10.769431,59.897612],[10.769431,59.894627]]]}},{"type":"Feature","properties":{"cell_id":"r092c068","latitude":59.896119,"longitude":10.778821},"geometry":{"type":"Polygon","coordinates":[[[10.775691,59.894627],[10.781951,59.894627],[10.781951,59.897612],[10.775691,59.897612],[10.775691,59.894627]]]}},{"type":"Feature","properties":{"cell_id":"r092c069","latitude":59.896119,"longitude":10.785081},"geometry":{"type":"Polygon","coordinates":[[[10.781951,59.894627],[10.788211,59.894627],[10.788211,59.897612],[10.781951,59.897612],[10.781951,59.894627]]]}},{"type":"Feature","properties":{"cell_id":"r092c070","latitude":59.896119,"longitude":10.791341},"geometry":{"type":"Polygon","coordinates":[[[10.788211,59.894627],[10.794472,59.894627],[10.794472,59.897612],[10.788211,59.897612],[10.788211,59.894627]]]}},{"type":"Feature","properties":{"cell_id":"r092c071","latitude":59.896119,"longitude":10.797602},"geometry":{"type":"Polygon","coordinates":[[[10.794472,59.894627],[10.800732,59.894627],[10.800732,59.897612],[10.794472,59.897612],[10.794472,59.894627]]]}},{"type":"Feature","properties":{"cell_id":"r092c072","latitude":59.896119,"longitude":10.803862},"geometry":{"type":"Polygon","coordinates":[[[10.800732,59.894627],[10.806992,59.894627],[10.806992,59.897612],[10.800732,59.897612],[10.800732,59.894627]]]}},{"type":"Feature","properties":{"cell_id":"r092c073","latitude":59.896119,"longitude":10.810122},"geometry":{"type":"Polygon","coordinates":[[[10.806992,59.894627],[10.813252,59.894627],[10.813252,59.897612],[10.806992,59.897612],[10.806992,59.894627]]]}},{"type":"Feature","properties":{"cell_id":"r092c074","latitude":59.896119,"longitude":10.816382},"geometry":{"type":"Polygon","coordinates":[[[10.813252,59.894627],[10.819512,59.894627],[10.819512,59.897612],[10.813252,59.897612],[10.813252,59.894627]]]}},{"type":"Feature","properties":{"cell_id":"r092c075","latitude":59.896119,"longitude":10.822642},"geometry":{"type":"Polygon","coordinates":[[[10.819512,59.894627],[10.825772,59.894627],[10.825772,59.897612],[10.819512,59.897612],[10.819512,59.894627]]]}},{"type":"Feature","properties":{"cell_id":"r092c077","latitude":59.896119,"longitude":10.835163},"geometry":{"type":"Polygon","coordinates":[[[10.832033,59.894627],[10.838293,59.894627],[10.838293,59.897612],[10.832033,59.897612],[10.832033,59.894627]]]}},{"type":"Feature","properties":{"cell_id":"r092c078","latitude":59.896119,"longitude":10.841423},"geometry":{"type":"Polygon","coordinates":[[[10.838293,59.894627],[10.844553,59.894627],[10.844553,59.897612],[10.838293,59.897612],[10.838293,59.894627]]]}},{"type":"Feature","properties":{"cell_id":"r092c079","latitude":59.896119,"longitude":10.847683},"geometry":{"type":"Polygon","coordinates":[[[10.844553,59.894627],[10.850813,59.894627],[10.850813,59.897612],[10.844553,59.897612],[10.844553,59.894627]]]}},{"type":"Feature","properties":{"cell_id":"r092c080","latitude":59.896119,"longitude":10.853943},"geometry":{"type":"Polygon","coordinates":[[[10.850813,59.894627],[10.857073,59.894627],[10.857073,59.897612],[10.850813,59.897612],[10.850813,59.894627]]]}},{"type":"Feature","properties":{"cell_id":"r093c021","latitude":59.899104,"longitude":10.484593},"geometry":{"type":"Polygon","coordinates":[[[10.481463,59.897612],[10.487724,59.897612],[10.487724,59.900597],[10.481463,59.900597],[10.481463,59.897612]]]}},{"type":"Feature","properties":{"cell_id":"r093c022","latitude":59.899104,"longitude":10.490854},"geometry":{"type":"Polygon","coordinates":[[[10.487724,59.897612],[10.493984,59.897612],[10.493984,59.900597],[10.487724,59.900597],[10.487724,59.897612]]]}},{"type":"Feature","properties":{"cell_id":"r093c023","latitude":59.899104,"longitude":10.497114},"geometry":{"type":"Polygon","coordinates":[[[10.493984,59.897612],[10.500244,59.897612],[10.500244,59.900597],[10.493984,59.900597],[10.493984,59.897612]]]}},{"type":"Feature","properties":{"cell_id":"r093c024","latitude":59.899104,"longitude":10.503374},"geometry":{"type":"Polygon","coordinates":[[[10.500244,59.897612],[10.506504,59.897612],[10.506504,59.900597],[10.500244,59.900597],[10.500244,59.897612]]]}},{"type":"Feature","properties":{"cell_id":"r093c025","latitude":59.899104,"longitude":10.509634},"geometry":{"type":"Polygon","coordinates":[[[10.506504,59.897612],[10.512764,59.897612],[10.512764,59.900597],[10.506504,59.900597],[10.506504,59.897612]]]}},{"type":"Feature","properties":{"cell_id":"r093c026","latitude":59.899104,"longitude":10.515894},"geometry":{"type":"Polygon","coordinates":[[[10.512764,59.897612],[10.519024,59.897612],[10.519024,59.900597],[10.512764,59.900597],[10.512764,59.897612]]]}},{"type":"Feature","properties":{"cell_id":"r093c027","latitude":59.899104,"longitude":10.522154},"geometry":{"type":"Polygon","coordinates":[[[10.519024,59.897612],[10.525285,59.897612],[10.525285,59.900597],[10.519024,59.900597],[10.519024,59.897612]]]}},{"type":"Feature","properties":{"cell_id":"r093c028","latitude":59.899104,"longitude":10.528415},"geometry":{"type":"Polygon","coordinates":[[[10.525285,59.897612],[10.531545,59.897612],[10.531545,59.900597],[10.525285,59.900597],[10.525285,59.897612]]]}},{"type":"Feature","properties":{"cell_id":"r093c029","latitude":59.899104,"longitude":10.534675},"geometry":{"type":"Polygon","coordinates":[[[10.531545,59.897612],[10.537805,59.897612],[10.537805,59.900597],[10.531545,59.900597],[10.531545,59.897612]]]}},{"type":"Feature","properties":{"cell_id":"r093c030","latitude":59.899104,"longitude":10.540935},"geometry":{"type":"Polygon","coordinates":[[[10.537805,59.897612],[10.544065,59.897612],[10.544065,59.900597],[10.537805,59.900597],[10.537805,59.897612]]]}},{"type":"Feature","properties":{"cell_id":"r093c031","latitude":59.899104,"longitude":10.547195},"geometry":{"type":"Polygon","coordinates":[[[10.544065,59.897612],[10.550325,59.897612],[10.550325,59.900597],[10.544065,59.900597],[10.544065,59.897612]]]}},{"type":"Feature","properties":{"cell_id":"r093c032","latitude":59.899104,"longitude":10.553455},"geometry":{"type":"Polygon","coordinates":[[[10.550325,59.897612],[10.556585,59.897612],[10.556585,59.900597],[10.550325,59.900597],[10.550325,59.897612]]]}},{"type":"Feature","properties":{"cell_id":"r093c033","latitude":59.899104,"longitude":10.559715},"geometry":{"type":"Polygon","coordinates":[[[10.556585,59.897612],[10.562846,59.897612],[10.562846,59.900597],[10.556585,59.900597],[10.556585,59.897612]]]}},{"type":"Feature","properties":{"cell_id":"r093c034","latitude":59.899104,"longitude":10.565976},"geometry":{"type":"Polygon","coordinates":[[[10.562846,59.897612],[10.569106,59.897612],[10.569106,59.900597],[10.562846,59.900597],[10.562846,59.897612]]]}},{"type":"Feature","properties":{"cell_id":"r093c035","latitude":59.899104,"longitude":10.572236},"geometry":{"type":"Polygon","coordinates":[[[10.569106,59.897612],[10.575366,59.897612],[10.575366,59.900597],[10.569106,59.900597],[10.569106,59.897612]]]}},{"type":"Feature","properties":{"cell_id":"r093c036","latitude":59.899104,"longitude":10.578496},"geometry":{"type":"Polygon","coordinates":[[[10.575366,59.897612],[10.581626,59.897612],[10.581626,59.900597],[10.575366,59.900597],[10.575366,59.897612]]]}},{"type":"Feature","properties":{"cell_id":"r093c037","latitude":59.899104,"longitude":10.584756},"geometry":{"type":"Polygon","coordinates":[[[10.581626,59.897612],[10.587886,59.897612],[10.587886,59.900597],[10.581626,59.900597],[10.581626,59.897612]]]}},{"type":"Feature","properties":{"cell_id":"r093c038","latitude":59.899104,"longitude":10.591016},"geometry":{"type":"Polygon","coordinates":[[[10.587886,59.897612],[10.594146,59.897612],[10.594146,59.900597],[10.587886,59.900597],[10.587886,59.897612]]]}},{"type":"Feature","properties":{"cell_id":"r093c041","latitude":59.899104,"longitude":10.609797},"geometry":{"type":"Polygon","coordinates":[[[10.606667,59.897612],[10.612927,59.897612],[10.612927,59.900597],[10.606667,59.900597],[10.606667,59.897612]]]}},{"type":"Feature","properties":{"cell_id":"r093c042","latitude":59.899104,"longitude":10.616057},"geometry":{"type":"Polygon","coordinates":[[[10.612927,59.897612],[10.619187,59.897612],[10.619187,59.900597],[10.612927,59.900597],[10.612927,59.897612]]]}},{"type":"Feature","properties":{"cell_id":"r093c043","latitude":59.899104,"longitude":10.622317},"geometry":{"type":"Polygon","coordinates":[[[10.619187,59.897612],[10.625447,59.897612],[10.625447,59.900597],[10.619187,59.900597],[10.619187,59.897612]]]}},{"type":"Feature","properties":{"cell_id":"r093c044","latitude":59.899104,"longitude":10.628577},"geometry":{"type":"Polygon","coordinates":[[[10.625447,59.897612],[10.631707,59.897612],[10.631707,59.900597],[10.625447,59.900597],[10.625447,59.897612]]]}},{"type":"Feature","properties":{"cell_id":"r093c052","latitude":59.899104,"longitude":10.678659},"geometry":{"type":"Polygon","coordinates":[[[10.675528,59.897612],[10.681789,59.897612],[10.681789,59.900597],[10.675528,59.900597],[10.675528,59.897612]]]}},{"type":"Feature","properties":{"cell_id":"r093c053","latitude":59.899104,"longitude":10.684919},"geometry":{"type":"Polygon","coordinates":[[[10.681789,59.897612],[10.688049,59.897612],[10.688049,59.900597],[10.681789,59.900597],[10.681789,59.897612]]]}},{"type":"Feature","properties":{"cell_id":"r093c054","latitude":59.899104,"longitude":10.691179},"geometry":{"type":"Polygon","coordinates":[[[10.688049,59.897612],[10.694309,59.897612],[10.694309,59.900597],[10.688049,59.900597],[10.688049,59.897612]]]}},{"type":"Feature","properties":{"cell_id":"r093c065","latitude":59.899104,"longitude":10.760041},"geometry":{"type":"Polygon","coordinates":[[[10.756911,59.897612],[10.763171,59.897612],[10.763171,59.900597],[10.756911,59.900597],[10.756911,59.897612]]]}},{"type":"Feature","properties":{"cell_id":"r093c066","latitude":59.899104,"longitude":10.766301},"geometry":{"type":"Polygon","coordinates":[[[10.763171,59.897612],[10.769431,59.897612],[10.769431,59.900597],[10.763171,59.900597],[10.763171,59.897612]]]}},{"type":"Feature","properties":{"cell_id":"r093c067","latitude":59.899104,"longitude":10.772561},"geometry":{"type":"Polygon","coordinates":[[[10.769431,59.897612],[10.775691,59.897612],[10.775691,59.900597],[10.769431,59.900597],[10.769431,59.897612]]]}},{"type":"Feature","properties":{"cell_id":"r093c068","latitude":59.899104,"longitude":10.778821},"geometry":{"type":"Polygon","coordinates":[[[10.775691,59.897612],[10.781951,59.897612],[10.781951,59.900597],[10.775691,59.900597],[10.775691,59.897612]]]}},{"type":"Feature","properties":{"cell_id":"r093c069","latitude":59.899104,"longitude":10.785081},"geometry":{"type":"Polygon","coordinates":[[[10.781951,59.897612],[10.788211,59.897612],[10.788211,59.900597],[10.781951,59.900597],[10.781951,59.897612]]]}},{"type":"Feature","properties":{"cell_id":"r093c070","latitude":59.899104,"longitude":10.791341},"geometry":{"type":"Polygon","coordinates":[[[10.788211,59.897612],[10.794472,59.897612],[10.794472,59.900597],[10.788211,59.900597],[10.788211,59.897612]]]}},{"type":"Feature","properties":{"cell_id":"r093c071","latitude":59.899104,"longitude":10.797602},"geometry":{"type":"Polygon","coordinates":[[[10.794472,59.897612],[10.800732,59.897612],[10.800732,59.900597],[10.794472,59.900597],[10.794472,59.897612]]]}},{"type":"Feature","properties":{"cell_id":"r093c072","latitude":59.899104,"longitude":10.803862},"geometry":{"type":"Polygon","coordinates":[[[10.800732,59.897612],[10.806992,59.897612],[10.806992,59.900597],[10.800732,59.900597],[10.800732,59.897612]]]}},{"type":"Feature","properties":{"cell_id":"r093c073","latitude":59.899104,"longitude":10.810122},"geometry":{"type":"Polygon","coordinates":[[[10.806992,59.897612],[10.813252,59.897612],[10.813252,59.900597],[10.806992,59.900597],[10.806992,59.897612]]]}},{"type":"Feature","properties":{"cell_id":"r093c074","latitude":59.899104,"longitude":10.816382},"geometry":{"type":"Polygon","coordinates":[[[10.813252,59.897612],[10.819512,59.897612],[10.819512,59.900597],[10.813252,59.900597],[10.813252,59.897612]]]}},{"type":"Feature","properties":{"cell_id":"r093c075","latitude":59.899104,"longitude":10.822642},"geometry":{"type":"Polygon","coordinates":[[[10.819512,59.897612],[10.825772,59.897612],[10.825772,59.900597],[10.819512,59.900597],[10.819512,59.897612]]]}},{"type":"Feature","properties":{"cell_id":"r093c077","latitude":59.899104,"longitude":10.835163},"geometry":{"type":"Polygon","coordinates":[[[10.832033,59.897612],[10.838293,59.897612],[10.838293,59.900597],[10.832033,59.900597],[10.832033,59.897612]]]}},{"type":"Feature","properties":{"cell_id":"r093c078","latitude":59.899104,"longitude":10.841423},"geometry":{"type":"Polygon","coordinates":[[[10.838293,59.897612],[10.844553,59.897612],[10.844553,59.900597],[10.838293,59.900597],[10.838293,59.897612]]]}},{"type":"Feature","properties":{"cell_id":"r093c079","latitude":59.899104,"longitude":10.847683},"geometry":{"type":"Polygon","coordinates":[[[10.844553,59.897612],[10.850813,59.897612],[10.850813,59.900597],[10.844553,59.900597],[10.844553,59.897612]]]}},{"type":"Feature","properties":{"cell_id":"r093c080","latitude":59.899104,"longitude":10.853943},"geometry":{"type":"Polygon","coordinates":[[[10.850813,59.897612],[10.857073,59.897612],[10.857073,59.900597],[10.850813,59.900597],[10.850813,59.897612]]]}},{"type":"Feature","properties":{"cell_id":"r094c019","latitude":59.90209,"longitude":10.472073},"geometry":{"type":"Polygon","coordinates":[[[10.468943,59.900597],[10.475203,59.900597],[10.475203,59.903582],[10.468943,59.903582],[10.468943,59.900597]]]}},{"type":"Feature","properties":{"cell_id":"r094c021","latitude":59.90209,"longitude":10.484593},"geometry":{"type":"Polygon","coordinates":[[[10.481463,59.900597],[10.487724,59.900597],[10.487724,59.903582],[10.481463,59.903582],[10.481463,59.900597]]]}},{"type":"Feature","properties":{"cell_id":"r094c022","latitude":59.90209,"longitude":10.490854},"geometry":{"type":"Polygon","coordinates":[[[10.487724,59.900597],[10.493984,59.900597],[10.493984,59.903582],[10.487724,59.903582],[10.487724,59.900597]]]}},{"type":"Feature","properties":{"cell_id":"r094c023","latitude":59.90209,"longitude":10.497114},"geometry":{"type":"Polygon","coordinates":[[[10.493984,59.900597],[10.500244,59.900597],[10.500244,59.903582],[10.493984,59.903582],[10.493984,59.900597]]]}},{"type":"Feature","properties":{"cell_id":"r094c024","latitude":59.90209,"longitude":10.503374},"geometry":{"type":"Polygon","coordinates":[[[10.500244,59.900597],[10.506504,59.900597],[10.506504,59.903582],[10.500244,59.903582],[10.500244,59.900597]]]}},{"type":"Feature","properties":{"cell_id":"r094c025","latitude":59.90209,"longitude":10.509634},"geometry":{"type":"Polygon","coordinates":[[[10.506504,59.900597],[10.512764,59.900597],[10.512764,59.903582],[10.506504,59.903582],[10.506504,59.900597]]]}},{"type":"Feature","properties":{"cell_id":"r094c026","latitude":59.90209,"longitude":10.515894},"geometry":{"type":"Polygon","coordinates":[[[10.512764,59.900597],[10.519024,59.900597],[10.519024,59.903582],[10.512764,59.903582],[10.512764,59.900597]]]}},{"type":"Feature","properties":{"cell_id":"r094c027","latitude":59.90209,"longitude":10.522154},"geometry":{"type":"Polygon","coordinates":[[[10.519024,59.900597],[10.525285,59.900597],[10.525285,59.903582],[10.519024,59.903582],[10.519024,59.900597]]]}},{"type":"Feature","properties":{"cell_id":"r094c028","latitude":59.90209,"longitude":10.528415},"geometry":{"type":"Polygon","coordinates":[[[10.525285,59.900597],[10.531545,59.900597],[10.531545,59.903582],[10.525285,59.903582],[10.525285,59.900597]]]}},{"type":"Feature","properties":{"cell_id":"r094c029","latitude":59.90209,"longitude":10.534675},"geometry":{"type":"Polygon","coordinates":[[[10.531545,59.900597],[10.537805,59.900597],[10.537805,59.903582],[10.531545,59.903582],[10.531545,59.900597]]]}},{"type":"Feature","properties":{"cell_id":"r094c030","latitude":59.90209,"longitude":10.540935},"geometry":{"type":"Polygon","coordinates":[[[10.537805,59.900597],[10.544065,59.900597],[10.544065,59.903582],[10.537805,59.903582],[10.537805,59.900597]]]}},{"type":"Feature","properties":{"cell_id":"r094c031","latitude":59.90209,"longitude":10.547195},"geometry":{"type":"Polygon","coordinates":[[[10.544065,59.900597],[10.550325,59.900597],[10.550325,59.903582],[10.544065,59.903582],[10.544065,59.900597]]]}},{"type":"Feature","properties":{"cell_id":"r094c032","latitude":59.90209,"longitude":10.553455},"geometry":{"type":"Polygon","coordinates":[[[10.550325,59.900597],[10.556585,59.900597],[10.556585,59.903582],[10.550325,59.903582],[10.550325,59.900597]]]}},{"type":"Feature","properties":{"cell_id":"r094c033","latitude":59.90209,"longitude":10.559715},"geometry":{"type":"Polygon","coordinates":[[[10.556585,59.900597],[10.562846,59.900597],[10.562846,59.903582],[10.556585,59.903582],[10.556585,59.900597]]]}},{"type":"Feature","properties":{"cell_id":"r094c034","latitude":59.90209,"longitude":10.565976},"geometry":{"type":"Polygon","coordinates":[[[10.562846,59.900597],[10.569106,59.900597],[10.569106,59.903582],[10.562846,59.903582],[10.562846,59.900597]]]}},{"type":"Feature","properties":{"cell_id":"r094c035","latitude":59.90209,"longitude":10.572236},"geometry":{"type":"Polygon","coordinates":[[[10.569106,59.900597],[10.575366,59.900597],[10.575366,59.903582],[10.569106,59.903582],[10.569106,59.900597]]]}},{"type":"Feature","properties":{"cell_id":"r094c036","latitude":59.90209,"longitude":10.578496},"geometry":{"type":"Polygon","coordinates":[[[10.575366,59.900597],[10.581626,59.900597],[10.581626,59.903582],[10.575366,59.903582],[10.575366,59.900597]]]}},{"type":"Feature","properties":{"cell_id":"r094c037","latitude":59.90209,"longitude":10.584756},"geometry":{"type":"Polygon","coordinates":[[[10.581626,59.900597],[10.587886,59.900597],[10.587886,59.903582],[10.581626,59.903582],[10.581626,59.900597]]]}},{"type":"Feature","properties":{"cell_id":"r094c038","latitude":59.90209,"longitude":10.591016},"geometry":{"type":"Polygon","coordinates":[[[10.587886,59.900597],[10.594146,59.900597],[10.594146,59.903582],[10.587886,59.903582],[10.587886,59.900597]]]}},{"type":"Feature","properties":{"cell_id":"r094c039","latitude":59.90209,"longitude":10.597276},"geometry":{"type":"Polygon","coordinates":[[[10.594146,59.900597],[10.600407,59.900597],[10.600407,59.903582],[10.594146,59.903582],[10.594146,59.900597]]]}},{"type":"Feature","properties":{"cell_id":"r094c040","latitude":59.90209,"longitude":10.603537},"geometry":{"type":"Polygon","coordinates":[[[10.600407,59.900597],[10.606667,59.900597],[10.606667,59.903582],[10.600407,59.903582],[10.600407,59.900597]]]}},{"type":"Feature","properties":{"cell_id":"r094c042","latitude":59.90209,"longitude":10.616057},"geometry":{"type":"Polygon","coordinates":[[[10.612927,59.900597],[10.619187,59.900597],[10.619187,59.903582],[10.612927,59.903582],[10.612927,59.900597]]]}},{"type":"Feature","properties":{"cell_id":"r094c043","latitude":59.90209,"longitude":10.622317},"geometry":{"type":"Polygon","coordinates":[[[10.619187,59.900597],[10.625447,59.900597],[10.625447,59.903582],[10.619187,59.903582],[10.619187,59.900597]]]}},{"type":"Feature","properties":{"cell_id":"r094c044","latitude":59.90209,"longitude":10.628577},"geometry":{"type":"Polygon","coordinates":[[[10.625447,59.900597],[10.631707,59.900597],[10.631707,59.903582],[10.625447,59.903582],[10.625447,59.900597]]]}},{"type":"Feature","properties":{"cell_id":"r094c051","latitude":59.90209,"longitude":10.672398},"geometry":{"type":"Polygon","coordinates":[[[10.669268,59.900597],[10.675528,59.900597],[10.675528,59.903582],[10.669268,59.903582],[10.669268,59.900597]]]}},{"type":"Feature","properties":{"cell_id":"r094c052","latitude":59.90209,"longitude":10.678659},"geometry":{"type":"Polygon","coordinates":[[[10.675528,59.900597],[10.681789,59.900597],[10.681789,59.903582],[10.675528,59.903582],[10.675528,59.900597]]]}},{"type":"Feature","properties":{"cell_id":"r094c053","latitude":59.90209,"longitude":10.684919},"geometry":{"type":"Polygon","coordinates":[[[10.681789,59.900597],[10.688049,59.900597],[10.688049,59.903582],[10.681789,59.903582],[10.681789,59.900597]]]}},{"type":"Feature","properties":{"cell_id":"r094c054","latitude":59.90209,"longitude":10.691179},"geometry":{"type":"Polygon","coordinates":[[[10.688049,59.900597],[10.694309,59.900597],[10.694309,59.903582],[10.688049,59.903582],[10.688049,59.900597]]]}},{"type":"Feature","properties":{"cell_id":"r094c055","latitude":59.90209,"longitude":10.697439},"geometry":{"type":"Polygon","coordinates":[[[10.694309,59.900597],[10.700569,59.900597],[10.700569,59.903582],[10.694309,59.903582],[10.694309,59.900597]]]}},{"type":"Feature","properties":{"cell_id":"r094c062","latitude":59.90209,"longitude":10.74126},"geometry":{"type":"Polygon","coordinates":[[[10.73813,59.900597],[10.74439,59.900597],[10.74439,59.903582],[10.73813,59.903582],[10.73813,59.900597]]]}},{"type":"Feature","properties":{"cell_id":"r094c064","latitude":59.90209,"longitude":10.75378},"geometry":{"type":"Polygon","coordinates":[[[10.75065,59.900597],[10.756911,59.900597],[10.756911,59.903582],[10.75065,59.903582],[10.75065,59.900597]]]}},{"type":"Feature","properties":{"cell_id":"r094c065","latitude":59.90209,"longitude":10.760041},"geometry":{"type":"Polygon","coordinates":[[[10.756911,59.900597],[10.763171,59.900597],[10.763171,59.903582],[10.756911,59.903582],[10.756911,59.900597]]]}},{"type":"Feature","properties":{"cell_id":"r094c066","latitude":59.90209,"longitude":10.766301},"geometry":{"type":"Polygon","coordinates":[[[10.763171,59.900597],[10.769431,59.900597],[10.769431,59.903582],[10.763171,59.903582],[10.763171,59.900597]]]}},{"type":"Feature","properties":{"cell_id":"r094c067","latitude":59.90209,"longitude":10.772561},"geometry":{"type":"Polygon","coordinates":[[[10.769431,59.900597],[10.775691,59.900597],[10.775691,59.903582],[10.769431,59.903582],[10.769431,59.900597]]]}},{"type":"Feature","properties":{"cell_id":"r094c068","latitude":59.90209,"longitude":10.778821},"geometry":{"type":"Polygon","coordinates":[[[10.775691,59.900597],[10.781951,59.900597],[10.781951,59.903582],[10.775691,59.903582],[10.775691,59.900597]]]}},{"type":"Feature","properties":{"cell_id":"r094c069","latitude":59.90209,"longitude":10.785081},"geometry":{"type":"Polygon","coordinates":[[[10.781951,59.900597],[10.788211,59.900597],[10.788211,59.903582],[10.781951,59.903582],[10.781951,59.900597]]]}},{"type":"Feature","properties":{"cell_id":"r094c070","latitude":59.90209,"longitude":10.791341},"geometry":{"type":"Polygon","coordinates":[[[10.788211,59.900597],[10.794472,59.900597],[10.794472,59.903582],[10.788211,59.903582],[10.788211,59.900597]]]}},{"type":"Feature","properties":{"cell_id":"r094c071","latitude":59.90209,"longitude":10.797602},"geometry":{"type":"Polygon","coordinates":[[[10.794472,59.900597],[10.800732,59.900597],[10.800732,59.903582],[10.794472,59.903582],[10.794472,59.900597]]]}},{"type":"Feature","properties":{"cell_id":"r094c072","latitude":59.90209,"longitude":10.803862},"geometry":{"type":"Polygon","coordinates":[[[10.800732,59.900597],[10.806992,59.900597],[10.806992,59.903582],[10.800732,59.903582],[10.800732,59.900597]]]}},{"type":"Feature","properties":{"cell_id":"r094c073","latitude":59.90209,"longitude":10.810122},"geometry":{"type":"Polygon","coordinates":[[[10.806992,59.900597],[10.813252,59.900597],[10.813252,59.903582],[10.806992,59.903582],[10.806992,59.900597]]]}},{"type":"Feature","properties":{"cell_id":"r094c074","latitude":59.90209,"longitude":10.816382},"geometry":{"type":"Polygon","coordinates":[[[10.813252,59.900597],[10.819512,59.900597],[10.819512,59.903582],[10.813252,59.903582],[10.813252,59.900597]]]}},{"type":"Feature","properties":{"cell_id":"r094c075","latitude":59.90209,"longitude":10.822642},"geometry":{"type":"Polygon","coordinates":[[[10.819512,59.900597],[10.825772,59.900597],[10.825772,59.903582],[10.819512,59.903582],[10.819512,59.900597]]]}},{"type":"Feature","properties":{"cell_id":"r094c076","latitude":59.90209,"longitude":10.828902},"geometry":{"type":"Polygon","coordinates":[[[10.825772,59.900597],[10.832033,59.900597],[10.832033,59.903582],[10.825772,59.903582],[10.825772,59.900597]]]}},{"type":"Feature","properties":{"cell_id":"r094c077","latitude":59.90209,"longitude":10.835163},"geometry":{"type":"Polygon","coordinates":[[[10.832033,59.900597],[10.838293,59.900597],[10.838293,59.903582],[10.832033,59.903582],[10.832033,59.900597]]]}},{"type":"Feature","properties":{"cell_id":"r094c078","latitude":59.90209,"longitude":10.841423},"geometry":{"type":"Polygon","coordinates":[[[10.838293,59.900597],[10.844553,59.900597],[10.844553,59.903582],[10.838293,59.903582],[10.838293,59.900597]]]}},{"type":"Feature","properties":{"cell_id":"r094c079","latitude":59.90209,"longitude":10.847683},"geometry":{"type":"Polygon","coordinates":[[[10.844553,59.900597],[10.850813,59.900597],[10.850813,59.903582],[10.844553,59.903582],[10.844553,59.900597]]]}},{"type":"Feature","properties":{"cell_id":"r095c018","latitude":59.905075,"longitude":10.465813},"geometry":{"type":"Polygon","coordinates":[[[10.462683,59.903582],[10.468943,59.903582],[10.468943,59.906567],[10.462683,59.906567],[10.462683,59.903582]]]}},{"type":"Feature","properties":{"cell_id":"r095c019","latitude":59.905075,"longitude":10.472073},"geometry":{"type":"Polygon","coordinates":[[[10.468943,59.903582],[10.475203,59.903582],[10.475203,59.906567],[10.468943,59.906567],[10.468943,59.903582]]]}},{"type":"Feature","properties":{"cell_id":"r095c020","latitude":59.905075,"longitude":10.478333},"geometry":{"type":"Polygon","coordinates":[[[10.475203,59.903582],[10.481463,59.903582],[10.481463,59.906567],[10.475203,59.906567],[10.475203,59.903582]]]}},{"type":"Feature","properties":{"cell_id":"r095c022","latitude":59.905075,"longitude":10.490854},"geometry":{"type":"Polygon","coordinates":[[[10.487724,59.903582],[10.493984,59.903582],[10.493984,59.906567],[10.487724,59.906567],[10.487724,59.903582]]]}},{"type":"Feature","properties":{"cell_id":"r095c023","latitude":59.905075,"longitude":10.497114},"geometry":{"type":"Polygon","coordinates":[[[10.493984,59.903582],[10.500244,59.903582],[10.500244,59.906567],[10.493984,59.906567],[10.493984,59.903582]]]}},{"type":"Feature","properties":{"cell_id":"r095c024","latitude":59.905075,"longitude":10.503374},"geometry":{"type":"Polygon","coordinates":[[[10.500244,59.903582],[10.506504,59.903582],[10.506504,59.906567],[10.500244,59.906567],[10.500244,59.903582]]]}},{"type":"Feature","properties":{"cell_id":"r095c025","latitude":59.905075,"longitude":10.509634},"geometry":{"type":"Polygon","coordinates":[[[10.506504,59.903582],[10.512764,59.903582],[10.512764,59.906567],[10.506504,59.906567],[10.506504,59.903582]]]}},{"type":"Feature","properties":{"cell_id":"r095c026","latitude":59.905075,"longitude":10.515894},"geometry":{"type":"Polygon","coordinates":[[[10.512764,59.903582],[10.519024,59.903582],[10.519024,59.906567],[10.512764,59.906567],[10.512764,59.903582]]]}},{"type":"Feature","properties":{"cell_id":"r095c027","latitude":59.905075,"longitude":10.522154},"geometry":{"type":"Polygon","coordinates":[[[10.519024,59.903582],[10.525285,59.903582],[10.525285,59.906567],[10.519024,59.906567],[10.519024,59.903582]]]}},{"type":"Feature","properties":{"cell_id":"r095c028","latitude":59.905075,"longitude":10.528415},"geometry":{"type":"Polygon","coordinates":[[[10.525285,59.903582],[10.531545,59.903582],[10.531545,59.906567],[10.525285,59.906567],[10.525285,59.903582]]]}},{"type":"Feature","properties":{"cell_id":"r095c029","latitude":59.905075,"longitude":10.534675},"geometry":{"type":"Polygon","coordinates":[[[10.531545,59.903582],[10.537805,59.903582],[10.537805,59.906567],[10.531545,59.906567],[10.531545,59.903582]]]}},{"type":"Feature","properties":{"cell_id":"r095c030","latitude":59.905075,"longitude":10.540935},"geometry":{"type":"Polygon","coordinates":[[[10.537805,59.903582],[10.544065,59.903582],[10.544065,59.906567],[10.537805,59.906567],[10.537805,59.903582]]]}},{"type":"Feature","properties":{"cell_id":"r095c031","latitude":59.905075,"longitude":10.547195},"geometry":{"type":"Polygon","coordinates":[[[10.544065,59.903582],[10.550325,59.903582],[10.550325,59.906567],[10.544065,59.906567],[10.544065,59.903582]]]}},{"type":"Feature","properties":{"cell_id":"r095c032","latitude":59.905075,"longitude":10.553455},"geometry":{"type":"Polygon","coordinates":[[[10.550325,59.903582],[10.556585,59.903582],[10.556585,59.906567],[10.550325,59.906567],[10.550325,59.903582]]]}},{"type":"Feature","properties":{"cell_id":"r095c033","latitude":59.905075,"longitude":10.559715},"geometry":{"type":"Polygon","coordinates":[[[10.556585,59.903582],[10.562846,59.903582],[10.562846,59.906567],[10.556585,59.906567],[10.556585,59.903582]]]}},{"type":"Feature","properties":{"cell_id":"r095c034","latitude":59.905075,"longitude":10.565976},"geometry":{"type":"Polygon","coordinates":[[[10.562846,59.903582],[10.569106,59.903582],[10.569106,59.906567],[10.562846,59.906567],[10.562846,59.903582]]]}},{"type":"Feature","properties":{"cell_id":"r095c035","latitude":59.905075,"longitude":10.572236},"geometry":{"type":"Polygon","coordinates":[[[10.569106,59.903582],[10.575366,59.903582],[10.575366,59.906567],[10.569106,59.906567],[10.569106,59.903582]]]}},{"type":"Feature","properties":{"cell_id":"r095c036","latitude":59.905075,"longitude":10.578496},"geometry":{"type":"Polygon","coordinates":[[[10.575366,59.903582],[10.581626,59.903582],[10.581626,59.906567],[10.575366,59.906567],[10.575366,59.903582]]]}},{"type":"Feature","properties":{"cell_id":"r095c037","latitude":59.905075,"longitude":10.584756},"geometry":{"type":"Polygon","coordinates":[[[10.581626,59.903582],[10.587886,59.903582],[10.587886,59.906567],[10.581626,59.906567],[10.581626,59.903582]]]}},{"type":"Feature","properties":{"cell_id":"r095c038","latitude":59.905075,"longitude":10.591016},"geometry":{"type":"Polygon","coordinates":[[[10.587886,59.903582],[10.594146,59.903582],[10.594146,59.906567],[10.587886,59.906567],[10.587886,59.903582]]]}},{"type":"Feature","properties":{"cell_id":"r095c039","latitude":59.905075,"longitude":10.597276},"geometry":{"type":"Polygon","coordinates":[[[10.594146,59.903582],[10.600407,59.903582],[10.600407,59.906567],[10.594146,59.906567],[10.594146,59.903582]]]}},{"type":"Feature","properties":{"cell_id":"r095c040","latitude":59.905075,"longitude":10.603537},"geometry":{"type":"Polygon","coordinates":[[[10.600407,59.903582],[10.606667,59.903582],[10.606667,59.906567],[10.600407,59.906567],[10.600407,59.903582]]]}},{"type":"Feature","properties":{"cell_id":"r095c041","latitude":59.905075,"longitude":10.609797},"geometry":{"type":"Polygon","coordinates":[[[10.606667,59.903582],[10.612927,59.903582],[10.612927,59.906567],[10.606667,59.906567],[10.606667,59.903582]]]}},{"type":"Feature","properties":{"cell_id":"r095c042","latitude":59.905075,"longitude":10.616057},"geometry":{"type":"Polygon","coordinates":[[[10.612927,59.903582],[10.619187,59.903582],[10.619187,59.906567],[10.612927,59.906567],[10.612927,59.903582]]]}},{"type":"Feature","properties":{"cell_id":"r095c043","latitude":59.905075,"longitude":10.622317},"geometry":{"type":"Polygon","coordinates":[[[10.619187,59.903582],[10.625447,59.903582],[10.625447,59.906567],[10.619187,59.906567],[10.619187,59.903582]]]}},{"type":"Feature","properties":{"cell_id":"r095c044","latitude":59.905075,"longitude":10.628577},"geometry":{"type":"Polygon","coordinates":[[[10.625447,59.903582],[10.631707,59.903582],[10.631707,59.906567],[10.625447,59.906567],[10.625447,59.903582]]]}},{"type":"Feature","properties":{"cell_id":"r095c045","latitude":59.905075,"longitude":10.634837},"geometry":{"type":"Polygon","coordinates":[[[10.631707,59.903582],[10.637967,59.903582],[10.637967,59.906567],[10.631707,59.906567],[10.631707,59.903582]]]}},{"type":"Feature","properties":{"cell_id":"r095c052","latitude":59.905075,"longitude":10.678659},"geometry":{"type":"Polygon","coordinates":[[[10.675528,59.903582],[10.681789,59.903582],[10.681789,59.906567],[10.675528,59.906567],[10.675528,59.903582]]]}},{"type":"Feature","properties":{"cell_id":"r095c053","latitude":59.905075,"longitude":10.684919},"geometry":{"type":"Polygon","coordinates":[[[10.681789,59.903582],[10.688049,59.903582],[10.688049,59.906567],[10.681789,59.906567],[10.681789,59.903582]]]}},{"type":"Feature","properties":{"cell_id":"r095c054","latitude":59.905075,"longitude":10.691179},"geometry":{"type":"Polygon","coordinates":[[[10.688049,59.903582],[10.694309,59.903582],[10.694309,59.906567],[10.688049,59.906567],[10.688049,59.903582]]]}},{"type":"Feature","properties":{"cell_id":"r095c062","latitude":59.905075,"longitude":10.74126},"geometry":{"type":"Polygon","coordinates":[[[10.73813,59.903582],[10.74439,59.903582],[10.74439,59.906567],[10.73813,59.906567],[10.73813,59.903582]]]}},{"type":"Feature","properties":{"cell_id":"r095c065","latitude":59.905075,"longitude":10.760041},"geometry":{"type":"Polygon","coordinates":[[[10.756911,59.903582],[10.763171,59.903582],[10.763171,59.906567],[10.756911,59.906567],[10.756911,59.903582]]]}},{"type":"Feature","properties":{"cell_id":"r095c066","latitude":59.905075,"longitude":10.766301},"geometry":{"type":"Polygon","coordinates":[[[10.763171,59.903582],[10.769431,59.903582],[10.769431,59.906567],[10.763171,59.906567],[10.763171,59.903582]]]}},{"type":"Feature","properties":{"cell_id":"r095c067","latitude":59.905075,"longitude":10.772561},"geometry":{"type":"Polygon","coordinates":[[[10.769431,59.903582],[10.775691,59.903582],[10.775691,59.906567],[10.769431,59.906567],[10.769431,59.903582]]]}},{"type":"Feature","properties":{"cell_id":"r095c068","latitude":59.905075,"longitude":10.778821},"geometry":{"type":"Polygon","coordinates":[[[10.775691,59.903582],[10.781951,59.903582],[10.781951,59.906567],[10.775691,59.906567],[10.775691,59.903582]]]}},{"type":"Feature","properties":{"cell_id":"r095c069","latitude":59.905075,"longitude":10.785081},"geometry":{"type":"Polygon","coordinates":[[[10.781951,59.903582],[10.788211,59.903582],[10.788211,59.906567],[10.781951,59.906567],[10.781951,59.903582]]]}},{"type":"Feature","properties":{"cell_id":"r095c070","latitude":59.905075,"longitude":10.791341},"geometry":{"type":"Polygon","coordinates":[[[10.788211,59.903582],[10.794472,59.903582],[10.794472,59.906567],[10.788211,59.906567],[10.788211,59.903582]]]}},{"type":"Feature","properties":{"cell_id":"r095c071","latitude":59.905075,"longitude":10.797602},"geometry":{"type":"Polygon","coordinates":[[[10.794472,59.903582],[10.800732,59.903582],[10.800732,59.906567],[10.794472,59.906567],[10.794472,59.903582]]]}},{"type":"Feature","properties":{"cell_id":"r095c072","latitude":59.905075,"longitude":10.803862},"geometry":{"type":"Polygon","coordinates":[[[10.800732,59.903582],[10.806992,59.903582],[10.806992,59.906567],[10.800732,59.906567],[10.800732,59.903582]]]}},{"type":"Feature","properties":{"cell_id":"r095c073","latitude":59.905075,"longitude":10.810122},"geometry":{"type":"Polygon","coordinates":[[[10.806992,59.903582],[10.813252,59.903582],[10.813252,59.906567],[10.806992,59.906567],[10.806992,59.903582]]]}},{"type":"Feature","properties":{"cell_id":"r095c074","latitude":59.905075,"longitude":10.816382},"geometry":{"type":"Polygon","coordinates":[[[10.813252,59.903582],[10.819512,59.903582],[10.819512,59.906567],[10.813252,59.906567],[10.813252,59.903582]]]}},{"type":"Feature","properties":{"cell_id":"r095c075","latitude":59.905075,"longitude":10.822642},"geometry":{"type":"Polygon","coordinates":[[[10.819512,59.903582],[10.825772,59.903582],[10.825772,59.906567],[10.819512,59.906567],[10.819512,59.903582]]]}},{"type":"Feature","properties":{"cell_id":"r095c076","latitude":59.905075,"longitude":10.828902},"geometry":{"type":"Polygon","coordinates":[[[10.825772,59.903582],[10.832033,59.903582],[10.832033,59.906567],[10.825772,59.906567],[10.825772,59.903582]]]}},{"type":"Feature","properties":{"cell_id":"r095c077","latitude":59.905075,"longitude":10.835163},"geometry":{"type":"Polygon","coordinates":[[[10.832033,59.903582],[10.838293,59.903582],[10.838293,59.906567],[10.832033,59.906567],[10.832033,59.903582]]]}},{"type":"Feature","properties":{"cell_id":"r095c078","latitude":59.905075,"longitude":10.841423},"geometry":{"type":"Polygon","coordinates":[[[10.838293,59.903582],[10.844553,59.903582],[10.844553,59.906567],[10.838293,59.906567],[10.838293,59.903582]]]}},{"type":"Feature","properties":{"cell_id":"r095c079","latitude":59.905075,"longitude":10.847683},"geometry":{"type":"Polygon","coordinates":[[[10.844553,59.903582],[10.850813,59.903582],[10.850813,59.906567],[10.844553,59.906567],[10.844553,59.903582]]]}},{"type":"Feature","properties":{"cell_id":"r095c099","latitude":59.905075,"longitude":10.972886},"geometry":{"type":"Polygon","coordinates":[[[10.969756,59.903582],[10.976016,59.903582],[10.976016,59.906567],[10.969756,59.906567],[10.969756,59.903582]]]}},{"type":"Feature","properties":{"cell_id":"r096c019","latitude":59.90806,"longitude":10.472073},"geometry":{"type":"Polygon","coordinates":[[[10.468943,59.906567],[10.475203,59.906567],[10.475203,59.909552],[10.468943,59.909552],[10.468943,59.906567]]]}},{"type":"Feature","properties":{"cell_id":"r096c020","latitude":59.90806,"longitude":10.478333},"geometry":{"type":"Polygon","coordinates":[[[10.475203,59.906567],[10.481463,59.906567],[10.481463,59.909552],[10.475203,59.909552],[10.475203,59.906567]]]}},{"type":"Feature","properties":{"cell_id":"r096c022","latitude":59.90806,"longitude":10.490854},"geometry":{"type":"Polygon","coordinates":[[[10.487724,59.906567],[10.493984,59.906567],[10.493984,59.909552],[10.487724,59.909552],[10.487724,59.906567]]]}},{"type":"Feature","properties":{"cell_id":"r096c023","latitude":59.90806,"longitude":10.497114},"geometry":{"type":"Polygon","coordinates":[[[10.493984,59.906567],[10.500244,59.906567],[10.500244,59.909552],[10.493984,59.909552],[10.493984,59.906567]]]}},{"type":"Feature","properties":{"cell_id":"r096c024","latitude":59.90806,"longitude":10.503374},"geometry":{"type":"Polygon","coordinates":[[[10.500244,59.906567],[10.506504,59.906567],[10.506504,59.909552],[10.500244,59.909552],[10.500244,59.906567]]]}},{"type":"Feature","properties":{"cell_id":"r096c025","latitude":59.90806,"longitude":10.509634},"geometry":{"type":"Polygon","coordinates":[[[10.506504,59.906567],[10.512764,59.906567],[10.512764,59.909552],[10.506504,59.909552],[10.506504,59.906567]]]}},{"type":"Feature","properties":{"cell_id":"r096c026","latitude":59.90806,"longitude":10.515894},"geometry":{"type":"Polygon","coordinates":[[[10.512764,59.906567],[10.519024,59.906567],[10.519024,59.909552],[10.512764,59.909552],[10.512764,59.906567]]]}},{"type":"Feature","properties":{"cell_id":"r096c028","latitude":59.90806,"longitude":10.528415},"geometry":{"type":"Polygon","coordinates":[[[10.525285,59.906567],[10.531545,59.906567],[10.531545,59.909552],[10.525285,59.909552],[10.525285,59.906567]]]}},{"type":"Feature","properties":{"cell_id":"r096c029","latitude":59.90806,"longitude":10.534675},"geometry":{"type":"Polygon","coordinates":[[[10.531545,59.906567],[10.537805,59.906567],[10.537805,59.909552],[10.531545,59.909552],[10.531545,59.906567]]]}},{"type":"Feature","properties":{"cell_id":"r096c030","latitude":59.90806,"longitude":10.540935},"geometry":{"type":"Polygon","coordinates":[[[10.537805,59.906567],[10.544065,59.906567],[10.544065,59.909552],[10.537805,59.909552],[10.537805,59.906567]]]}},{"type":"Feature","properties":{"cell_id":"r096c031","latitude":59.90806,"longitude":10.547195},"geometry":{"type":"Polygon","coordinates":[[[10.544065,59.906567],[10.550325,59.906567],[10.550325,59.909552],[10.544065,59.909552],[10.544065,59.906567]]]}},{"type":"Feature","properties":{"cell_id":"r096c032","latitude":59.90806,"longitude":10.553455},"geometry":{"type":"Polygon","coordinates":[[[10.550325,59.906567],[10.556585,59.906567],[10.556585,59.909552],[10.550325,59.909552],[10.550325,59.906567]]]}},{"type":"Feature","properties":{"cell_id":"r096c033","latitude":59.90806,"longitude":10.559715},"geometry":{"type":"Polygon","coordinates":[[[10.556585,59.906567],[10.562846,59.906567],[10.562846,59.909552],[10.556585,59.909552],[10.556585,59.906567]]]}},{"type":"Feature","properties":{"cell_id":"r096c034","latitude":59.90806,"longitude":10.565976},"geometry":{"type":"Polygon","coordinates":[[[10.562846,59.906567],[10.569106,59.906567],[10.569106,59.909552],[10.562846,59.909552],[10.562846,59.906567]]]}},{"type":"Feature","properties":{"cell_id":"r096c035","latitude":59.90806,"longitude":10.572236},"geometry":{"type":"Polygon","coordinates":[[[10.569106,59.906567],[10.575366,59.906567],[10.575366,59.909552],[10.569106,59.909552],[10.569106,59.906567]]]}},{"type":"Feature","properties":{"cell_id":"r096c036","latitude":59.90806,"longitude":10.578496},"geometry":{"type":"Polygon","coordinates":[[[10.575366,59.906567],[10.581626,59.906567],[10.581626,59.909552],[10.575366,59.909552],[10.575366,59.906567]]]}},{"type":"Feature","properties":{"cell_id":"r096c037","latitude":59.90806,"longitude":10.584756},"geometry":{"type":"Polygon","coordinates":[[[10.581626,59.906567],[10.587886,59.906567],[10.587886,59.909552],[10.581626,59.909552],[10.581626,59.906567]]]}},{"type":"Feature","properties":{"cell_id":"r096c038","latitude":59.90806,"longitude":10.591016},"geometry":{"type":"Polygon","coordinates":[[[10.587886,59.906567],[10.594146,59.906567],[10.594146,59.909552],[10.587886,59.909552],[10.587886,59.906567]]]}},{"type":"Feature","properties":{"cell_id":"r096c039","latitude":59.90806,"longitude":10.597276},"geometry":{"type":"Polygon","coordinates":[[[10.594146,59.906567],[10.600407,59.906567],[10.600407,59.909552],[10.594146,59.909552],[10.594146,59.906567]]]}},{"type":"Feature","properties":{"cell_id":"r096c040","latitude":59.90806,"longitude":10.603537},"geometry":{"type":"Polygon","coordinates":[[[10.600407,59.906567],[10.606667,59.906567],[10.606667,59.909552],[10.600407,59.909552],[10.600407,59.906567]]]}},{"type":"Feature","properties":{"cell_id":"r096c041","latitude":59.90806,"longitude":10.609797},"geometry":{"type":"Polygon","coordinates":[[[10.606667,59.906567],[10.612927,59.906567],[10.612927,59.909552],[10.606667,59.909552],[10.606667,59.906567]]]}},{"type":"Feature","properties":{"cell_id":"r096c042","latitude":59.90806,"longitude":10.616057},"geometry":{"type":"Polygon","coordinates":[[[10.612927,59.906567],[10.619187,59.906567],[10.619187,59.909552],[10.612927,59.909552],[10.612927,59.906567]]]}},{"type":"Feature","properties":{"cell_id":"r096c043","latitude":59.90806,"longitude":10.622317},"geometry":{"type":"Polygon","coordinates":[[[10.619187,59.906567],[10.625447,59.906567],[10.625447,59.909552],[10.619187,59.909552],[10.619187,59.906567]]]}},{"type":"Feature","properties":{"cell_id":"r096c044","latitude":59.90806,"longitude":10.628577},"geometry":{"type":"Polygon","coordinates":[[[10.625447,59.906567],[10.631707,59.906567],[10.631707,59.909552],[10.625447,59.909552],[10.625447,59.906567]]]}},{"type":"Feature","properties":{"cell_id":"r096c045","latitude":59.90806,"longitude":10.634837},"geometry":{"type":"Polygon","coordinates":[[[10.631707,59.906567],[10.637967,59.906567],[10.637967,59.909552],[10.631707,59.909552],[10.631707,59.906567]]]}},{"type":"Feature","properties":{"cell_id":"r096c046","latitude":59.90806,"longitude":10.641098},"geometry":{"type":"Polygon","coordinates":[[[10.637967,59.906567],[10.644228,59.906567],[10.644228,59.909552],[10.637967,59.909552],[10.637967,59.906567]]]}},{"type":"Feature","properties":{"cell_id":"r096c053","latitude":59.90806,"longitude":10.684919},"geometry":{"type":"Polygon","coordinates":[[[10.681789,59.906567],[10.688049,59.906567],[10.688049,59.909552],[10.681789,59.909552],[10.681789,59.906567]]]}},{"type":"Feature","properties":{"cell_id":"r096c054","latitude":59.90806,"longitude":10.691179},"geometry":{"type":"Polygon","coordinates":[[[10.688049,59.906567],[10.694309,59.906567],[10.694309,59.909552],[10.688049,59.909552],[10.688049,59.906567]]]}},{"type":"Feature","properties":{"cell_id":"r096c057","latitude":59.90806,"longitude":10.709959},"geometry":{"type":"Polygon","coordinates":[[[10.706829,59.906567],[10.713089,59.906567],[10.713089,59.909552],[10.706829,59.909552],[10.706829,59.906567]]]}},{"type":"Feature","properties":{"cell_id":"r096c058","latitude":59.90806,"longitude":10.71622},"geometry":{"type":"Polygon","coordinates":[[[10.713089,59.906567],[10.71935,59.906567],[10.71935,59.909552],[10.713089,59.909552],[10.713089,59.906567]]]}},{"type":"Feature","properties":{"cell_id":"r096c059","latitude":59.90806,"longitude":10.72248},"geometry":{"type":"Polygon","coordinates":[[[10.71935,59.906567],[10.72561,59.906567],[10.72561,59.909552],[10.71935,59.909552],[10.71935,59.906567]]]}},{"type":"Feature","properties":{"cell_id":"r096c061","latitude":59.90806,"longitude":10.735},"geometry":{"type":"Polygon","coordinates":[[[10.73187,59.906567],[10.73813,59.906567],[10.73813,59.909552],[10.73187,59.909552],[10.73187,59.906567]]]}},{"type":"Feature","properties":{"cell_id":"r096c062","latitude":59.90806,"longitude":10.74126},"geometry":{"type":"Polygon","coordinates":[[[10.73813,59.906567],[10.74439,59.906567],[10.74439,59.909552],[10.73813,59.909552],[10.73813,59.906567]]]}},{"type":"Feature","properties":{"cell_id":"r096c063","latitude":59.90806,"longitude":10.74752},"geometry":{"type":"Polygon","coordinates":[[[10.74439,59.906567],[10.75065,59.906567],[10.75065,59.909552],[10.74439,59.909552],[10.74439,59.906567]]]}},{"type":"Feature","properties":{"cell_id":"r096c064","latitude":59.90806,"longitude":10.75378},"geometry":{"type":"Polygon","coordinates":[[[10.75065,59.906567],[10.756911,59.906567],[10.756911,59.909552],[10.75065,59.909552],[10.75065,59.906567]]]}},{"type":"Feature","properties":{"cell_id":"r096c065","latitude":59.90806,"longitude":10.760041},"geometry":{"type":"Polygon","coordinates":[[[10.756911,59.906567],[10.763171,59.906567],[10.763171,59.909552],[10.756911,59.909552],[10.756911,59.906567]]]}},{"type":"Feature","properties":{"cell_id":"r096c066","latitude":59.90806,"longitude":10.766301},"geometry":{"type":"Polygon","coordinates":[[[10.763171,59.906567],[10.769431,59.906567],[10.769431,59.909552],[10.763171,59.909552],[10.763171,59.906567]]]}},{"type":"Feature","properties":{"cell_id":"r096c067","latitude":59.90806,"longitude":10.772561},"geometry":{"type":"Polygon","coordinates":[[[10.769431,59.906567],[10.775691,59.906567],[10.775691,59.909552],[10.769431,59.909552],[10.769431,59.906567]]]}},{"type":"Feature","properties":{"cell_id":"r096c068","latitude":59.90806,"longitude":10.778821},"geometry":{"type":"Polygon","coordinates":[[[10.775691,59.906567],[10.781951,59.906567],[10.781951,59.909552],[10.775691,59.909552],[10.775691,59.906567]]]}},{"type":"Feature","properties":{"cell_id":"r096c069","latitude":59.90806,"longitude":10.785081},"geometry":{"type":"Polygon","coordinates":[[[10.781951,59.906567],[10.788211,59.906567],[10.788211,59.909552],[10.781951,59.909552],[10.781951,59.906567]]]}},{"type":"Feature","properties":{"cell_id":"r096c070","latitude":59.90806,"longitude":10.791341},"geometry":{"type":"Polygon","coordinates":[[[10.788211,59.906567],[10.794472,59.906567],[10.794472,59.909552],[10.788211,59.909552],[10.788211,59.906567]]]}},{"type":"Feature","properties":{"cell_id":"r096c071","latitude":59.90806,"longitude":10.797602},"geometry":{"type":"Polygon","coordinates":[[[10.794472,59.906567],[10.800732,59.906567],[10.800732,59.909552],[10.794472,59.909552],[10.794472,59.906567]]]}},{"type":"Feature","properties":{"cell_id":"r096c072","latitude":59.90806,"longitude":10.803862},"geometry":{"type":"Polygon","coordinates":[[[10.800732,59.906567],[10.806992,59.906567],[10.806992,59.909552],[10.800732,59.909552],[10.800732,59.906567]]]}},{"type":"Feature","properties":{"cell_id":"r096c073","latitude":59.90806,"longitude":10.810122},"geometry":{"type":"Polygon","coordinates":[[[10.806992,59.906567],[10.813252,59.906567],[10.813252,59.909552],[10.806992,59.909552],[10.806992,59.906567]]]}},{"type":"Feature","properties":{"cell_id":"r096c074","latitude":59.90806,"longitude":10.816382},"geometry":{"type":"Polygon","coordinates":[[[10.813252,59.906567],[10.819512,59.906567],[10.819512,59.909552],[10.813252,59.909552],[10.813252,59.906567]]]}},{"type":"Feature","properties":{"cell_id":"r096c075","latitude":59.90806,"longitude":10.822642},"geometry":{"type":"Polygon","coordinates":[[[10.819512,59.906567],[10.825772,59.906567],[10.825772,59.909552],[10.819512,59.909552],[10.819512,59.906567]]]}},{"type":"Feature","properties":{"cell_id":"r096c076","latitude":59.90806,"longitude":10.828902},"geometry":{"type":"Polygon","coordinates":[[[10.825772,59.906567],[10.832033,59.906567],[10.832033,59.909552],[10.825772,59.909552],[10.825772,59.906567]]]}},{"type":"Feature","properties":{"cell_id":"r096c077","latitude":59.90806,"longitude":10.835163},"geometry":{"type":"Polygon","coordinates":[[[10.832033,59.906567],[10.838293,59.906567],[10.838293,59.909552],[10.832033,59.909552],[10.832033,59.906567]]]}},{"type":"Feature","properties":{"cell_id":"r096c078","latitude":59.90806,"longitude":10.841423},"geometry":{"type":"Polygon","coordinates":[[[10.838293,59.906567],[10.844553,59.906567],[10.844553,59.909552],[10.838293,59.909552],[10.838293,59.906567]]]}},{"type":"Feature","properties":{"cell_id":"r096c079","latitude":59.90806,"longitude":10.847683},"geometry":{"type":"Polygon","coordinates":[[[10.844553,59.906567],[10.850813,59.906567],[10.850813,59.909552],[10.844553,59.909552],[10.844553,59.906567]]]}},{"type":"Feature","properties":{"cell_id":"r096c080","latitude":59.90806,"longitude":10.853943},"geometry":{"type":"Polygon","coordinates":[[[10.850813,59.906567],[10.857073,59.906567],[10.857073,59.909552],[10.850813,59.909552],[10.850813,59.906567]]]}},{"type":"Feature","properties":{"cell_id":"r097c017","latitude":59.911045,"longitude":10.459553},"geometry":{"type":"Polygon","coordinates":[[[10.456423,59.909552],[10.462683,59.909552],[10.462683,59.912537],[10.456423,59.912537],[10.456423,59.909552]]]}},{"type":"Feature","properties":{"cell_id":"r097c019","latitude":59.911045,"longitude":10.472073},"geometry":{"type":"Polygon","coordinates":[[[10.468943,59.909552],[10.475203,59.909552],[10.475203,59.912537],[10.468943,59.912537],[10.468943,59.909552]]]}},{"type":"Feature","properties":{"cell_id":"r097c022","latitude":59.911045,"longitude":10.490854},"geometry":{"type":"Polygon","coordinates":[[[10.487724,59.909552],[10.493984,59.909552],[10.493984,59.912537],[10.487724,59.912537],[10.487724,59.909552]]]}},{"type":"Feature","properties":{"cell_id":"r097c023","latitude":59.911045,"longitude":10.497114},"geometry":{"type":"Polygon","coordinates":[[[10.493984,59.909552],[10.500244,59.909552],[10.500244,59.912537],[10.493984,59.912537],[10.493984,59.909552]]]}},{"type":"Feature","properties":{"cell_id":"r097c024","latitude":59.911045,"longitude":10.503374},"geometry":{"type":"Polygon","coordinates":[[[10.500244,59.909552],[10.506504,59.909552],[10.506504,59.912537],[10.500244,59.912537],[10.500244,59.909552]]]}},{"type":"Feature","properties":{"cell_id":"r097c025","latitude":59.911045,"longitude":10.509634},"geometry":{"type":"Polygon","coordinates":[[[10.506504,59.909552],[10.512764,59.909552],[10.512764,59.912537],[10.506504,59.912537],[10.506504,59.909552]]]}},{"type":"Feature","properties":{"cell_id":"r097c026","latitude":59.911045,"longitude":10.515894},"geometry":{"type":"Polygon","coordinates":[[[10.512764,59.909552],[10.519024,59.909552],[10.519024,59.912537],[10.512764,59.912537],[10.512764,59.909552]]]}},{"type":"Feature","properties":{"cell_id":"r097c028","latitude":59.911045,"longitude":10.528415},"geometry":{"type":"Polygon","coordinates":[[[10.525285,59.909552],[10.531545,59.909552],[10.531545,59.912537],[10.525285,59.912537],[10.525285,59.909552]]]}},{"type":"Feature","properties":{"cell_id":"r097c030","latitude":59.911045,"longitude":10.540935},"geometry":{"type":"Polygon","coordinates":[[[10.537805,59.909552],[10.544065,59.909552],[10.544065,59.912537],[10.537805,59.912537],[10.537805,59.909552]]]}},{"type":"Feature","properties":{"cell_id":"r097c031","latitude":59.911045,"longitude":10.547195},"geometry":{"type":"Polygon","coordinates":[[[10.544065,59.909552],[10.550325,59.909552],[10.550325,59.912537],[10.544065,59.912537],[10.544065,59.909552]]]}},{"type":"Feature","properties":{"cell_id":"r097c032","latitude":59.911045,"longitude":10.553455},"geometry":{"type":"Polygon","coordinates":[[[10.550325,59.909552],[10.556585,59.909552],[10.556585,59.912537],[10.550325,59.912537],[10.550325,59.909552]]]}},{"type":"Feature","properties":{"cell_id":"r097c033","latitude":59.911045,"longitude":10.559715},"geometry":{"type":"Polygon","coordinates":[[[10.556585,59.909552],[10.562846,59.909552],[10.562846,59.912537],[10.556585,59.912537],[10.556585,59.909552]]]}},{"type":"Feature","properties":{"cell_id":"r097c034","latitude":59.911045,"longitude":10.565976},"geometry":{"type":"Polygon","coordinates":[[[10.562846,59.909552],[10.569106,59.909552],[10.569106,59.912537],[10.562846,59.912537],[10.562846,59.909552]]]}},{"type":"Feature","properties":{"cell_id":"r097c035","latitude":59.911045,"longitude":10.572236},"geometry":{"type":"Polygon","coordinates":[[[10.569106,59.909552],[10.575366,59.909552],[10.575366,59.912537],[10.569106,59.912537],[10.569106,59.909552]]]}},{"type":"Feature","properties":{"cell_id":"r097c036","latitude":59.911045,"longitude":10.578496},"geometry":{"type":"Polygon","coordinates":[[[10.575366,59.909552],[10.581626,59.909552],[10.581626,59.912537],[10.575366,59.912537],[10.575366,59.909552]]]}},{"type":"Feature","properties":{"cell_id":"r097c037","latitude":59.911045,"longitude":10.584756},"geometry":{"type":"Polygon","coordinates":[[[10.581626,59.909552],[10.587886,59.909552],[10.587886,59.912537],[10.581626,59.912537],[10.581626,59.909552]]]}},{"type":"Feature","properties":{"cell_id":"r097c038","latitude":59.911045,"longitude":10.591016},"geometry":{"type":"Polygon","coordinates":[[[10.587886,59.909552],[10.594146,59.909552],[10.594146,59.912537],[10.587886,59.912537],[10.587886,59.909552]]]}},{"type":"Feature","properties":{"cell_id":"r097c039","latitude":59.911045,"longitude":10.597276},"geometry":{"type":"Polygon","coordinates":[[[10.594146,59.909552],[10.600407,59.909552],[10.600407,59.912537],[10.594146,59.912537],[10.594146,59.909552]]]}},{"type":"Feature","properties":{"cell_id":"r097c040","latitude":59.911045,"longitude":10.603537},"geometry":{"type":"Polygon","coordinates":[[[10.600407,59.909552],[10.606667,59.909552],[10.606667,59.912537],[10.600407,59.912537],[10.600407,59.909552]]]}},{"type":"Feature","properties":{"cell_id":"r097c041","latitude":59.911045,"longitude":10.609797},"geometry":{"type":"Polygon","coordinates":[[[10.606667,59.909552],[10.612927,59.909552],[10.612927,59.912537],[10.606667,59.912537],[10.606667,59.909552]]]}},{"type":"Feature","properties":{"cell_id":"r097c042","latitude":59.911045,"longitude":10.616057},"geometry":{"type":"Polygon","coordinates":[[[10.612927,59.909552],[10.619187,59.909552],[10.619187,59.912537],[10.612927,59.912537],[10.612927,59.909552]]]}},{"type":"Feature","properties":{"cell_id":"r097c043","latitude":59.911045,"longitude":10.622317},"geometry":{"type":"Polygon","coordinates":[[[10.619187,59.909552],[10.625447,59.909552],[10.625447,59.912537],[10.619187,59.912537],[10.619187,59.909552]]]}},{"type":"Feature","properties":{"cell_id":"r097c044","latitude":59.911045,"longitude":10.628577},"geometry":{"type":"Polygon","coordinates":[[[10.625447,59.909552],[10.631707,59.909552],[10.631707,59.912537],[10.625447,59.912537],[10.625447,59.909552]]]}},{"type":"Feature","properties":{"cell_id":"r097c045","latitude":59.911045,"longitude":10.634837},"geometry":{"type":"Polygon","coordinates":[[[10.631707,59.909552],[10.637967,59.909552],[10.637967,59.912537],[10.631707,59.912537],[10.631707,59.909552]]]}},{"type":"Feature","properties":{"cell_id":"r097c046","latitude":59.911045,"longitude":10.641098},"geometry":{"type":"Polygon","coordinates":[[[10.637967,59.909552],[10.644228,59.909552],[10.644228,59.912537],[10.637967,59.912537],[10.637967,59.909552]]]}},{"type":"Feature","properties":{"cell_id":"r097c052","latitude":59.911045,"longitude":10.678659},"geometry":{"type":"Polygon","coordinates":[[[10.675528,59.909552],[10.681789,59.909552],[10.681789,59.912537],[10.675528,59.912537],[10.675528,59.909552]]]}},{"type":"Feature","properties":{"cell_id":"r097c056","latitude":59.911045,"longitude":10.703699},"geometry":{"type":"Polygon","coordinates":[[[10.700569,59.909552],[10.706829,59.909552],[10.706829,59.912537],[10.700569,59.912537],[10.700569,59.909552]]]}},{"type":"Feature","properties":{"cell_id":"r097c057","latitude":59.911045,"longitude":10.709959},"geometry":{"type":"Polygon","coordinates":[[[10.706829,59.909552],[10.713089,59.909552],[10.713089,59.912537],[10.706829,59.912537],[10.706829,59.909552]]]}},{"type":"Feature","properties":{"cell_id":"r097c058","latitude":59.911045,"longitude":10.71622},"geometry":{"type":"Polygon","coordinates":[[[10.713089,59.909552],[10.71935,59.909552],[10.71935,59.912537],[10.713089,59.912537],[10.713089,59.909552]]]}},{"type":"Feature","properties":{"cell_id":"r097c059","latitude":59.911045,"longitude":10.72248},"geometry":{"type":"Polygon","coordinates":[[[10.71935,59.909552],[10.72561,59.909552],[10.72561,59.912537],[10.71935,59.912537],[10.71935,59.909552]]]}},{"type":"Feature","properties":{"cell_id":"r097c060","latitude":59.911045,"longitude":10.72874},"geometry":{"type":"Polygon","coordinates":[[[10.72561,59.909552],[10.73187,59.909552],[10.73187,59.912537],[10.72561,59.912537],[10.72561,59.909552]]]}},{"type":"Feature","properties":{"cell_id":"r097c061","latitude":59.911045,"longitude":10.735},"geometry":{"type":"Polygon","coordinates":[[[10.73187,59.909552],[10.73813,59.909552],[10.73813,59.912537],[10.73187,59.912537],[10.73187,59.909552]]]}},{"type":"Feature","properties":{"cell_id":"r097c062","latitude":59.911045,"longitude":10.74126},"geometry":{"type":"Polygon","coordinates":[[[10.73813,59.909552],[10.74439,59.909552],[10.74439,59.912537],[10.73813,59.912537],[10.73813,59.909552]]]}},{"type":"Feature","properties":{"cell_id":"r097c063","latitude":59.911045,"longitude":10.74752},"geometry":{"type":"Polygon","coordinates":[[[10.74439,59.909552],[10.75065,59.909552],[10.75065,59.912537],[10.74439,59.912537],[10.74439,59.909552]]]}},{"type":"Feature","properties":{"cell_id":"r097c064","latitude":59.911045,"longitude":10.75378},"geometry":{"type":"Polygon","coordinates":[[[10.75065,59.909552],[10.756911,59.909552],[10.756911,59.912537],[10.75065,59.912537],[10.75065,59.909552]]]}},{"type":"Feature","properties":{"cell_id":"r097c065","latitude":59.911045,"longitude":10.760041},"geometry":{"type":"Polygon","coordinates":[[[10.756911,59.909552],[10.763171,59.909552],[10.763171,59.912537],[10.756911,59.912537],[10.756911,59.909552]]]}},{"type":"Feature","properties":{"cell_id":"r097c066","latitude":59.911045,"longitude":10.766301},"geometry":{"type":"Polygon","coordinates":[[[10.763171,59.909552],[10.769431,59.909552],[10.769431,59.912537],[10.763171,59.912537],[10.763171,59.909552]]]}},{"type":"Feature","properties":{"cell_id":"r097c067","latitude":59.911045,"longitude":10.772561},"geometry":{"type":"Polygon","coordinates":[[[10.769431,59.909552],[10.775691,59.909552],[10.775691,59.912537],[10.769431,59.912537],[10.769431,59.909552]]]}},{"type":"Feature","properties":{"cell_id":"r097c068","latitude":59.911045,"longitude":10.778821},"geometry":{"type":"Polygon","coordinates":[[[10.775691,59.909552],[10.781951,59.909552],[10.781951,59.912537],[10.775691,59.912537],[10.775691,59.909552]]]}},{"type":"Feature","properties":{"cell_id":"r097c069","latitude":59.911045,"longitude":10.785081},"geometry":{"type":"Polygon","coordinates":[[[10.781951,59.909552],[10.788211,59.909552],[10.788211,59.912537],[10.781951,59.912537],[10.781951,59.909552]]]}},{"type":"Feature","properties":{"cell_id":"r097c070","latitude":59.911045,"longitude":10.791341},"geometry":{"type":"Polygon","coordinates":[[[10.788211,59.909552],[10.794472,59.909552],[10.794472,59.912537],[10.788211,59.912537],[10.788211,59.909552]]]}},{"type":"Feature","properties":{"cell_id":"r097c071","latitude":59.911045,"longitude":10.797602},"geometry":{"type":"Polygon","coordinates":[[[10.794472,59.909552],[10.800732,59.909552],[10.800732,59.912537],[10.794472,59.912537],[10.794472,59.909552]]]}},{"type":"Feature","properties":{"cell_id":"r097c072","latitude":59.911045,"longitude":10.803862},"geometry":{"type":"Polygon","coordinates":[[[10.800732,59.909552],[10.806992,59.909552],[10.806992,59.912537],[10.800732,59.912537],[10.800732,59.909552]]]}},{"type":"Feature","properties":{"cell_id":"r097c073","latitude":59.911045,"longitude":10.810122},"geometry":{"type":"Polygon","coordinates":[[[10.806992,59.909552],[10.813252,59.909552],[10.813252,59.912537],[10.806992,59.912537],[10.806992,59.909552]]]}},{"type":"Feature","properties":{"cell_id":"r097c074","latitude":59.911045,"longitude":10.816382},"geometry":{"type":"Polygon","coordinates":[[[10.813252,59.909552],[10.819512,59.909552],[10.819512,59.912537],[10.813252,59.912537],[10.813252,59.909552]]]}},{"type":"Feature","properties":{"cell_id":"r097c075","latitude":59.911045,"longitude":10.822642},"geometry":{"type":"Polygon","coordinates":[[[10.819512,59.909552],[10.825772,59.909552],[10.825772,59.912537],[10.819512,59.912537],[10.819512,59.909552]]]}},{"type":"Feature","properties":{"cell_id":"r097c076","latitude":59.911045,"longitude":10.828902},"geometry":{"type":"Polygon","coordinates":[[[10.825772,59.909552],[10.832033,59.909552],[10.832033,59.912537],[10.825772,59.912537],[10.825772,59.909552]]]}},{"type":"Feature","properties":{"cell_id":"r097c077","latitude":59.911045,"longitude":10.835163},"geometry":{"type":"Polygon","coordinates":[[[10.832033,59.909552],[10.838293,59.909552],[10.838293,59.912537],[10.832033,59.912537],[10.832033,59.909552]]]}},{"type":"Feature","properties":{"cell_id":"r097c078","latitude":59.911045,"longitude":10.841423},"geometry":{"type":"Polygon","coordinates":[[[10.838293,59.909552],[10.844553,59.909552],[10.844553,59.912537],[10.838293,59.912537],[10.838293,59.909552]]]}},{"type":"Feature","properties":{"cell_id":"r097c079","latitude":59.911045,"longitude":10.847683},"geometry":{"type":"Polygon","coordinates":[[[10.844553,59.909552],[10.850813,59.909552],[10.850813,59.912537],[10.844553,59.912537],[10.844553,59.909552]]]}},{"type":"Feature","properties":{"cell_id":"r097c080","latitude":59.911045,"longitude":10.853943},"geometry":{"type":"Polygon","coordinates":[[[10.850813,59.909552],[10.857073,59.909552],[10.857073,59.912537],[10.850813,59.912537],[10.850813,59.909552]]]}},{"type":"Feature","properties":{"cell_id":"r097c081","latitude":59.911045,"longitude":10.860203},"geometry":{"type":"Polygon","coordinates":[[[10.857073,59.909552],[10.863333,59.909552],[10.863333,59.912537],[10.857073,59.912537],[10.857073,59.909552]]]}},{"type":"Feature","properties":{"cell_id":"r097c097","latitude":59.911045,"longitude":10.960366},"geometry":{"type":"Polygon","coordinates":[[[10.957236,59.909552],[10.963496,59.909552],[10.963496,59.912537],[10.957236,59.912537],[10.957236,59.909552]]]}},{"type":"Feature","properties":{"cell_id":"r097c098","latitude":59.911045,"longitude":10.966626},"geometry":{"type":"Polygon","coordinates":[[[10.963496,59.909552],[10.969756,59.909552],[10.969756,59.912537],[10.963496,59.912537],[10.963496,59.909552]]]}},{"type":"Feature","properties":{"cell_id":"r097c099","latitude":59.911045,"longitude":10.972886},"geometry":{"type":"Polygon","coordinates":[[[10.969756,59.909552],[10.976016,59.909552],[10.976016,59.912537],[10.969756,59.912537],[10.969756,59.909552]]]}},{"type":"Feature","properties":{"cell_id":"r098c018","latitude":59.91403,"longitude":10.465813},"geometry":{"type":"Polygon","coordinates":[[[10.462683,59.912537],[10.468943,59.912537],[10.468943,59.915522],[10.462683,59.915522],[10.462683,59.912537]]]}},{"type":"Feature","properties":{"cell_id":"r098c019","latitude":59.91403,"longitude":10.472073},"geometry":{"type":"Polygon","coordinates":[[[10.468943,59.912537],[10.475203,59.912537],[10.475203,59.915522],[10.468943,59.915522],[10.468943,59.912537]]]}},{"type":"Feature","properties":{"cell_id":"r098c024","latitude":59.91403,"longitude":10.503374},"geometry":{"type":"Polygon","coordinates":[[[10.500244,59.912537],[10.506504,59.912537],[10.506504,59.915522],[10.500244,59.915522],[10.500244,59.912537]]]}},{"type":"Feature","properties":{"cell_id":"r098c025","latitude":59.91403,"longitude":10.509634},"geometry":{"type":"Polygon","coordinates":[[[10.506504,59.912537],[10.512764,59.912537],[10.512764,59.915522],[10.506504,59.915522],[10.506504,59.912537]]]}},{"type":"Feature","properties":{"cell_id":"r098c026","latitude":59.91403,"longitude":10.515894},"geometry":{"type":"Polygon","coordinates":[[[10.512764,59.912537],[10.519024,59.912537],[10.519024,59.915522],[10.512764,59.915522],[10.512764,59.912537]]]}},{"type":"Feature","properties":{"cell_id":"r098c031","latitude":59.91403,"longitude":10.547195},"geometry":{"type":"Polygon","coordinates":[[[10.544065,59.912537],[10.550325,59.912537],[10.550325,59.915522],[10.544065,59.915522],[10.544065,59.912537]]]}},{"type":"Feature","properties":{"cell_id":"r098c032","latitude":59.91403,"longitude":10.553455},"geometry":{"type":"Polygon","coordinates":[[[10.550325,59.912537],[10.556585,59.912537],[10.556585,59.915522],[10.550325,59.915522],[10.550325,59.912537]]]}},{"type":"Feature","properties":{"cell_id":"r098c033","latitude":59.91403,"longitude":10.559715},"geometry":{"type":"Polygon","coordinates":[[[10.556585,59.912537],[10.562846,59.912537],[10.562846,59.915522],[10.556585,59.915522],[10.556585,59.912537]]]}},{"type":"Feature","properties":{"cell_id":"r098c034","latitude":59.91403,"longitude":10.565976},"geometry":{"type":"Polygon","coordinates":[[[10.562846,59.912537],[10.569106,59.912537],[10.569106,59.915522],[10.562846,59.915522],[10.562846,59.912537]]]}},{"type":"Feature","properties":{"cell_id":"r098c035","latitude":59.91403,"longitude":10.572236},"geometry":{"type":"Polygon","coordinates":[[[10.569106,59.912537],[10.575366,59.912537],[10.575366,59.915522],[10.569106,59.915522],[10.569106,59.912537]]]}},{"type":"Feature","properties":{"cell_id":"r098c036","latitude":59.91403,"longitude":10.578496},"geometry":{"type":"Polygon","coordinates":[[[10.575366,59.912537],[10.581626,59.912537],[10.581626,59.915522],[10.575366,59.915522],[10.575366,59.912537]]]}},{"type":"Feature","properties":{"cell_id":"r098c037","latitude":59.91403,"longitude":10.584756},"geometry":{"type":"Polygon","coordinates":[[[10.581626,59.912537],[10.587886,59.912537],[10.587886,59.915522],[10.581626,59.915522],[10.581626,59.912537]]]}},{"type":"Feature","properties":{"cell_id":"r098c038","latitude":59.91403,"longitude":10.591016},"geometry":{"type":"Polygon","coordinates":[[[10.587886,59.912537],[10.594146,59.912537],[10.594146,59.915522],[10.587886,59.915522],[10.587886,59.912537]]]}},{"type":"Feature","properties":{"cell_id":"r098c039","latitude":59.91403,"longitude":10.597276},"geometry":{"type":"Polygon","coordinates":[[[10.594146,59.912537],[10.600407,59.912537],[10.600407,59.915522],[10.594146,59.915522],[10.594146,59.912537]]]}},{"type":"Feature","properties":{"cell_id":"r098c040","latitude":59.91403,"longitude":10.603537},"geometry":{"type":"Polygon","coordinates":[[[10.600407,59.912537],[10.606667,59.912537],[10.606667,59.915522],[10.600407,59.915522],[10.600407,59.912537]]]}},{"type":"Feature","properties":{"cell_id":"r098c041","latitude":59.91403,"longitude":10.609797},"geometry":{"type":"Polygon","coordinates":[[[10.606667,59.912537],[10.612927,59.912537],[10.612927,59.915522],[10.606667,59.915522],[10.606667,59.912537]]]}},{"type":"Feature","properties":{"cell_id":"r098c042","latitude":59.91403,"longitude":10.616057},"geometry":{"type":"Polygon","coordinates":[[[10.612927,59.912537],[10.619187,59.912537],[10.619187,59.915522],[10.612927,59.915522],[10.612927,59.912537]]]}},{"type":"Feature","properties":{"cell_id":"r098c043","latitude":59.91403,"longitude":10.622317},"geometry":{"type":"Polygon","coordinates":[[[10.619187,59.912537],[10.625447,59.912537],[10.625447,59.915522],[10.619187,59.915522],[10.619187,59.912537]]]}},{"type":"Feature","properties":{"cell_id":"r098c044","latitude":59.91403,"longitude":10.628577},"geometry":{"type":"Polygon","coordinates":[[[10.625447,59.912537],[10.631707,59.912537],[10.631707,59.915522],[10.625447,59.915522],[10.625447,59.912537]]]}},{"type":"Feature","properties":{"cell_id":"r098c045","latitude":59.91403,"longitude":10.634837},"geometry":{"type":"Polygon","coordinates":[[[10.631707,59.912537],[10.637967,59.912537],[10.637967,59.915522],[10.631707,59.915522],[10.631707,59.912537]]]}},{"type":"Feature","properties":{"cell_id":"r098c046","latitude":59.91403,"longitude":10.641098},"geometry":{"type":"Polygon","coordinates":[[[10.637967,59.912537],[10.644228,59.912537],[10.644228,59.915522],[10.637967,59.915522],[10.637967,59.912537]]]}},{"type":"Feature","properties":{"cell_id":"r098c047","latitude":59.91403,"longitude":10.647358},"geometry":{"type":"Polygon","coordinates":[[[10.644228,59.912537],[10.650488,59.912537],[10.650488,59.915522],[10.644228,59.915522],[10.644228,59.912537]]]}},{"type":"Feature","properties":{"cell_id":"r098c056","latitude":59.91403,"longitude":10.703699},"geometry":{"type":"Polygon","coordinates":[[[10.700569,59.912537],[10.706829,59.912537],[10.706829,59.915522],[10.700569,59.915522],[10.700569,59.912537]]]}},{"type":"Feature","properties":{"cell_id":"r098c057","latitude":59.91403,"longitude":10.709959},"geometry":{"type":"Polygon","coordinates":[[[10.706829,59.912537],[10.713089,59.912537],[10.713089,59.915522],[10.706829,59.915522],[10.706829,59.912537]]]}},{"type":"Feature","properties":{"cell_id":"r098c058","latitude":59.91403,"longitude":10.71622},"geometry":{"type":"Polygon","coordinates":[[[10.713089,59.912537],[10.71935,59.912537],[10.71935,59.915522],[10.713089,59.915522],[10.713089,59.912537]]]}},{"type":"Feature","properties":{"cell_id":"r098c059","latitude":59.91403,"longitude":10.72248},"geometry":{"type":"Polygon","coordinates":[[[10.71935,59.912537],[10.72561,59.912537],[10.72561,59.915522],[10.71935,59.915522],[10.71935,59.912537]]]}},{"type":"Feature","properties":{"cell_id":"r098c060","latitude":59.91403,"longitude":10.72874},"geometry":{"type":"Polygon","coordinates":[[[10.72561,59.912537],[10.73187,59.912537],[10.73187,59.915522],[10.72561,59.915522],[10.72561,59.912537]]]}},{"type":"Feature","properties":{"cell_id":"r098c061","latitude":59.91403,"longitude":10.735},"geometry":{"type":"Polygon","coordinates":[[[10.73187,59.912537],[10.73813,59.912537],[10.73813,59.915522],[10.73187,59.915522],[10.73187,59.912537]]]}},{"type":"Feature","properties":{"cell_id":"r098c062","latitude":59.91403,"longitude":10.74126},"geometry":{"type":"Polygon","coordinates":[[[10.73813,59.912537],[10.74439,59.912537],[10.74439,59.915522],[10.73813,59.915522],[10.73813,59.912537]]]}},{"type":"Feature","properties":{"cell_id":"r098c063","latitude":59.91403,"longitude":10.74752},"geometry":{"type":"Polygon","coordinates":[[[10.74439,59.912537],[10.75065,59.912537],[10.75065,59.915522],[10.74439,59.915522],[10.74439,59.912537]]]}},{"type":"Feature","properties":{"cell_id":"r098c064","latitude":59.91403,"longitude":10.75378},"geometry":{"type":"Polygon","coordinates":[[[10.75065,59.912537],[10.756911,59.912537],[10.756911,59.915522],[10.75065,59.915522],[10.75065,59.912537]]]}},{"type":"Feature","properties":{"cell_id":"r098c065","latitude":59.91403,"longitude":10.760041},"geometry":{"type":"Polygon","coordinates":[[[10.756911,59.912537],[10.763171,59.912537],[10.763171,59.915522],[10.756911,59.915522],[10.756911,59.912537]]]}},{"type":"Feature","properties":{"cell_id":"r098c066","latitude":59.91403,"longitude":10.766301},"geometry":{"type":"Polygon","coordinates":[[[10.763171,59.912537],[10.769431,59.912537],[10.769431,59.915522],[10.763171,59.915522],[10.763171,59.912537]]]}},{"type":"Feature","properties":{"cell_id":"r098c067","latitude":59.91403,"longitude":10.772561},"geometry":{"type":"Polygon","coordinates":[[[10.769431,59.912537],[10.775691,59.912537],[10.775691,59.915522],[10.769431,59.915522],[10.769431,59.912537]]]}},{"type":"Feature","properties":{"cell_id":"r098c068","latitude":59.91403,"longitude":10.778821},"geometry":{"type":"Polygon","coordinates":[[[10.775691,59.912537],[10.781951,59.912537],[10.781951,59.915522],[10.775691,59.915522],[10.775691,59.912537]]]}},{"type":"Feature","properties":{"cell_id":"r098c069","latitude":59.91403,"longitude":10.785081},"geometry":{"type":"Polygon","coordinates":[[[10.781951,59.912537],[10.788211,59.912537],[10.788211,59.915522],[10.781951,59.915522],[10.781951,59.912537]]]}},{"type":"Feature","properties":{"cell_id":"r098c070","latitude":59.91403,"longitude":10.791341},"geometry":{"type":"Polygon","coordinates":[[[10.788211,59.912537],[10.794472,59.912537],[10.794472,59.915522],[10.788211,59.915522],[10.788211,59.912537]]]}},{"type":"Feature","properties":{"cell_id":"r098c071","latitude":59.91403,"longitude":10.797602},"geometry":{"type":"Polygon","coordinates":[[[10.794472,59.912537],[10.800732,59.912537],[10.800732,59.915522],[10.794472,59.915522],[10.794472,59.912537]]]}},{"type":"Feature","properties":{"cell_id":"r098c072","latitude":59.91403,"longitude":10.803862},"geometry":{"type":"Polygon","coordinates":[[[10.800732,59.912537],[10.806992,59.912537],[10.806992,59.915522],[10.800732,59.915522],[10.800732,59.912537]]]}},{"type":"Feature","properties":{"cell_id":"r098c073","latitude":59.91403,"longitude":10.810122},"geometry":{"type":"Polygon","coordinates":[[[10.806992,59.912537],[10.813252,59.912537],[10.813252,59.915522],[10.806992,59.915522],[10.806992,59.912537]]]}},{"type":"Feature","properties":{"cell_id":"r098c074","latitude":59.91403,"longitude":10.816382},"geometry":{"type":"Polygon","coordinates":[[[10.813252,59.912537],[10.819512,59.912537],[10.819512,59.915522],[10.813252,59.915522],[10.813252,59.912537]]]}},{"type":"Feature","properties":{"cell_id":"r098c075","latitude":59.91403,"longitude":10.822642},"geometry":{"type":"Polygon","coordinates":[[[10.819512,59.912537],[10.825772,59.912537],[10.825772,59.915522],[10.819512,59.915522],[10.819512,59.912537]]]}},{"type":"Feature","properties":{"cell_id":"r098c076","latitude":59.91403,"longitude":10.828902},"geometry":{"type":"Polygon","coordinates":[[[10.825772,59.912537],[10.832033,59.912537],[10.832033,59.915522],[10.825772,59.915522],[10.825772,59.912537]]]}},{"type":"Feature","properties":{"cell_id":"r098c077","latitude":59.91403,"longitude":10.835163},"geometry":{"type":"Polygon","coordinates":[[[10.832033,59.912537],[10.838293,59.912537],[10.838293,59.915522],[10.832033,59.915522],[10.832033,59.912537]]]}},{"type":"Feature","properties":{"cell_id":"r098c078","latitude":59.91403,"longitude":10.841423},"geometry":{"type":"Polygon","coordinates":[[[10.838293,59.912537],[10.844553,59.912537],[10.844553,59.915522],[10.838293,59.915522],[10.838293,59.912537]]]}},{"type":"Feature","properties":{"cell_id":"r098c079","latitude":59.91403,"longitude":10.847683},"geometry":{"type":"Polygon","coordinates":[[[10.844553,59.912537],[10.850813,59.912537],[10.850813,59.915522],[10.844553,59.915522],[10.844553,59.912537]]]}},{"type":"Feature","properties":{"cell_id":"r098c080","latitude":59.91403,"longitude":10.853943},"geometry":{"type":"Polygon","coordinates":[[[10.850813,59.912537],[10.857073,59.912537],[10.857073,59.915522],[10.850813,59.915522],[10.850813,59.912537]]]}},{"type":"Feature","properties":{"cell_id":"r098c081","latitude":59.91403,"longitude":10.860203},"geometry":{"type":"Polygon","coordinates":[[[10.857073,59.912537],[10.863333,59.912537],[10.863333,59.915522],[10.857073,59.915522],[10.857073,59.912537]]]}},{"type":"Feature","properties":{"cell_id":"r098c092","latitude":59.91403,"longitude":10.929065},"geometry":{"type":"Polygon","coordinates":[[[10.925935,59.912537],[10.932195,59.912537],[10.932195,59.915522],[10.925935,59.915522],[10.925935,59.912537]]]}},{"type":"Feature","properties":{"cell_id":"r098c093","latitude":59.91403,"longitude":10.935325},"geometry":{"type":"Polygon","coordinates":[[[10.932195,59.912537],[10.938455,59.912537],[10.938455,59.915522],[10.932195,59.915522],[10.932195,59.912537]]]}},{"type":"Feature","properties":{"cell_id":"r098c094","latitude":59.91403,"longitude":10.941585},"geometry":{"type":"Polygon","coordinates":[[[10.938455,59.912537],[10.944715,59.912537],[10.944715,59.915522],[10.938455,59.915522],[10.938455,59.912537]]]}},{"type":"Feature","properties":{"cell_id":"r098c095","latitude":59.91403,"longitude":10.947846},"geometry":{"type":"Polygon","coordinates":[[[10.944715,59.912537],[10.950976,59.912537],[10.950976,59.915522],[10.944715,59.915522],[10.944715,59.912537]]]}},{"type":"Feature","properties":{"cell_id":"r098c097","latitude":59.91403,"longitude":10.960366},"geometry":{"type":"Polygon","coordinates":[[[10.957236,59.912537],[10.963496,59.912537],[10.963496,59.915522],[10.957236,59.915522],[10.957236,59.912537]]]}},{"type":"Feature","properties":{"cell_id":"r098c098","latitude":59.91403,"longitude":10.966626},"geometry":{"type":"Polygon","coordinates":[[[10.963496,59.912537],[10.969756,59.912537],[10.969756,59.915522],[10.963496,59.915522],[10.963496,59.912537]]]}},{"type":"Feature","properties":{"cell_id":"r099c017","latitude":59.917015,"longitude":10.459553},"geometry":{"type":"Polygon","coordinates":[[[10.456423,59.915522],[10.462683,59.915522],[10.462683,59.918507],[10.456423,59.918507],[10.456423,59.915522]]]}},{"type":"Feature","properties":{"cell_id":"r099c018","latitude":59.917015,"longitude":10.465813},"geometry":{"type":"Polygon","coordinates":[[[10.462683,59.915522],[10.468943,59.915522],[10.468943,59.918507],[10.462683,59.918507],[10.462683,59.915522]]]}},{"type":"Feature","properties":{"cell_id":"r099c019","latitude":59.917015,"longitude":10.472073},"geometry":{"type":"Polygon","coordinates":[[[10.468943,59.915522],[10.475203,59.915522],[10.475203,59.918507],[10.468943,59.918507],[10.468943,59.915522]]]}},{"type":"Feature","properties":{"cell_id":"r099c024","latitude":59.917015,"longitude":10.503374},"geometry":{"type":"Polygon","coordinates":[[[10.500244,59.915522],[10.506504,59.915522],[10.506504,59.918507],[10.500244,59.918507],[10.500244,59.915522]]]}},{"type":"Feature","properties":{"cell_id":"r099c025","latitude":59.917015,"longitude":10.509634},"geometry":{"type":"Polygon","coordinates":[[[10.506504,59.915522],[10.512764,59.915522],[10.512764,59.918507],[10.506504,59.918507],[10.506504,59.915522]]]}},{"type":"Feature","properties":{"cell_id":"r099c031","latitude":59.917015,"longitude":10.547195},"geometry":{"type":"Polygon","coordinates":[[[10.544065,59.915522],[10.550325,59.915522],[10.550325,59.918507],[10.544065,59.918507],[10.544065,59.915522]]]}},{"type":"Feature","properties":{"cell_id":"r099c032","latitude":59.917015,"longitude":10.553455},"geometry":{"type":"Polygon","coordinates":[[[10.550325,59.915522],[10.556585,59.915522],[10.556585,59.918507],[10.550325,59.918507],[10.550325,59.915522]]]}},{"type":"Feature","properties":{"cell_id":"r099c033","latitude":59.917015,"longitude":10.559715},"geometry":{"type":"Polygon","coordinates":[[[10.556585,59.915522],[10.562846,59.915522],[10.562846,59.918507],[10.556585,59.918507],[10.556585,59.915522]]]}},{"type":"Feature","properties":{"cell_id":"r099c034","latitude":59.917015,"longitude":10.565976},"geometry":{"type":"Polygon","coordinates":[[[10.562846,59.915522],[10.569106,59.915522],[10.569106,59.918507],[10.562846,59.918507],[10.562846,59.915522]]]}},{"type":"Feature","properties":{"cell_id":"r099c035","latitude":59.917015,"longitude":10.572236},"geometry":{"type":"Polygon","coordinates":[[[10.569106,59.915522],[10.575366,59.915522],[10.575366,59.918507],[10.569106,59.918507],[10.569106,59.915522]]]}},{"type":"Feature","properties":{"cell_id":"r099c036","latitude":59.917015,"longitude":10.578496},"geometry":{"type":"Polygon","coordinates":[[[10.575366,59.915522],[10.581626,59.915522],[10.581626,59.918507],[10.575366,59.918507],[10.575366,59.915522]]]}},{"type":"Feature","properties":{"cell_id":"r099c037","latitude":59.917015,"longitude":10.584756},"geometry":{"type":"Polygon","coordinates":[[[10.581626,59.915522],[10.587886,59.915522],[10.587886,59.918507],[10.581626,59.918507],[10.581626,59.915522]]]}},{"type":"Feature","properties":{"cell_id":"r099c038","latitude":59.917015,"longitude":10.591016},"geometry":{"type":"Polygon","coordinates":[[[10.587886,59.915522],[10.594146,59.915522],[10.594146,59.918507],[10.587886,59.918507],[10.587886,59.915522]]]}},{"type":"Feature","properties":{"cell_id":"r099c039","latitude":59.917015,"longitude":10.597276},"geometry":{"type":"Polygon","coordinates":[[[10.594146,59.915522],[10.600407,59.915522],[10.600407,59.918507],[10.594146,59.918507],[10.594146,59.915522]]]}},{"type":"Feature","properties":{"cell_id":"r099c040","latitude":59.917015,"longitude":10.603537},"geometry":{"type":"Polygon","coordinates":[[[10.600407,59.915522],[10.606667,59.915522],[10.606667,59.918507],[10.600407,59.918507],[10.600407,59.915522]]]}},{"type":"Feature","properties":{"cell_id":"r099c041","latitude":59.917015,"longitude":10.609797},"geometry":{"type":"Polygon","coordinates":[[[10.606667,59.915522],[10.612927,59.915522],[10.612927,59.918507],[10.606667,59.918507],[10.606667,59.915522]]]}},{"type":"Feature","properties":{"cell_id":"r099c042","latitude":59.917015,"longitude":10.616057},"geometry":{"type":"Polygon","coordinates":[[[10.612927,59.915522],[10.619187,59.915522],[10.619187,59.918507],[10.612927,59.918507],[10.612927,59.915522]]]}},{"type":"Feature","properties":{"cell_id":"r099c043","latitude":59.917015,"longitude":10.622317},"geometry":{"type":"Polygon","coordinates":[[[10.619187,59.915522],[10.625447,59.915522],[10.625447,59.918507],[10.619187,59.918507],[10.619187,59.915522]]]}},{"type":"Feature","properties":{"cell_id":"r099c044","latitude":59.917015,"longitude":10.628577},"geometry":{"type":"Polygon","coordinates":[[[10.625447,59.915522],[10.631707,59.915522],[10.631707,59.918507],[10.625447,59.918507],[10.625447,59.915522]]]}},{"type":"Feature","properties":{"cell_id":"r099c045","latitude":59.917015,"longitude":10.634837},"geometry":{"type":"Polygon","coordinates":[[[10.631707,59.915522],[10.637967,59.915522],[10.637967,59.918507],[10.631707,59.918507],[10.631707,59.915522]]]}},{"type":"Feature","properties":{"cell_id":"r099c046","latitude":59.917015,"longitude":10.641098},"geometry":{"type":"Polygon","coordinates":[[[10.637967,59.915522],[10.644228,59.915522],[10.644228,59.918507],[10.637967,59.918507],[10.637967,59.915522]]]}},{"type":"Feature","properties":{"cell_id":"r099c047","latitude":59.917015,"longitude":10.647358},"geometry":{"type":"Polygon","coordinates":[[[10.644228,59.915522],[10.650488,59.915522],[10.650488,59.918507],[10.644228,59.918507],[10.644228,59.915522]]]}},{"type":"Feature","properties":{"cell_id":"r099c048","latitude":59.917015,"longitude":10.653618},"geometry":{"type":"Polygon","coordinates":[[[10.650488,59.915522],[10.656748,59.915522],[10.656748,59.918507],[10.650488,59.918507],[10.650488,59.915522]]]}},{"type":"Feature","properties":{"cell_id":"r099c049","latitude":59.917015,"longitude":10.659878},"geometry":{"type":"Polygon","coordinates":[[[10.656748,59.915522],[10.663008,59.915522],[10.663008,59.918507],[10.656748,59.918507],[10.656748,59.915522]]]}},{"type":"Feature","properties":{"cell_id":"r099c054","latitude":59.917015,"longitude":10.691179},"geometry":{"type":"Polygon","coordinates":[[[10.688049,59.915522],[10.694309,59.915522],[10.694309,59.918507],[10.688049,59.918507],[10.688049,59.915522]]]}},{"type":"Feature","properties":{"cell_id":"r099c055","latitude":59.917015,"longitude":10.697439},"geometry":{"type":"Polygon","coordinates":[[[10.694309,59.915522],[10.700569,59.915522],[10.700569,59.918507],[10.694309,59.918507],[10.694309,59.915522]]]}},{"type":"Feature","properties":{"cell_id":"r099c056","latitude":59.917015,"longitude":10.703699},"geometry":{"type":"Polygon","coordinates":[[[10.700569,59.915522],[10.706829,59.915522],[10.706829,59.918507],[10.700569,59.918507],[10.700569,59.915522]]]}},{"type":"Feature","properties":{"cell_id":"r099c057","latitude":59.917015,"longitude":10.709959},"geometry":{"type":"Polygon","coordinates":[[[10.706829,59.915522],[10.713089,59.915522],[10.713089,59.918507],[10.706829,59.918507],[10.706829,59.915522]]]}},{"type":"Feature","properties":{"cell_id":"r099c058","latitude":59.917015,"longitude":10.71622},"geometry":{"type":"Polygon","coordinates":[[[10.713089,59.915522],[10.71935,59.915522],[10.71935,59.918507],[10.713089,59.918507],[10.713089,59.915522]]]}},{"type":"Feature","properties":{"cell_id":"r099c059","latitude":59.917015,"longitude":10.72248},"geometry":{"type":"Polygon","coordinates":[[[10.71935,59.915522],[10.72561,59.915522],[10.72561,59.918507],[10.71935,59.918507],[10.71935,59.915522]]]}},{"type":"Feature","properties":{"cell_id":"r099c060","latitude":59.917015,"longitude":10.72874},"geometry":{"type":"Polygon","coordinates":[[[10.72561,59.915522],[10.73187,59.915522],[10.73187,59.918507],[10.72561,59.918507],[10.72561,59.915522]]]}},{"type":"Feature","properties":{"cell_id":"r099c061","latitude":59.917015,"longitude":10.735},"geometry":{"type":"Polygon","coordinates":[[[10.73187,59.915522],[10.73813,59.915522],[10.73813,59.918507],[10.73187,59.918507],[10.73187,59.915522]]]}},{"type":"Feature","properties":{"cell_id":"r099c062","latitude":59.917015,"longitude":10.74126},"geometry":{"type":"Polygon","coordinates":[[[10.73813,59.915522],[10.74439,59.915522],[10.74439,59.918507],[10.73813,59.918507],[10.73813,59.915522]]]}},{"type":"Feature","properties":{"cell_id":"r099c063","latitude":59.917015,"longitude":10.74752},"geometry":{"type":"Polygon","coordinates":[[[10.74439,59.915522],[10.75065,59.915522],[10.75065,59.918507],[10.74439,59.918507],[10.74439,59.915522]]]}},{"type":"Feature","properties":{"cell_id":"r099c064","latitude":59.917015,"longitude":10.75378},"geometry":{"type":"Polygon","coordinates":[[[10.75065,59.915522],[10.756911,59.915522],[10.756911,59.918507],[10.75065,59.918507],[10.75065,59.915522]]]}},{"type":"Feature","properties":{"cell_id":"r099c065","latitude":59.917015,"longitude":10.760041},"geometry":{"type":"Polygon","coordinates":[[[10.756911,59.915522],[10.763171,59.915522],[10.763171,59.918507],[10.756911,59.918507],[10.756911,59.915522]]]}},{"type":"Feature","properties":{"cell_id":"r099c066","latitude":59.917015,"longitude":10.766301},"geometry":{"type":"Polygon","coordinates":[[[10.763171,59.915522],[10.769431,59.915522],[10.769431,59.918507],[10.763171,59.918507],[10.763171,59.915522]]]}},{"type":"Feature","properties":{"cell_id":"r099c067","latitude":59.917015,"longitude":10.772561},"geometry":{"type":"Polygon","coordinates":[[[10.769431,59.915522],[10.775691,59.915522],[10.775691,59.918507],[10.769431,59.918507],[10.769431,59.915522]]]}},{"type":"Feature","properties":{"cell_id":"r099c068","latitude":59.917015,"longitude":10.778821},"geometry":{"type":"Polygon","coordinates":[[[10.775691,59.915522],[10.781951,59.915522],[10.781951,59.918507],[10.775691,59.918507],[10.775691,59.915522]]]}},{"type":"Feature","properties":{"cell_id":"r099c069","latitude":59.917015,"longitude":10.785081},"geometry":{"type":"Polygon","coordinates":[[[10.781951,59.915522],[10.788211,59.915522],[10.788211,59.918507],[10.781951,59.918507],[10.781951,59.915522]]]}},{"type":"Feature","properties":{"cell_id":"r099c070","latitude":59.917015,"longitude":10.791341},"geometry":{"type":"Polygon","coordinates":[[[10.788211,59.915522],[10.794472,59.915522],[10.794472,59.918507],[10.788211,59.918507],[10.788211,59.915522]]]}},{"type":"Feature","properties":{"cell_id":"r099c071","latitude":59.917015,"longitude":10.797602},"geometry":{"type":"Polygon","coordinates":[[[10.794472,59.915522],[10.800732,59.915522],[10.800732,59.918507],[10.794472,59.918507],[10.794472,59.915522]]]}},{"type":"Feature","properties":{"cell_id":"r099c072","latitude":59.917015,"longitude":10.803862},"geometry":{"type":"Polygon","coordinates":[[[10.800732,59.915522],[10.806992,59.915522],[10.806992,59.918507],[10.800732,59.918507],[10.800732,59.915522]]]}},{"type":"Feature","properties":{"cell_id":"r099c073","latitude":59.917015,"longitude":10.810122},"geometry":{"type":"Polygon","coordinates":[[[10.806992,59.915522],[10.813252,59.915522],[10.813252,59.918507],[10.806992,59.918507],[10.806992,59.915522]]]}},{"type":"Feature","properties":{"cell_id":"r099c074","latitude":59.917015,"longitude":10.816382},"geometry":{"type":"Polygon","coordinates":[[[10.813252,59.915522],[10.819512,59.915522],[10.819512,59.918507],[10.813252,59.918507],[10.813252,59.915522]]]}},{"type":"Feature","properties":{"cell_id":"r099c075","latitude":59.917015,"longitude":10.822642},"geometry":{"type":"Polygon","coordinates":[[[10.819512,59.915522],[10.825772,59.915522],[10.825772,59.918507],[10.819512,59.918507],[10.819512,59.915522]]]}},{"type":"Feature","properties":{"cell_id":"r099c076","latitude":59.917015,"longitude":10.828902},"geometry":{"type":"Polygon","coordinates":[[[10.825772,59.915522],[10.832033,59.915522],[10.832033,59.918507],[10.825772,59.918507],[10.825772,59.915522]]]}},{"type":"Feature","properties":{"cell_id":"r099c077","latitude":59.917015,"longitude":10.835163},"geometry":{"type":"Polygon","coordinates":[[[10.832033,59.915522],[10.838293,59.915522],[10.838293,59.918507],[10.832033,59.918507],[10.832033,59.915522]]]}},{"type":"Feature","properties":{"cell_id":"r099c078","latitude":59.917015,"longitude":10.841423},"geometry":{"type":"Polygon","coordinates":[[[10.838293,59.915522],[10.844553,59.915522],[10.844553,59.918507],[10.838293,59.918507],[10.838293,59.915522]]]}},{"type":"Feature","properties":{"cell_id":"r099c079","latitude":59.917015,"longitude":10.847683},"geometry":{"type":"Polygon","coordinates":[[[10.844553,59.915522],[10.850813,59.915522],[10.850813,59.918507],[10.844553,59.918507],[10.844553,59.915522]]]}},{"type":"Feature","properties":{"cell_id":"r099c080","latitude":59.917015,"longitude":10.853943},"geometry":{"type":"Polygon","coordinates":[[[10.850813,59.915522],[10.857073,59.915522],[10.857073,59.918507],[10.850813,59.918507],[10.850813,59.915522]]]}},{"type":"Feature","properties":{"cell_id":"r099c081","latitude":59.917015,"longitude":10.860203},"geometry":{"type":"Polygon","coordinates":[[[10.857073,59.915522],[10.863333,59.915522],[10.863333,59.918507],[10.857073,59.918507],[10.857073,59.915522]]]}},{"type":"Feature","properties":{"cell_id":"r099c092","latitude":59.917015,"longitude":10.929065},"geometry":{"type":"Polygon","coordinates":[[[10.925935,59.915522],[10.932195,59.915522],[10.932195,59.918507],[10.925935,59.918507],[10.925935,59.915522]]]}},{"type":"Feature","properties":{"cell_id":"r099c093","latitude":59.917015,"longitude":10.935325},"geometry":{"type":"Polygon","coordinates":[[[10.932195,59.915522],[10.938455,59.915522],[10.938455,59.918507],[10.932195,59.918507],[10.932195,59.915522]]]}},{"type":"Feature","properties":{"cell_id":"r099c094","latitude":59.917015,"longitude":10.941585},"geometry":{"type":"Polygon","coordinates":[[[10.938455,59.915522],[10.944715,59.915522],[10.944715,59.918507],[10.938455,59.918507],[10.938455,59.915522]]]}},{"type":"Feature","properties":{"cell_id":"r099c095","latitude":59.917015,"longitude":10.947846},"geometry":{"type":"Polygon","coordinates":[[[10.944715,59.915522],[10.950976,59.915522],[10.950976,59.918507],[10.944715,59.918507],[10.944715,59.915522]]]}},{"type":"Feature","properties":{"cell_id":"r099c096","latitude":59.917015,"longitude":10.954106},"geometry":{"type":"Polygon","coordinates":[[[10.950976,59.915522],[10.957236,59.915522],[10.957236,59.918507],[10.950976,59.918507],[10.950976,59.915522]]]}},{"type":"Feature","properties":{"cell_id":"r099c097","latitude":59.917015,"longitude":10.960366},"geometry":{"type":"Polygon","coordinates":[[[10.957236,59.915522],[10.963496,59.915522],[10.963496,59.918507],[10.957236,59.918507],[10.957236,59.915522]]]}},{"type":"Feature","properties":{"cell_id":"r099c098","latitude":59.917015,"longitude":10.966626},"geometry":{"type":"Polygon","coordinates":[[[10.963496,59.915522],[10.969756,59.915522],[10.969756,59.918507],[10.963496,59.918507],[10.963496,59.915522]]]}},{"type":"Feature","properties":{"cell_id":"r099c116","latitude":59.917015,"longitude":11.079309},"geometry":{"type":"Polygon","coordinates":[[[11.076179,59.915522],[11.082439,59.915522],[11.082439,59.918507],[11.076179,59.918507],[11.076179,59.915522]]]}},{"type":"Feature","properties":{"cell_id":"r100c017","latitude":59.92,"longitude":10.459553},"geometry":{"type":"Polygon","coordinates":[[[10.456423,59.918507],[10.462683,59.918507],[10.462683,59.921493],[10.456423,59.921493],[10.456423,59.918507]]]}},{"type":"Feature","properties":{"cell_id":"r100c020","latitude":59.92,"longitude":10.478333},"geometry":{"type":"Polygon","coordinates":[[[10.475203,59.918507],[10.481463,59.918507],[10.481463,59.921493],[10.475203,59.921493],[10.475203,59.918507]]]}},{"type":"Feature","properties":{"cell_id":"r100c022","latitude":59.92,"longitude":10.490854},"geometry":{"type":"Polygon","coordinates":[[[10.487724,59.918507],[10.493984,59.918507],[10.493984,59.921493],[10.487724,59.921493],[10.487724,59.918507]]]}},{"type":"Feature","properties":{"cell_id":"r100c023","latitude":59.92,"longitude":10.497114},"geometry":{"type":"Polygon","coordinates":[[[10.493984,59.918507],[10.500244,59.918507],[10.500244,59.921493],[10.493984,59.921493],[10.493984,59.918507]]]}},{"type":"Feature","properties":{"cell_id":"r100c024","latitude":59.92,"longitude":10.503374},"geometry":{"type":"Polygon","coordinates":[[[10.500244,59.918507],[10.506504,59.918507],[10.506504,59.921493],[10.500244,59.921493],[10.500244,59.918507]]]}},{"type":"Feature","properties":{"cell_id":"r100c031","latitude":59.92,"longitude":10.547195},"geometry":{"type":"Polygon","coordinates":[[[10.544065,59.918507],[10.550325,59.918507],[10.550325,59.921493],[10.544065,59.921493],[10.544065,59.918507]]]}},{"type":"Feature","properties":{"cell_id":"r100c032","latitude":59.92,"longitude":10.553455},"geometry":{"type":"Polygon","coordinates":[[[10.550325,59.918507],[10.556585,59.918507],[10.556585,59.921493],[10.550325,59.921493],[10.550325,59.918507]]]}},{"type":"Feature","properties":{"cell_id":"r100c033","latitude":59.92,"longitude":10.559715},"geometry":{"type":"Polygon","coordinates":[[[10.556585,59.918507],[10.562846,59.918507],[10.562846,59.921493],[10.556585,59.921493],[10.556585,59.918507]]]}},{"type":"Feature","properties":{"cell_id":"r100c034","latitude":59.92,"longitude":10.565976},"geometry":{"type":"Polygon","coordinates":[[[10.562846,59.918507],[10.569106,59.918507],[10.569106,59.921493],[10.562846,59.921493],[10.562846,59.918507]]]}},{"type":"Feature","properties":{"cell_id":"r100c035","latitude":59.92,"longitude":10.572236},"geometry":{"type":"Polygon","coordinates":[[[10.569106,59.918507],[10.575366,59.918507],[10.575366,59.921493],[10.569106,59.921493],[10.569106,59.918507]]]}},{"type":"Feature","properties":{"cell_id":"r100c036","latitude":59.92,"longitude":10.578496},"geometry":{"type":"Polygon","coordinates":[[[10.575366,59.918507],[10.581626,59.918507],[10.581626,59.921493],[10.575366,59.921493],[10.575366,59.918507]]]}},{"type":"Feature","properties":{"cell_id":"r100c037","latitude":59.92,"longitude":10.584756},"geometry":{"type":"Polygon","coordinates":[[[10.581626,59.918507],[10.587886,59.918507],[10.587886,59.921493],[10.581626,59.921493],[10.581626,59.918507]]]}},{"type":"Feature","properties":{"cell_id":"r100c038","latitude":59.92,"longitude":10.591016},"geometry":{"type":"Polygon","coordinates":[[[10.587886,59.918507],[10.594146,59.918507],[10.594146,59.921493],[10.587886,59.921493],[10.587886,59.918507]]]}},{"type":"Feature","properties":{"cell_id":"r100c039","latitude":59.92,"longitude":10.597276},"geometry":{"type":"Polygon","coordinates":[[[10.594146,59.918507],[10.600407,59.918507],[10.600407,59.921493],[10.594146,59.921493],[10.594146,59.918507]]]}},{"type":"Feature","properties":{"cell_id":"r100c040","latitude":59.92,"longitude":10.603537},"geometry":{"type":"Polygon","coordinates":[[[10.600407,59.918507],[10.606667,59.918507],[10.606667,59.921493],[10.600407,59.921493],[10.600407,59.918507]]]}},{"type":"Feature","properties":{"cell_id":"r100c041","latitude":59.92,"longitude":10.609797},"geometry":{"type":"Polygon","coordinates":[[[10.606667,59.918507],[10.612927,59.918507],[10.612927,59.921493],[10.606667,59.921493],[10.606667,59.918507]]]}},{"type":"Feature","properties":{"cell_id":"r100c042","latitude":59.92,"longitude":10.616057},"geometry":{"type":"Polygon","coordinates":[[[10.612927,59.918507],[10.619187,59.918507],[10.619187,59.921493],[10.612927,59.921493],[10.612927,59.918507]]]}},{"type":"Feature","properties":{"cell_id":"r100c043","latitude":59.92,"longitude":10.622317},"geometry":{"type":"Polygon","coordinates":[[[10.619187,59.918507],[10.625447,59.918507],[10.625447,59.921493],[10.619187,59.921493],[10.619187,59.918507]]]}},{"type":"Feature","properties":{"cell_id":"r100c044","latitude":59.92,"longitude":10.628577},"geometry":{"type":"Polygon","coordinates":[[[10.625447,59.918507],[10.631707,59.918507],[10.631707,59.921493],[10.625447,59.921493],[10.625447,59.918507]]]}},{"type":"Feature","properties":{"cell_id":"r100c045","latitude":59.92,"longitude":10.634837},"geometry":{"type":"Polygon","coordinates":[[[10.631707,59.918507],[10.637967,59.918507],[10.637967,59.921493],[10.631707,59.921493],[10.631707,59.918507]]]}},{"type":"Feature","properties":{"cell_id":"r100c046","latitude":59.92,"longitude":10.641098},"geometry":{"type":"Polygon","coordinates":[[[10.637967,59.918507],[10.644228,59.918507],[10.644228,59.921493],[10.637967,59.921493],[10.637967,59.918507]]]}},{"type":"Feature","properties":{"cell_id":"r100c047","latitude":59.92,"longitude":10.647358},"geometry":{"type":"Polygon","coordinates":[[[10.644228,59.918507],[10.650488,59.918507],[10.650488,59.921493],[10.644228,59.921493],[10.644228,59.918507]]]}},{"type":"Feature","properties":{"cell_id":"r100c048","latitude":59.92,"longitude":10.653618},"geometry":{"type":"Polygon","coordinates":[[[10.650488,59.918507],[10.656748,59.918507],[10.656748,59.921493],[10.650488,59.921493],[10.650488,59.918507]]]}},{"type":"Feature","properties":{"cell_id":"r100c049","latitude":59.92,"longitude":10.659878},"geometry":{"type":"Polygon","coordinates":[[[10.656748,59.918507],[10.663008,59.918507],[10.663008,59.921493],[10.656748,59.921493],[10.656748,59.918507]]]}},{"type":"Feature","properties":{"cell_id":"r100c050","latitude":59.92,"longitude":10.666138},"geometry":{"type":"Polygon","coordinates":[[[10.663008,59.918507],[10.669268,59.918507],[10.669268,59.921493],[10.663008,59.921493],[10.663008,59.918507]]]}},{"type":"Feature","properties":{"cell_id":"r100c051","latitude":59.92,"longitude":10.672398},"geometry":{"type":"Polygon","coordinates":[[[10.669268,59.918507],[10.675528,59.918507],[10.675528,59.921493],[10.669268,59.921493],[10.669268,59.918507]]]}},{"type":"Feature","properties":{"cell_id":"r100c052","latitude":59.92,"longitude":10.678659},"geometry":{"type":"Polygon","coordinates":[[[10.675528,59.918507],[10.681789,59.918507],[10.681789,59.921493],[10.675528,59.921493],[10.675528,59.918507]]]}},{"type":"Feature","properties":{"cell_id":"r100c053","latitude":59.92,"longitude":10.684919},"geometry":{"type":"Polygon","coordinates":[[[10.681789,59.918507],[10.688049,59.918507],[10.688049,59.921493],[10.681789,59.921493],[10.681789,59.918507]]]}},{"type":"Feature","properties":{"cell_id":"r100c054","latitude":59.92,"longitude":10.691179},"geometry":{"type":"Polygon","coordinates":[[[10.688049,59.918507],[10.694309,59.918507],[10.694309,59.921493],[10.688049,59.921493],[10.688049,59.918507]]]}},{"type":"Feature","properties":{"cell_id":"r100c055","latitude":59.92,"longitude":10.697439},"geometry":{"type":"Polygon","coordinates":[[[10.694309,59.918507],[10.700569,59.918507],[10.700569,59.921493],[10.694309,59.921493],[10.694309,59.918507]]]}},{"type":"Feature","properties":{"cell_id":"r100c056","latitude":59.92,"longitude":10.703699},"geometry":{"type":"Polygon","coordinates":[[[10.700569,59.918507],[10.706829,59.918507],[10.706829,59.921493],[10.700569,59.921493],[10.700569,59.918507]]]}},{"type":"Feature","properties":{"cell_id":"r100c057","latitude":59.92,"longitude":10.709959},"geometry":{"type":"Polygon","coordinates":[[[10.706829,59.918507],[10.713089,59.918507],[10.713089,59.921493],[10.706829,59.921493],[10.706829,59.918507]]]}},{"type":"Feature","properties":{"cell_id":"r100c058","latitude":59.92,"longitude":10.71622},"geometry":{"type":"Polygon","coordinates":[[[10.713089,59.918507],[10.71935,59.918507],[10.71935,59.921493],[10.713089,59.921493],[10.713089,59.918507]]]}},{"type":"Feature","properties":{"cell_id":"r100c059","latitude":59.92,"longitude":10.72248},"geometry":{"type":"Polygon","coordinates":[[[10.71935,59.918507],[10.72561,59.918507],[10.72561,59.921493],[10.71935,59.921493],[10.71935,59.918507]]]}},{"type":"Feature","properties":{"cell_id":"r100c060","latitude":59.92,"longitude":10.72874},"geometry":{"type":"Polygon","coordinates":[[[10.72561,59.918507],[10.73187,59.918507],[10.73187,59.921493],[10.72561,59.921493],[10.72561,59.918507]]]}},{"type":"Feature","properties":{"cell_id":"r100c061","latitude":59.92,"longitude":10.735},"geometry":{"type":"Polygon","coordinates":[[[10.73187,59.918507],[10.73813,59.918507],[10.73813,59.921493],[10.73187,59.921493],[10.73187,59.918507]]]}},{"type":"Feature","properties":{"cell_id":"r100c062","latitude":59.92,"longitude":10.74126},"geometry":{"type":"Polygon","coordinates":[[[10.73813,59.918507],[10.74439,59.918507],[10.74439,59.921493],[10.73813,59.921493],[10.73813,59.918507]]]}},{"type":"Feature","properties":{"cell_id":"r100c063","latitude":59.92,"longitude":10.74752},"geometry":{"type":"Polygon","coordinates":[[[10.74439,59.918507],[10.75065,59.918507],[10.75065,59.921493],[10.74439,59.921493],[10.74439,59.918507]]]}},{"type":"Feature","properties":{"cell_id":"r100c064","latitude":59.92,"longitude":10.75378},"geometry":{"type":"Polygon","coordinates":[[[10.75065,59.918507],[10.756911,59.918507],[10.756911,59.921493],[10.75065,59.921493],[10.75065,59.918507]]]}},{"type":"Feature","properties":{"cell_id":"r100c065","latitude":59.92,"longitude":10.760041},"geometry":{"type":"Polygon","coordinates":[[[10.756911,59.918507],[10.763171,59.918507],[10.763171,59.921493],[10.756911,59.921493],[10.756911,59.918507]]]}},{"type":"Feature","properties":{"cell_id":"r100c066","latitude":59.92,"longitude":10.766301},"geometry":{"type":"Polygon","coordinates":[[[10.763171,59.918507],[10.769431,59.918507],[10.769431,59.921493],[10.763171,59.921493],[10.763171,59.918507]]]}},{"type":"Feature","properties":{"cell_id":"r100c067","latitude":59.92,"longitude":10.772561},"geometry":{"type":"Polygon","coordinates":[[[10.769431,59.918507],[10.775691,59.918507],[10.775691,59.921493],[10.769431,59.921493],[10.769431,59.918507]]]}},{"type":"Feature","properties":{"cell_id":"r100c068","latitude":59.92,"longitude":10.778821},"geometry":{"type":"Polygon","coordinates":[[[10.775691,59.918507],[10.781951,59.918507],[10.781951,59.921493],[10.775691,59.921493],[10.775691,59.918507]]]}},{"type":"Feature","properties":{"cell_id":"r100c069","latitude":59.92,"longitude":10.785081},"geometry":{"type":"Polygon","coordinates":[[[10.781951,59.918507],[10.788211,59.918507],[10.788211,59.921493],[10.781951,59.921493],[10.781951,59.918507]]]}},{"type":"Feature","properties":{"cell_id":"r100c070","latitude":59.92,"longitude":10.791341},"geometry":{"type":"Polygon","coordinates":[[[10.788211,59.918507],[10.794472,59.918507],[10.794472,59.921493],[10.788211,59.921493],[10.788211,59.918507]]]}},{"type":"Feature","properties":{"cell_id":"r100c071","latitude":59.92,"longitude":10.797602},"geometry":{"type":"Polygon","coordinates":[[[10.794472,59.918507],[10.800732,59.918507],[10.800732,59.921493],[10.794472,59.921493],[10.794472,59.918507]]]}},{"type":"Feature","properties":{"cell_id":"r100c072","latitude":59.92,"longitude":10.803862},"geometry":{"type":"Polygon","coordinates":[[[10.800732,59.918507],[10.806992,59.918507],[10.806992,59.921493],[10.800732,59.921493],[10.800732,59.918507]]]}},{"type":"Feature","properties":{"cell_id":"r100c073","latitude":59.92,"longitude":10.810122},"geometry":{"type":"Polygon","coordinates":[[[10.806992,59.918507],[10.813252,59.918507],[10.813252,59.921493],[10.806992,59.921493],[10.806992,59.918507]]]}},{"type":"Feature","properties":{"cell_id":"r100c074","latitude":59.92,"longitude":10.816382},"geometry":{"type":"Polygon","coordinates":[[[10.813252,59.918507],[10.819512,59.918507],[10.819512,59.921493],[10.813252,59.921493],[10.813252,59.918507]]]}},{"type":"Feature","properties":{"cell_id":"r100c075","latitude":59.92,"longitude":10.822642},"geometry":{"type":"Polygon","coordinates":[[[10.819512,59.918507],[10.825772,59.918507],[10.825772,59.921493],[10.819512,59.921493],[10.819512,59.918507]]]}},{"type":"Feature","properties":{"cell_id":"r100c076","latitude":59.92,"longitude":10.828902},"geometry":{"type":"Polygon","coordinates":[[[10.825772,59.918507],[10.832033,59.918507],[10.832033,59.921493],[10.825772,59.921493],[10.825772,59.918507]]]}},{"type":"Feature","properties":{"cell_id":"r100c077","latitude":59.92,"longitude":10.835163},"geometry":{"type":"Polygon","coordinates":[[[10.832033,59.918507],[10.838293,59.918507],[10.838293,59.921493],[10.832033,59.921493],[10.832033,59.918507]]]}},{"type":"Feature","properties":{"cell_id":"r100c078","latitude":59.92,"longitude":10.841423},"geometry":{"type":"Polygon","coordinates":[[[10.838293,59.918507],[10.844553,59.918507],[10.844553,59.921493],[10.838293,59.921493],[10.838293,59.918507]]]}},{"type":"Feature","properties":{"cell_id":"r100c079","latitude":59.92,"longitude":10.847683},"geometry":{"type":"Polygon","coordinates":[[[10.844553,59.918507],[10.850813,59.918507],[10.850813,59.921493],[10.844553,59.921493],[10.844553,59.918507]]]}},{"type":"Feature","properties":{"cell_id":"r100c080","latitude":59.92,"longitude":10.853943},"geometry":{"type":"Polygon","coordinates":[[[10.850813,59.918507],[10.857073,59.918507],[10.857073,59.921493],[10.850813,59.921493],[10.850813,59.918507]]]}},{"type":"Feature","properties":{"cell_id":"r100c081","latitude":59.92,"longitude":10.860203},"geometry":{"type":"Polygon","coordinates":[[[10.857073,59.918507],[10.863333,59.918507],[10.863333,59.921493],[10.857073,59.921493],[10.857073,59.918507]]]}},{"type":"Feature","properties":{"cell_id":"r100c082","latitude":59.92,"longitude":10.866463},"geometry":{"type":"Polygon","coordinates":[[[10.863333,59.918507],[10.869593,59.918507],[10.869593,59.921493],[10.863333,59.921493],[10.863333,59.918507]]]}},{"type":"Feature","properties":{"cell_id":"r100c092","latitude":59.92,"longitude":10.929065},"geometry":{"type":"Polygon","coordinates":[[[10.925935,59.918507],[10.932195,59.918507],[10.932195,59.921493],[10.925935,59.921493],[10.925935,59.918507]]]}},{"type":"Feature","properties":{"cell_id":"r100c093","latitude":59.92,"longitude":10.935325},"geometry":{"type":"Polygon","coordinates":[[[10.932195,59.918507],[10.938455,59.918507],[10.938455,59.921493],[10.932195,59.921493],[10.932195,59.918507]]]}},{"type":"Feature","properties":{"cell_id":"r100c094","latitude":59.92,"longitude":10.941585},"geometry":{"type":"Polygon","coordinates":[[[10.938455,59.918507],[10.944715,59.918507],[10.944715,59.921493],[10.938455,59.921493],[10.938455,59.918507]]]}},{"type":"Feature","properties":{"cell_id":"r100c095","latitude":59.92,"longitude":10.947846},"geometry":{"type":"Polygon","coordinates":[[[10.944715,59.918507],[10.950976,59.918507],[10.950976,59.921493],[10.944715,59.921493],[10.944715,59.918507]]]}},{"type":"Feature","properties":{"cell_id":"r100c096","latitude":59.92,"longitude":10.954106},"geometry":{"type":"Polygon","coordinates":[[[10.950976,59.918507],[10.957236,59.918507],[10.957236,59.921493],[10.950976,59.921493],[10.950976,59.918507]]]}},{"type":"Feature","properties":{"cell_id":"r100c097","latitude":59.92,"longitude":10.960366},"geometry":{"type":"Polygon","coordinates":[[[10.957236,59.918507],[10.963496,59.918507],[10.963496,59.921493],[10.957236,59.921493],[10.957236,59.918507]]]}},{"type":"Feature","properties":{"cell_id":"r100c098","latitude":59.92,"longitude":10.966626},"geometry":{"type":"Polygon","coordinates":[[[10.963496,59.918507],[10.969756,59.918507],[10.969756,59.921493],[10.963496,59.921493],[10.963496,59.918507]]]}},{"type":"Feature","properties":{"cell_id":"r100c099","latitude":59.92,"longitude":10.972886},"geometry":{"type":"Polygon","coordinates":[[[10.969756,59.918507],[10.976016,59.918507],[10.976016,59.921493],[10.969756,59.921493],[10.969756,59.918507]]]}},{"type":"Feature","properties":{"cell_id":"r100c100","latitude":59.92,"longitude":10.979146},"geometry":{"type":"Polygon","coordinates":[[[10.976016,59.918507],[10.982276,59.918507],[10.982276,59.921493],[10.976016,59.921493],[10.976016,59.918507]]]}},{"type":"Feature","properties":{"cell_id":"r100c115","latitude":59.92,"longitude":11.073049},"geometry":{"type":"Polygon","coordinates":[[[11.069919,59.918507],[11.076179,59.918507],[11.076179,59.921493],[11.069919,59.921493],[11.069919,59.918507]]]}},{"type":"Feature","properties":{"cell_id":"r100c118","latitude":59.92,"longitude":11.091829},"geometry":{"type":"Polygon","coordinates":[[[11.088699,59.918507],[11.094959,59.918507],[11.094959,59.921493],[11.088699,59.921493],[11.088699,59.918507]]]}},{"type":"Feature","properties":{"cell_id":"r101c016","latitude":59.922985,"longitude":10.453293},"geometry":{"type":"Polygon","coordinates":[[[10.450163,59.921493],[10.456423,59.921493],[10.456423,59.924478],[10.450163,59.924478],[10.450163,59.921493]]]}},{"type":"Feature","properties":{"cell_id":"r101c020","latitude":59.922985,"longitude":10.478333},"geometry":{"type":"Polygon","coordinates":[[[10.475203,59.921493],[10.481463,59.921493],[10.481463,59.924478],[10.475203,59.924478],[10.475203,59.921493]]]}},{"type":"Feature","properties":{"cell_id":"r101c021","latitude":59.922985,"longitude":10.484593},"geometry":{"type":"Polygon","coordinates":[[[10.481463,59.921493],[10.487724,59.921493],[10.487724,59.924478],[10.481463,59.924478],[10.481463,59.921493]]]}},{"type":"Feature","properties":{"cell_id":"r101c022","latitude":59.922985,"longitude":10.490854},"geometry":{"type":"Polygon","coordinates":[[[10.487724,59.921493],[10.493984,59.921493],[10.493984,59.924478],[10.487724,59.924478],[10.487724,59.921493]]]}},{"type":"Feature","properties":{"cell_id":"r101c023","latitude":59.922985,"longitude":10.497114},"geometry":{"type":"Polygon","coordinates":[[[10.493984,59.921493],[10.500244,59.921493],[10.500244,59.924478],[10.493984,59.924478],[10.493984,59.921493]]]}},{"type":"Feature","properties":{"cell_id":"r101c024","latitude":59.922985,"longitude":10.503374},"geometry":{"type":"Polygon","coordinates":[[[10.500244,59.921493],[10.506504,59.921493],[10.506504,59.924478],[10.500244,59.924478],[10.500244,59.921493]]]}},{"type":"Feature","properties":{"cell_id":"r101c032","latitude":59.922985,"longitude":10.553455},"geometry":{"type":"Polygon","coordinates":[[[10.550325,59.921493],[10.556585,59.921493],[10.556585,59.924478],[10.550325,59.924478],[10.550325,59.921493]]]}},{"type":"Feature","properties":{"cell_id":"r101c033","latitude":59.922985,"longitude":10.559715},"geometry":{"type":"Polygon","coordinates":[[[10.556585,59.921493],[10.562846,59.921493],[10.562846,59.924478],[10.556585,59.924478],[10.556585,59.921493]]]}},{"type":"Feature","properties":{"cell_id":"r101c034","latitude":59.922985,"longitude":10.565976},"geometry":{"type":"Polygon","coordinates":[[[10.562846,59.921493],[10.569106,59.921493],[10.569106,59.924478],[10.562846,59.924478],[10.562846,59.921493]]]}},{"type":"Feature","properties":{"cell_id":"r101c035","latitude":59.922985,"longitude":10.572236},"geometry":{"type":"Polygon","coordinates":[[[10.569106,59.921493],[10.575366,59.921493],[10.575366,59.924478],[10.569106,59.924478],[10.569106,59.921493]]]}},{"type":"Feature","properties":{"cell_id":"r101c036","latitude":59.922985,"longitude":10.578496},"geometry":{"type":"Polygon","coordinates":[[[10.575366,59.921493],[10.581626,59.921493],[10.581626,59.924478],[10.575366,59.924478],[10.575366,59.921493]]]}},{"type":"Feature","properties":{"cell_id":"r101c037","latitude":59.922985,"longitude":10.584756},"geometry":{"type":"Polygon","coordinates":[[[10.581626,59.921493],[10.587886,59.921493],[10.587886,59.924478],[10.581626,59.924478],[10.581626,59.921493]]]}},{"type":"Feature","properties":{"cell_id":"r101c038","latitude":59.922985,"longitude":10.591016},"geometry":{"type":"Polygon","coordinates":[[[10.587886,59.921493],[10.594146,59.921493],[10.594146,59.924478],[10.587886,59.924478],[10.587886,59.921493]]]}},{"type":"Feature","properties":{"cell_id":"r101c039","latitude":59.922985,"longitude":10.597276},"geometry":{"type":"Polygon","coordinates":[[[10.594146,59.921493],[10.600407,59.921493],[10.600407,59.924478],[10.594146,59.924478],[10.594146,59.921493]]]}},{"type":"Feature","properties":{"cell_id":"r101c040","latitude":59.922985,"longitude":10.603537},"geometry":{"type":"Polygon","coordinates":[[[10.600407,59.921493],[10.606667,59.921493],[10.606667,59.924478],[10.600407,59.924478],[10.600407,59.921493]]]}},{"type":"Feature","properties":{"cell_id":"r101c041","latitude":59.922985,"longitude":10.609797},"geometry":{"type":"Polygon","coordinates":[[[10.606667,59.921493],[10.612927,59.921493],[10.612927,59.924478],[10.606667,59.924478],[10.606667,59.921493]]]}},{"type":"Feature","properties":{"cell_id":"r101c042","latitude":59.922985,"longitude":10.616057},"geometry":{"type":"Polygon","coordinates":[[[10.612927,59.921493],[10.619187,59.921493],[10.619187,59.924478],[10.612927,59.924478],[10.612927,59.921493]]]}},{"type":"Feature","properties":{"cell_id":"r101c043","latitude":59.922985,"longitude":10.622317},"geometry":{"type":"Polygon","coordinates":[[[10.619187,59.921493],[10.625447,59.921493],[10.625447,59.924478],[10.619187,59.924478],[10.619187,59.921493]]]}},{"type":"Feature","properties":{"cell_id":"r101c044","latitude":59.922985,"longitude":10.628577},"geometry":{"type":"Polygon","coordinates":[[[10.625447,59.921493],[10.631707,59.921493],[10.631707,59.924478],[10.625447,59.924478],[10.625447,59.921493]]]}},{"type":"Feature","properties":{"cell_id":"r101c045","latitude":59.922985,"longitude":10.634837},"geometry":{"type":"Polygon","coordinates":[[[10.631707,59.921493],[10.637967,59.921493],[10.637967,59.924478],[10.631707,59.924478],[10.631707,59.921493]]]}},{"type":"Feature","properties":{"cell_id":"r101c046","latitude":59.922985,"longitude":10.641098},"geometry":{"type":"Polygon","coordinates":[[[10.637967,59.921493],[10.644228,59.921493],[10.644228,59.924478],[10.637967,59.924478],[10.637967,59.921493]]]}},{"type":"Feature","properties":{"cell_id":"r101c047","latitude":59.922985,"longitude":10.647358},"geometry":{"type":"Polygon","coordinates":[[[10.644228,59.921493],[10.650488,59.921493],[10.650488,59.924478],[10.644228,59.924478],[10.644228,59.921493]]]}},{"type":"Feature","properties":{"cell_id":"r101c048","latitude":59.922985,"longitude":10.653618},"geometry":{"type":"Polygon","coordinates":[[[10.650488,59.921493],[10.656748,59.921493],[10.656748,59.924478],[10.650488,59.924478],[10.650488,59.921493]]]}},{"type":"Feature","properties":{"cell_id":"r101c049","latitude":59.922985,"longitude":10.659878},"geometry":{"type":"Polygon","coordinates":[[[10.656748,59.921493],[10.663008,59.921493],[10.663008,59.924478],[10.656748,59.924478],[10.656748,59.921493]]]}},{"type":"Feature","properties":{"cell_id":"r101c050","latitude":59.922985,"longitude":10.666138},"geometry":{"type":"Polygon","coordinates":[[[10.663008,59.921493],[10.669268,59.921493],[10.669268,59.924478],[10.663008,59.924478],[10.663008,59.921493]]]}},{"type":"Feature","properties":{"cell_id":"r101c051","latitude":59.922985,"longitude":10.672398},"geometry":{"type":"Polygon","coordinates":[[[10.669268,59.921493],[10.675528,59.921493],[10.675528,59.924478],[10.669268,59.924478],[10.669268,59.921493]]]}},{"type":"Feature","properties":{"cell_id":"r101c052","latitude":59.922985,"longitude":10.678659},"geometry":{"type":"Polygon","coordinates":[[[10.675528,59.921493],[10.681789,59.921493],[10.681789,59.924478],[10.675528,59.924478],[10.675528,59.921493]]]}},{"type":"Feature","properties":{"cell_id":"r101c053","latitude":59.922985,"longitude":10.684919},"geometry":{"type":"Polygon","coordinates":[[[10.681789,59.921493],[10.688049,59.921493],[10.688049,59.924478],[10.681789,59.924478],[10.681789,59.921493]]]}},{"type":"Feature","properties":{"cell_id":"r101c054","latitude":59.922985,"longitude":10.691179},"geometry":{"type":"Polygon","coordinates":[[[10.688049,59.921493],[10.694309,59.921493],[10.694309,59.924478],[10.688049,59.924478],[10.688049,59.921493]]]}},{"type":"Feature","properties":{"cell_id":"r101c055","latitude":59.922985,"longitude":10.697439},"geometry":{"type":"Polygon","coordinates":[[[10.694309,59.921493],[10.700569,59.921493],[10.700569,59.924478],[10.694309,59.924478],[10.694309,59.921493]]]}},{"type":"Feature","properties":{"cell_id":"r101c056","latitude":59.922985,"longitude":10.703699},"geometry":{"type":"Polygon","coordinates":[[[10.700569,59.921493],[10.706829,59.921493],[10.706829,59.924478],[10.700569,59.924478],[10.700569,59.921493]]]}},{"type":"Feature","properties":{"cell_id":"r101c057","latitude":59.922985,"longitude":10.709959},"geometry":{"type":"Polygon","coordinates":[[[10.706829,59.921493],[10.713089,59.921493],[10.713089,59.924478],[10.706829,59.924478],[10.706829,59.921493]]]}},{"type":"Feature","properties":{"cell_id":"r101c058","latitude":59.922985,"longitude":10.71622},"geometry":{"type":"Polygon","coordinates":[[[10.713089,59.921493],[10.71935,59.921493],[10.71935,59.924478],[10.713089,59.924478],[10.713089,59.921493]]]}},{"type":"Feature","properties":{"cell_id":"r101c059","latitude":59.922985,"longitude":10.72248},"geometry":{"type":"Polygon","coordinates":[[[10.71935,59.921493],[10.72561,59.921493],[10.72561,59.924478],[10.71935,59.924478],[10.71935,59.921493]]]}},{"type":"Feature","properties":{"cell_id":"r101c060","latitude":59.922985,"longitude":10.72874},"geometry":{"type":"Polygon","coordinates":[[[10.72561,59.921493],[10.73187,59.921493],[10.73187,59.924478],[10.72561,59.924478],[10.72561,59.921493]]]}},{"type":"Feature","properties":{"cell_id":"r101c061","latitude":59.922985,"longitude":10.735},"geometry":{"type":"Polygon","coordinates":[[[10.73187,59.921493],[10.73813,59.921493],[10.73813,59.924478],[10.73187,59.924478],[10.73187,59.921493]]]}},{"type":"Feature","properties":{"cell_id":"r101c062","latitude":59.922985,"longitude":10.74126},"geometry":{"type":"Polygon","coordinates":[[[10.73813,59.921493],[10.74439,59.921493],[10.74439,59.924478],[10.73813,59.924478],[10.73813,59.921493]]]}},{"type":"Feature","properties":{"cell_id":"r101c063","latitude":59.922985,"longitude":10.74752},"geometry":{"type":"Polygon","coordinates":[[[10.74439,59.921493],[10.75065,59.921493],[10.75065,59.924478],[10.74439,59.924478],[10.74439,59.921493]]]}},{"type":"Feature","properties":{"cell_id":"r101c064","latitude":59.922985,"longitude":10.75378},"geometry":{"type":"Polygon","coordinates":[[[10.75065,59.921493],[10.756911,59.921493],[10.756911,59.924478],[10.75065,59.924478],[10.75065,59.921493]]]}},{"type":"Feature","properties":{"cell_id":"r101c065","latitude":59.922985,"longitude":10.760041},"geometry":{"type":"Polygon","coordinates":[[[10.756911,59.921493],[10.763171,59.921493],[10.763171,59.924478],[10.756911,59.924478],[10.756911,59.921493]]]}},{"type":"Feature","properties":{"cell_id":"r101c066","latitude":59.922985,"longitude":10.766301},"geometry":{"type":"Polygon","coordinates":[[[10.763171,59.921493],[10.769431,59.921493],[10.769431,59.924478],[10.763171,59.924478],[10.763171,59.921493]]]}},{"type":"Feature","properties":{"cell_id":"r101c067","latitude":59.922985,"longitude":10.772561},"geometry":{"type":"Polygon","coordinates":[[[10.769431,59.921493],[10.775691,59.921493],[10.775691,59.924478],[10.769431,59.924478],[10.769431,59.921493]]]}},{"type":"Feature","properties":{"cell_id":"r101c068","latitude":59.922985,"longitude":10.778821},"geometry":{"type":"Polygon","coordinates":[[[10.775691,59.921493],[10.781951,59.921493],[10.781951,59.924478],[10.775691,59.924478],[10.775691,59.921493]]]}},{"type":"Feature","properties":{"cell_id":"r101c069","latitude":59.922985,"longitude":10.785081},"geometry":{"type":"Polygon","coordinates":[[[10.781951,59.921493],[10.788211,59.921493],[10.788211,59.924478],[10.781951,59.924478],[10.781951,59.921493]]]}},{"type":"Feature","properties":{"cell_id":"r101c070","latitude":59.922985,"longitude":10.791341},"geometry":{"type":"Polygon","coordinates":[[[10.788211,59.921493],[10.794472,59.921493],[10.794472,59.924478],[10.788211,59.924478],[10.788211,59.921493]]]}},{"type":"Feature","properties":{"cell_id":"r101c071","latitude":59.922985,"longitude":10.797602},"geometry":{"type":"Polygon","coordinates":[[[10.794472,59.921493],[10.800732,59.921493],[10.800732,59.924478],[10.794472,59.924478],[10.794472,59.921493]]]}},{"type":"Feature","properties":{"cell_id":"r101c072","latitude":59.922985,"longitude":10.803862},"geometry":{"type":"Polygon","coordinates":[[[10.800732,59.921493],[10.806992,59.921493],[10.806992,59.924478],[10.800732,59.924478],[10.800732,59.921493]]]}},{"type":"Feature","properties":{"cell_id":"r101c073","latitude":59.922985,"longitude":10.810122},"geometry":{"type":"Polygon","coordinates":[[[10.806992,59.921493],[10.813252,59.921493],[10.813252,59.924478],[10.806992,59.924478],[10.806992,59.921493]]]}},{"type":"Feature","properties":{"cell_id":"r101c074","latitude":59.922985,"longitude":10.816382},"geometry":{"type":"Polygon","coordinates":[[[10.813252,59.921493],[10.819512,59.921493],[10.819512,59.924478],[10.813252,59.924478],[10.813252,59.921493]]]}},{"type":"Feature","properties":{"cell_id":"r101c075","latitude":59.922985,"longitude":10.822642},"geometry":{"type":"Polygon","coordinates":[[[10.819512,59.921493],[10.825772,59.921493],[10.825772,59.924478],[10.819512,59.924478],[10.819512,59.921493]]]}},{"type":"Feature","properties":{"cell_id":"r101c076","latitude":59.922985,"longitude":10.828902},"geometry":{"type":"Polygon","coordinates":[[[10.825772,59.921493],[10.832033,59.921493],[10.832033,59.924478],[10.825772,59.924478],[10.825772,59.921493]]]}},{"type":"Feature","properties":{"cell_id":"r101c077","latitude":59.922985,"longitude":10.835163},"geometry":{"type":"Polygon","coordinates":[[[10.832033,59.921493],[10.838293,59.921493],[10.838293,59.924478],[10.832033,59.924478],[10.832033,59.921493]]]}},{"type":"Feature","properties":{"cell_id":"r101c078","latitude":59.922985,"longitude":10.841423},"geometry":{"type":"Polygon","coordinates":[[[10.838293,59.921493],[10.844553,59.921493],[10.844553,59.924478],[10.838293,59.924478],[10.838293,59.921493]]]}},{"type":"Feature","properties":{"cell_id":"r101c079","latitude":59.922985,"longitude":10.847683},"geometry":{"type":"Polygon","coordinates":[[[10.844553,59.921493],[10.850813,59.921493],[10.850813,59.924478],[10.844553,59.924478],[10.844553,59.921493]]]}},{"type":"Feature","properties":{"cell_id":"r101c080","latitude":59.922985,"longitude":10.853943},"geometry":{"type":"Polygon","coordinates":[[[10.850813,59.921493],[10.857073,59.921493],[10.857073,59.924478],[10.850813,59.924478],[10.850813,59.921493]]]}},{"type":"Feature","properties":{"cell_id":"r101c081","latitude":59.922985,"longitude":10.860203},"geometry":{"type":"Polygon","coordinates":[[[10.857073,59.921493],[10.863333,59.921493],[10.863333,59.924478],[10.857073,59.924478],[10.857073,59.921493]]]}},{"type":"Feature","properties":{"cell_id":"r101c082","latitude":59.922985,"longitude":10.866463},"geometry":{"type":"Polygon","coordinates":[[[10.863333,59.921493],[10.869593,59.921493],[10.869593,59.924478],[10.863333,59.924478],[10.863333,59.921493]]]}},{"type":"Feature","properties":{"cell_id":"r101c092","latitude":59.922985,"longitude":10.929065},"geometry":{"type":"Polygon","coordinates":[[[10.925935,59.921493],[10.932195,59.921493],[10.932195,59.924478],[10.925935,59.924478],[10.925935,59.921493]]]}},{"type":"Feature","properties":{"cell_id":"r101c093","latitude":59.922985,"longitude":10.935325},"geometry":{"type":"Polygon","coordinates":[[[10.932195,59.921493],[10.938455,59.921493],[10.938455,59.924478],[10.932195,59.924478],[10.932195,59.921493]]]}},{"type":"Feature","properties":{"cell_id":"r101c094","latitude":59.922985,"longitude":10.941585},"geometry":{"type":"Polygon","coordinates":[[[10.938455,59.921493],[10.944715,59.921493],[10.944715,59.924478],[10.938455,59.924478],[10.938455,59.921493]]]}},{"type":"Feature","properties":{"cell_id":"r101c095","latitude":59.922985,"longitude":10.947846},"geometry":{"type":"Polygon","coordinates":[[[10.944715,59.921493],[10.950976,59.921493],[10.950976,59.924478],[10.944715,59.924478],[10.944715,59.921493]]]}},{"type":"Feature","properties":{"cell_id":"r101c096","latitude":59.922985,"longitude":10.954106},"geometry":{"type":"Polygon","coordinates":[[[10.950976,59.921493],[10.957236,59.921493],[10.957236,59.924478],[10.950976,59.924478],[10.950976,59.921493]]]}},{"type":"Feature","properties":{"cell_id":"r101c097","latitude":59.922985,"longitude":10.960366},"geometry":{"type":"Polygon","coordinates":[[[10.957236,59.921493],[10.963496,59.921493],[10.963496,59.924478],[10.957236,59.924478],[10.957236,59.921493]]]}},{"type":"Feature","properties":{"cell_id":"r101c098","latitude":59.922985,"longitude":10.966626},"geometry":{"type":"Polygon","coordinates":[[[10.963496,59.921493],[10.969756,59.921493],[10.969756,59.924478],[10.963496,59.924478],[10.963496,59.921493]]]}},{"type":"Feature","properties":{"cell_id":"r101c100","latitude":59.922985,"longitude":10.979146},"geometry":{"type":"Polygon","coordinates":[[[10.976016,59.921493],[10.982276,59.921493],[10.982276,59.924478],[10.976016,59.924478],[10.976016,59.921493]]]}},{"type":"Feature","properties":{"cell_id":"r101c113","latitude":59.922985,"longitude":11.060528},"geometry":{"type":"Polygon","coordinates":[[[11.057398,59.921493],[11.063659,59.921493],[11.063659,59.924478],[11.057398,59.924478],[11.057398,59.921493]]]}},{"type":"Feature","properties":{"cell_id":"r101c114","latitude":59.922985,"longitude":11.066789},"geometry":{"type":"Polygon","coordinates":[[[11.063659,59.921493],[11.069919,59.921493],[11.069919,59.924478],[11.063659,59.924478],[11.063659,59.921493]]]}},{"type":"Feature","properties":{"cell_id":"r102c014","latitude":59.92597,"longitude":10.440772},"geometry":{"type":"Polygon","coordinates":[[[10.437642,59.924478],[10.443902,59.924478],[10.443902,59.927463],[10.437642,59.927463],[10.437642,59.924478]]]}},{"type":"Feature","properties":{"cell_id":"r102c015","latitude":59.92597,"longitude":10.447033},"geometry":{"type":"Polygon","coordinates":[[[10.443902,59.924478],[10.450163,59.924478],[10.450163,59.927463],[10.443902,59.927463],[10.443902,59.924478]]]}},{"type":"Feature","properties":{"cell_id":"r102c019","latitude":59.92597,"longitude":10.472073},"geometry":{"type":"Polygon","coordinates":[[[10.468943,59.924478],[10.475203,59.924478],[10.475203,59.927463],[10.468943,59.927463],[10.468943,59.924478]]]}},{"type":"Feature","properties":{"cell_id":"r102c020","latitude":59.92597,"longitude":10.478333},"geometry":{"type":"Polygon","coordinates":[[[10.475203,59.924478],[10.481463,59.924478],[10.481463,59.927463],[10.475203,59.927463],[10.475203,59.924478]]]}},{"type":"Feature","properties":{"cell_id":"r102c021","latitude":59.92597,"longitude":10.484593},"geometry":{"type":"Polygon","coordinates":[[[10.481463,59.924478],[10.487724,59.924478],[10.487724,59.927463],[10.481463,59.927463],[10.481463,59.924478]]]}},{"type":"Feature","properties":{"cell_id":"r102c022","latitude":59.92597,"longitude":10.490854},"geometry":{"type":"Polygon","coordinates":[[[10.487724,59.924478],[10.493984,59.924478],[10.493984,59.927463],[10.487724,59.927463],[10.487724,59.924478]]]}},{"type":"Feature","properties":{"cell_id":"r102c023","latitude":59.92597,"longitude":10.497114},"geometry":{"type":"Polygon","coordinates":[[[10.493984,59.924478],[10.500244,59.924478],[10.500244,59.927463],[10.493984,59.927463],[10.493984,59.924478]]]}},{"type":"Feature","properties":{"cell_id":"r102c024","latitude":59.92597,"longitude":10.503374},"geometry":{"type":"Polygon","coordinates":[[[10.500244,59.924478],[10.506504,59.924478],[10.506504,59.927463],[10.500244,59.927463],[10.500244,59.924478]]]}},{"type":"Feature","properties":{"cell_id":"r102c032","latitude":59.92597,"longitude":10.553455},"geometry":{"type":"Polygon","coordinates":[[[10.550325,59.924478],[10.556585,59.924478],[10.556585,59.927463],[10.550325,59.927463],[10.550325,59.924478]]]}},{"type":"Feature","properties":{"cell_id":"r102c035","latitude":59.92597,"longitude":10.572236},"geometry":{"type":"Polygon","coordinates":[[[10.569106,59.924478],[10.575366,59.924478],[10.575366,59.927463],[10.569106,59.927463],[10.569106,59.924478]]]}},{"type":"Feature","properties":{"cell_id":"r102c036","latitude":59.92597,"longitude":10.578496},"geometry":{"type":"Polygon","coordinates":[[[10.575366,59.924478],[10.581626,59.924478],[10.581626,59.927463],[10.575366,59.927463],[10.575366,59.924478]]]}},{"type":"Feature","properties":{"cell_id":"r102c037","latitude":59.92597,"longitude":10.584756},"geometry":{"type":"Polygon","coordinates":[[[10.581626,59.924478],[10.587886,59.924478],[10.587886,59.927463],[10.581626,59.927463],[10.581626,59.924478]]]}},{"type":"Feature","properties":{"cell_id":"r102c038","latitude":59.92597,"longitude":10.591016},"geometry":{"type":"Polygon","coordinates":[[[10.587886,59.924478],[10.594146,59.924478],[10.594146,59.927463],[10.587886,59.927463],[10.587886,59.924478]]]}},{"type":"Feature","properties":{"cell_id":"r102c039","latitude":59.92597,"longitude":10.597276},"geometry":{"type":"Polygon","coordinates":[[[10.594146,59.924478],[10.600407,59.924478],[10.600407,59.927463],[10.594146,59.927463],[10.594146,59.924478]]]}},{"type":"Feature","properties":{"cell_id":"r102c040","latitude":59.92597,"longitude":10.603537},"geometry":{"type":"Polygon","coordinates":[[[10.600407,59.924478],[10.606667,59.924478],[10.606667,59.927463],[10.600407,59.927463],[10.600407,59.924478]]]}},{"type":"Feature","properties":{"cell_id":"r102c041","latitude":59.92597,"longitude":10.609797},"geometry":{"type":"Polygon","coordinates":[[[10.606667,59.924478],[10.612927,59.924478],[10.612927,59.927463],[10.606667,59.927463],[10.606667,59.924478]]]}},{"type":"Feature","properties":{"cell_id":"r102c042","latitude":59.92597,"longitude":10.616057},"geometry":{"type":"Polygon","coordinates":[[[10.612927,59.924478],[10.619187,59.924478],[10.619187,59.927463],[10.612927,59.927463],[10.612927,59.924478]]]}},{"type":"Feature","properties":{"cell_id":"r102c043","latitude":59.92597,"longitude":10.622317},"geometry":{"type":"Polygon","coordinates":[[[10.619187,59.924478],[10.625447,59.924478],[10.625447,59.927463],[10.619187,59.927463],[10.619187,59.924478]]]}},{"type":"Feature","properties":{"cell_id":"r102c044","latitude":59.92597,"longitude":10.628577},"geometry":{"type":"Polygon","coordinates":[[[10.625447,59.924478],[10.631707,59.924478],[10.631707,59.927463],[10.625447,59.927463],[10.625447,59.924478]]]}},{"type":"Feature","properties":{"cell_id":"r102c045","latitude":59.92597,"longitude":10.634837},"geometry":{"type":"Polygon","coordinates":[[[10.631707,59.924478],[10.637967,59.924478],[10.637967,59.927463],[10.631707,59.927463],[10.631707,59.924478]]]}},{"type":"Feature","properties":{"cell_id":"r102c046","latitude":59.92597,"longitude":10.641098},"geometry":{"type":"Polygon","coordinates":[[[10.637967,59.924478],[10.644228,59.924478],[10.644228,59.927463],[10.637967,59.927463],[10.637967,59.924478]]]}},{"type":"Feature","properties":{"cell_id":"r102c047","latitude":59.92597,"longitude":10.647358},"geometry":{"type":"Polygon","coordinates":[[[10.644228,59.924478],[10.650488,59.924478],[10.650488,59.927463],[10.644228,59.927463],[10.644228,59.924478]]]}},{"type":"Feature","properties":{"cell_id":"r102c048","latitude":59.92597,"longitude":10.653618},"geometry":{"type":"Polygon","coordinates":[[[10.650488,59.924478],[10.656748,59.924478],[10.656748,59.927463],[10.650488,59.927463],[10.650488,59.924478]]]}},{"type":"Feature","properties":{"cell_id":"r102c049","latitude":59.92597,"longitude":10.659878},"geometry":{"type":"Polygon","coordinates":[[[10.656748,59.924478],[10.663008,59.924478],[10.663008,59.927463],[10.656748,59.927463],[10.656748,59.924478]]]}},{"type":"Feature","properties":{"cell_id":"r102c050","latitude":59.92597,"longitude":10.666138},"geometry":{"type":"Polygon","coordinates":[[[10.663008,59.924478],[10.669268,59.924478],[10.669268,59.927463],[10.663008,59.927463],[10.663008,59.924478]]]}},{"type":"Feature","properties":{"cell_id":"r102c051","latitude":59.92597,"longitude":10.672398},"geometry":{"type":"Polygon","coordinates":[[[10.669268,59.924478],[10.675528,59.924478],[10.675528,59.927463],[10.669268,59.927463],[10.669268,59.924478]]]}},{"type":"Feature","properties":{"cell_id":"r102c052","latitude":59.92597,"longitude":10.678659},"geometry":{"type":"Polygon","coordinates":[[[10.675528,59.924478],[10.681789,59.924478],[10.681789,59.927463],[10.675528,59.927463],[10.675528,59.924478]]]}},{"type":"Feature","properties":{"cell_id":"r102c053","latitude":59.92597,"longitude":10.684919},"geometry":{"type":"Polygon","coordinates":[[[10.681789,59.924478],[10.688049,59.924478],[10.688049,59.927463],[10.681789,59.927463],[10.681789,59.924478]]]}},{"type":"Feature","properties":{"cell_id":"r102c054","latitude":59.92597,"longitude":10.691179},"geometry":{"type":"Polygon","coordinates":[[[10.688049,59.924478],[10.694309,59.924478],[10.694309,59.927463],[10.688049,59.927463],[10.688049,59.924478]]]}},{"type":"Feature","properties":{"cell_id":"r102c055","latitude":59.92597,"longitude":10.697439},"geometry":{"type":"Polygon","coordinates":[[[10.694309,59.924478],[10.700569,59.924478],[10.700569,59.927463],[10.694309,59.927463],[10.694309,59.924478]]]}},{"type":"Feature","properties":{"cell_id":"r102c056","latitude":59.92597,"longitude":10.703699},"geometry":{"type":"Polygon","coordinates":[[[10.700569,59.924478],[10.706829,59.924478],[10.706829,59.927463],[10.700569,59.927463],[10.700569,59.924478]]]}},{"type":"Feature","properties":{"cell_id":"r102c057","latitude":59.92597,"longitude":10.709959},"geometry":{"type":"Polygon","coordinates":[[[10.706829,59.924478],[10.713089,59.924478],[10.713089,59.927463],[10.706829,59.927463],[10.706829,59.924478]]]}},{"type":"Feature","properties":{"cell_id":"r102c058","latitude":59.92597,"longitude":10.71622},"geometry":{"type":"Polygon","coordinates":[[[10.713089,59.924478],[10.71935,59.924478],[10.71935,59.927463],[10.713089,59.927463],[10.713089,59.924478]]]}},{"type":"Feature","properties":{"cell_id":"r102c059","latitude":59.92597,"longitude":10.72248},"geometry":{"type":"Polygon","coordinates":[[[10.71935,59.924478],[10.72561,59.924478],[10.72561,59.927463],[10.71935,59.927463],[10.71935,59.924478]]]}},{"type":"Feature","properties":{"cell_id":"r102c060","latitude":59.92597,"longitude":10.72874},"geometry":{"type":"Polygon","coordinates":[[[10.72561,59.924478],[10.73187,59.924478],[10.73187,59.927463],[10.72561,59.927463],[10.72561,59.924478]]]}},{"type":"Feature","properties":{"cell_id":"r102c061","latitude":59.92597,"longitude":10.735},"geometry":{"type":"Polygon","coordinates":[[[10.73187,59.924478],[10.73813,59.924478],[10.73813,59.927463],[10.73187,59.927463],[10.73187,59.924478]]]}},{"type":"Feature","properties":{"cell_id":"r102c062","latitude":59.92597,"longitude":10.74126},"geometry":{"type":"Polygon","coordinates":[[[10.73813,59.924478],[10.74439,59.924478],[10.74439,59.927463],[10.73813,59.927463],[10.73813,59.924478]]]}},{"type":"Feature","properties":{"cell_id":"r102c063","latitude":59.92597,"longitude":10.74752},"geometry":{"type":"Polygon","coordinates":[[[10.74439,59.924478],[10.75065,59.924478],[10.75065,59.927463],[10.74439,59.927463],[10.74439,59.924478]]]}},{"type":"Feature","properties":{"cell_id":"r102c064","latitude":59.92597,"longitude":10.75378},"geometry":{"type":"Polygon","coordinates":[[[10.75065,59.924478],[10.756911,59.924478],[10.756911,59.927463],[10.75065,59.927463],[10.75065,59.924478]]]}},{"type":"Feature","properties":{"cell_id":"r102c065","latitude":59.92597,"longitude":10.760041},"geometry":{"type":"Polygon","coordinates":[[[10.756911,59.924478],[10.763171,59.924478],[10.763171,59.927463],[10.756911,59.927463],[10.756911,59.924478]]]}},{"type":"Feature","properties":{"cell_id":"r102c066","latitude":59.92597,"longitude":10.766301},"geometry":{"type":"Polygon","coordinates":[[[10.763171,59.924478],[10.769431,59.924478],[10.769431,59.927463],[10.763171,59.927463],[10.763171,59.924478]]]}},{"type":"Feature","properties":{"cell_id":"r102c067","latitude":59.92597,"longitude":10.772561},"geometry":{"type":"Polygon","coordinates":[[[10.769431,59.924478],[10.775691,59.924478],[10.775691,59.927463],[10.769431,59.927463],[10.769431,59.924478]]]}},{"type":"Feature","properties":{"cell_id":"r102c068","latitude":59.92597,"longitude":10.778821},"geometry":{"type":"Polygon","coordinates":[[[10.775691,59.924478],[10.781951,59.924478],[10.781951,59.927463],[10.775691,59.927463],[10.775691,59.924478]]]}},{"type":"Feature","properties":{"cell_id":"r102c069","latitude":59.92597,"longitude":10.785081},"geometry":{"type":"Polygon","coordinates":[[[10.781951,59.924478],[10.788211,59.924478],[10.788211,59.927463],[10.781951,59.927463],[10.781951,59.924478]]]}},{"type":"Feature","properties":{"cell_id":"r102c070","latitude":59.92597,"longitude":10.791341},"geometry":{"type":"Polygon","coordinates":[[[10.788211,59.924478],[10.794472,59.924478],[10.794472,59.927463],[10.788211,59.927463],[10.788211,59.924478]]]}},{"type":"Feature","properties":{"cell_id":"r102c071","latitude":59.92597,"longitude":10.797602},"geometry":{"type":"Polygon","coordinates":[[[10.794472,59.924478],[10.800732,59.924478],[10.800732,59.927463],[10.794472,59.927463],[10.794472,59.924478]]]}},{"type":"Feature","properties":{"cell_id":"r102c072","latitude":59.92597,"longitude":10.803862},"geometry":{"type":"Polygon","coordinates":[[[10.800732,59.924478],[10.806992,59.924478],[10.806992,59.927463],[10.800732,59.927463],[10.800732,59.924478]]]}},{"type":"Feature","properties":{"cell_id":"r102c073","latitude":59.92597,"longitude":10.810122},"geometry":{"type":"Polygon","coordinates":[[[10.806992,59.924478],[10.813252,59.924478],[10.813252,59.927463],[10.806992,59.927463],[10.806992,59.924478]]]}},{"type":"Feature","properties":{"cell_id":"r102c074","latitude":59.92597,"longitude":10.816382},"geometry":{"type":"Polygon","coordinates":[[[10.813252,59.924478],[10.819512,59.924478],[10.819512,59.927463],[10.813252,59.927463],[10.813252,59.924478]]]}},{"type":"Feature","properties":{"cell_id":"r102c075","latitude":59.92597,"longitude":10.822642},"geometry":{"type":"Polygon","coordinates":[[[10.819512,59.924478],[10.825772,59.924478],[10.825772,59.927463],[10.819512,59.927463],[10.819512,59.924478]]]}},{"type":"Feature","properties":{"cell_id":"r102c076","latitude":59.92597,"longitude":10.828902},"geometry":{"type":"Polygon","coordinates":[[[10.825772,59.924478],[10.832033,59.924478],[10.832033,59.927463],[10.825772,59.927463],[10.825772,59.924478]]]}},{"type":"Feature","properties":{"cell_id":"r102c077","latitude":59.92597,"longitude":10.835163},"geometry":{"type":"Polygon","coordinates":[[[10.832033,59.924478],[10.838293,59.924478],[10.838293,59.927463],[10.832033,59.927463],[10.832033,59.924478]]]}},{"type":"Feature","properties":{"cell_id":"r102c078","latitude":59.92597,"longitude":10.841423},"geometry":{"type":"Polygon","coordinates":[[[10.838293,59.924478],[10.844553,59.924478],[10.844553,59.927463],[10.838293,59.927463],[10.838293,59.924478]]]}},{"type":"Feature","properties":{"cell_id":"r102c079","latitude":59.92597,"longitude":10.847683},"geometry":{"type":"Polygon","coordinates":[[[10.844553,59.924478],[10.850813,59.924478],[10.850813,59.927463],[10.844553,59.927463],[10.844553,59.924478]]]}},{"type":"Feature","properties":{"cell_id":"r102c080","latitude":59.92597,"longitude":10.853943},"geometry":{"type":"Polygon","coordinates":[[[10.850813,59.924478],[10.857073,59.924478],[10.857073,59.927463],[10.850813,59.927463],[10.850813,59.924478]]]}},{"type":"Feature","properties":{"cell_id":"r102c081","latitude":59.92597,"longitude":10.860203},"geometry":{"type":"Polygon","coordinates":[[[10.857073,59.924478],[10.863333,59.924478],[10.863333,59.927463],[10.857073,59.927463],[10.857073,59.924478]]]}},{"type":"Feature","properties":{"cell_id":"r102c082","latitude":59.92597,"longitude":10.866463},"geometry":{"type":"Polygon","coordinates":[[[10.863333,59.924478],[10.869593,59.924478],[10.869593,59.927463],[10.863333,59.927463],[10.863333,59.924478]]]}},{"type":"Feature","properties":{"cell_id":"r102c083","latitude":59.92597,"longitude":10.872724},"geometry":{"type":"Polygon","coordinates":[[[10.869593,59.924478],[10.875854,59.924478],[10.875854,59.927463],[10.869593,59.927463],[10.869593,59.924478]]]}},{"type":"Feature","properties":{"cell_id":"r102c084","latitude":59.92597,"longitude":10.878984},"geometry":{"type":"Polygon","coordinates":[[[10.875854,59.924478],[10.882114,59.924478],[10.882114,59.927463],[10.875854,59.927463],[10.875854,59.924478]]]}},{"type":"Feature","properties":{"cell_id":"r102c092","latitude":59.92597,"longitude":10.929065},"geometry":{"type":"Polygon","coordinates":[[[10.925935,59.924478],[10.932195,59.924478],[10.932195,59.927463],[10.925935,59.927463],[10.925935,59.924478]]]}},{"type":"Feature","properties":{"cell_id":"r102c093","latitude":59.92597,"longitude":10.935325},"geometry":{"type":"Polygon","coordinates":[[[10.932195,59.924478],[10.938455,59.924478],[10.938455,59.927463],[10.932195,59.927463],[10.932195,59.924478]]]}},{"type":"Feature","properties":{"cell_id":"r102c094","latitude":59.92597,"longitude":10.941585},"geometry":{"type":"Polygon","coordinates":[[[10.938455,59.924478],[10.944715,59.924478],[10.944715,59.927463],[10.938455,59.927463],[10.938455,59.924478]]]}},{"type":"Feature","properties":{"cell_id":"r102c095","latitude":59.92597,"longitude":10.947846},"geometry":{"type":"Polygon","coordinates":[[[10.944715,59.924478],[10.950976,59.924478],[10.950976,59.927463],[10.944715,59.927463],[10.944715,59.924478]]]}},{"type":"Feature","properties":{"cell_id":"r102c096","latitude":59.92597,"longitude":10.954106},"geometry":{"type":"Polygon","coordinates":[[[10.950976,59.924478],[10.957236,59.924478],[10.957236,59.927463],[10.950976,59.927463],[10.950976,59.924478]]]}},{"type":"Feature","properties":{"cell_id":"r102c097","latitude":59.92597,"longitude":10.960366},"geometry":{"type":"Polygon","coordinates":[[[10.957236,59.924478],[10.963496,59.924478],[10.963496,59.927463],[10.957236,59.927463],[10.957236,59.924478]]]}},{"type":"Feature","properties":{"cell_id":"r102c098","latitude":59.92597,"longitude":10.966626},"geometry":{"type":"Polygon","coordinates":[[[10.963496,59.924478],[10.969756,59.924478],[10.969756,59.927463],[10.963496,59.927463],[10.963496,59.924478]]]}},{"type":"Feature","properties":{"cell_id":"r102c101","latitude":59.92597,"longitude":10.985407},"geometry":{"type":"Polygon","coordinates":[[[10.982276,59.924478],[10.988537,59.924478],[10.988537,59.927463],[10.982276,59.927463],[10.982276,59.924478]]]}},{"type":"Feature","properties":{"cell_id":"r102c113","latitude":59.92597,"longitude":11.060528},"geometry":{"type":"Polygon","coordinates":[[[11.057398,59.924478],[11.063659,59.924478],[11.063659,59.927463],[11.057398,59.927463],[11.057398,59.924478]]]}},{"type":"Feature","properties":{"cell_id":"r102c114","latitude":59.92597,"longitude":11.066789},"geometry":{"type":"Polygon","coordinates":[[[11.063659,59.924478],[11.069919,59.924478],[11.069919,59.927463],[11.063659,59.927463],[11.063659,59.924478]]]}},{"type":"Feature","properties":{"cell_id":"r103c015","latitude":59.928955,"longitude":10.447033},"geometry":{"type":"Polygon","coordinates":[[[10.443902,59.927463],[10.450163,59.927463],[10.450163,59.930448],[10.443902,59.930448],[10.443902,59.927463]]]}},{"type":"Feature","properties":{"cell_id":"r103c018","latitude":59.928955,"longitude":10.465813},"geometry":{"type":"Polygon","coordinates":[[[10.462683,59.927463],[10.468943,59.927463],[10.468943,59.930448],[10.462683,59.930448],[10.462683,59.927463]]]}},{"type":"Feature","properties":{"cell_id":"r103c019","latitude":59.928955,"longitude":10.472073},"geometry":{"type":"Polygon","coordinates":[[[10.468943,59.927463],[10.475203,59.927463],[10.475203,59.930448],[10.468943,59.930448],[10.468943,59.927463]]]}},{"type":"Feature","properties":{"cell_id":"r103c020","latitude":59.928955,"longitude":10.478333},"geometry":{"type":"Polygon","coordinates":[[[10.475203,59.927463],[10.481463,59.927463],[10.481463,59.930448],[10.475203,59.930448],[10.475203,59.927463]]]}},{"type":"Feature","properties":{"cell_id":"r103c021","latitude":59.928955,"longitude":10.484593},"geometry":{"type":"Polygon","coordinates":[[[10.481463,59.927463],[10.487724,59.927463],[10.487724,59.930448],[10.481463,59.930448],[10.481463,59.927463]]]}},{"type":"Feature","properties":{"cell_id":"r103c022","latitude":59.928955,"longitude":10.490854},"geometry":{"type":"Polygon","coordinates":[[[10.487724,59.927463],[10.493984,59.927463],[10.493984,59.930448],[10.487724,59.930448],[10.487724,59.927463]]]}},{"type":"Feature","properties":{"cell_id":"r103c032","latitude":59.928955,"longitude":10.553455},"geometry":{"type":"Polygon","coordinates":[[[10.550325,59.927463],[10.556585,59.927463],[10.556585,59.930448],[10.550325,59.930448],[10.550325,59.927463]]]}},{"type":"Feature","properties":{"cell_id":"r103c033","latitude":59.928955,"longitude":10.559715},"geometry":{"type":"Polygon","coordinates":[[[10.556585,59.927463],[10.562846,59.927463],[10.562846,59.930448],[10.556585,59.930448],[10.556585,59.927463]]]}},{"type":"Feature","properties":{"cell_id":"r103c036","latitude":59.928955,"longitude":10.578496},"geometry":{"type":"Polygon","coordinates":[[[10.575366,59.927463],[10.581626,59.927463],[10.581626,59.930448],[10.575366,59.930448],[10.575366,59.927463]]]}},{"type":"Feature","properties":{"cell_id":"r103c037","latitude":59.928955,"longitude":10.584756},"geometry":{"type":"Polygon","coordinates":[[[10.581626,59.927463],[10.587886,59.927463],[10.587886,59.930448],[10.581626,59.930448],[10.581626,59.927463]]]}},{"type":"Feature","properties":{"cell_id":"r103c038","latitude":59.928955,"longitude":10.591016},"geometry":{"type":"Polygon","coordinates":[[[10.587886,59.927463],[10.594146,59.927463],[10.594146,59.930448],[10.587886,59.930448],[10.587886,59.927463]]]}},{"type":"Feature","properties":{"cell_id":"r103c039","latitude":59.928955,"longitude":10.597276},"geometry":{"type":"Polygon","coordinates":[[[10.594146,59.927463],[10.600407,59.927463],[10.600407,59.930448],[10.594146,59.930448],[10.594146,59.927463]]]}},{"type":"Feature","properties":{"cell_id":"r103c040","latitude":59.928955,"longitude":10.603537},"geometry":{"type":"Polygon","coordinates":[[[10.600407,59.927463],[10.606667,59.927463],[10.606667,59.930448],[10.600407,59.930448],[10.600407,59.927463]]]}},{"type":"Feature","properties":{"cell_id":"r103c041","latitude":59.928955,"longitude":10.609797},"geometry":{"type":"Polygon","coordinates":[[[10.606667,59.927463],[10.612927,59.927463],[10.612927,59.930448],[10.606667,59.930448],[10.606667,59.927463]]]}},{"type":"Feature","properties":{"cell_id":"r103c042","latitude":59.928955,"longitude":10.616057},"geometry":{"type":"Polygon","coordinates":[[[10.612927,59.927463],[10.619187,59.927463],[10.619187,59.930448],[10.612927,59.930448],[10.612927,59.927463]]]}},{"type":"Feature","properties":{"cell_id":"r103c043","latitude":59.928955,"longitude":10.622317},"geometry":{"type":"Polygon","coordinates":[[[10.619187,59.927463],[10.625447,59.927463],[10.625447,59.930448],[10.619187,59.930448],[10.619187,59.927463]]]}},{"type":"Feature","properties":{"cell_id":"r103c044","latitude":59.928955,"longitude":10.628577},"geometry":{"type":"Polygon","coordinates":[[[10.625447,59.927463],[10.631707,59.927463],[10.631707,59.930448],[10.625447,59.930448],[10.625447,59.927463]]]}},{"type":"Feature","properties":{"cell_id":"r103c045","latitude":59.928955,"longitude":10.634837},"geometry":{"type":"Polygon","coordinates":[[[10.631707,59.927463],[10.637967,59.927463],[10.637967,59.930448],[10.631707,59.930448],[10.631707,59.927463]]]}},{"type":"Feature","properties":{"cell_id":"r103c046","latitude":59.928955,"longitude":10.641098},"geometry":{"type":"Polygon","coordinates":[[[10.637967,59.927463],[10.644228,59.927463],[10.644228,59.930448],[10.637967,59.930448],[10.637967,59.927463]]]}},{"type":"Feature","properties":{"cell_id":"r103c047","latitude":59.928955,"longitude":10.647358},"geometry":{"type":"Polygon","coordinates":[[[10.644228,59.927463],[10.650488,59.927463],[10.650488,59.930448],[10.644228,59.930448],[10.644228,59.927463]]]}},{"type":"Feature","properties":{"cell_id":"r103c048","latitude":59.928955,"longitude":10.653618},"geometry":{"type":"Polygon","coordinates":[[[10.650488,59.927463],[10.656748,59.927463],[10.656748,59.930448],[10.650488,59.930448],[10.650488,59.927463]]]}},{"type":"Feature","properties":{"cell_id":"r103c049","latitude":59.928955,"longitude":10.659878},"geometry":{"type":"Polygon","coordinates":[[[10.656748,59.927463],[10.663008,59.927463],[10.663008,59.930448],[10.656748,59.930448],[10.656748,59.927463]]]}},{"type":"Feature","properties":{"cell_id":"r103c050","latitude":59.928955,"longitude":10.666138},"geometry":{"type":"Polygon","coordinates":[[[10.663008,59.927463],[10.669268,59.927463],[10.669268,59.930448],[10.663008,59.930448],[10.663008,59.927463]]]}},{"type":"Feature","properties":{"cell_id":"r103c051","latitude":59.928955,"longitude":10.672398},"geometry":{"type":"Polygon","coordinates":[[[10.669268,59.927463],[10.675528,59.927463],[10.675528,59.930448],[10.669268,59.930448],[10.669268,59.927463]]]}},{"type":"Feature","properties":{"cell_id":"r103c052","latitude":59.928955,"longitude":10.678659},"geometry":{"type":"Polygon","coordinates":[[[10.675528,59.927463],[10.681789,59.927463],[10.681789,59.930448],[10.675528,59.930448],[10.675528,59.927463]]]}},{"type":"Feature","properties":{"cell_id":"r103c053","latitude":59.928955,"longitude":10.684919},"geometry":{"type":"Polygon","coordinates":[[[10.681789,59.927463],[10.688049,59.927463],[10.688049,59.930448],[10.681789,59.930448],[10.681789,59.927463]]]}},{"type":"Feature","properties":{"cell_id":"r103c054","latitude":59.928955,"longitude":10.691179},"geometry":{"type":"Polygon","coordinates":[[[10.688049,59.927463],[10.694309,59.927463],[10.694309,59.930448],[10.688049,59.930448],[10.688049,59.927463]]]}},{"type":"Feature","properties":{"cell_id":"r103c055","latitude":59.928955,"longitude":10.697439},"geometry":{"type":"Polygon","coordinates":[[[10.694309,59.927463],[10.700569,59.927463],[10.700569,59.930448],[10.694309,59.930448],[10.694309,59.927463]]]}},{"type":"Feature","properties":{"cell_id":"r103c056","latitude":59.928955,"longitude":10.703699},"geometry":{"type":"Polygon","coordinates":[[[10.700569,59.927463],[10.706829,59.927463],[10.706829,59.930448],[10.700569,59.930448],[10.700569,59.927463]]]}},{"type":"Feature","properties":{"cell_id":"r103c057","latitude":59.928955,"longitude":10.709959},"geometry":{"type":"Polygon","coordinates":[[[10.706829,59.927463],[10.713089,59.927463],[10.713089,59.930448],[10.706829,59.930448],[10.706829,59.927463]]]}},{"type":"Feature","properties":{"cell_id":"r103c058","latitude":59.928955,"longitude":10.71622},"geometry":{"type":"Polygon","coordinates":[[[10.713089,59.927463],[10.71935,59.927463],[10.71935,59.930448],[10.713089,59.930448],[10.713089,59.927463]]]}},{"type":"Feature","properties":{"cell_id":"r103c059","latitude":59.928955,"longitude":10.72248},"geometry":{"type":"Polygon","coordinates":[[[10.71935,59.927463],[10.72561,59.927463],[10.72561,59.930448],[10.71935,59.930448],[10.71935,59.927463]]]}},{"type":"Feature","properties":{"cell_id":"r103c060","latitude":59.928955,"longitude":10.72874},"geometry":{"type":"Polygon","coordinates":[[[10.72561,59.927463],[10.73187,59.927463],[10.73187,59.930448],[10.72561,59.930448],[10.72561,59.927463]]]}},{"type":"Feature","properties":{"cell_id":"r103c061","latitude":59.928955,"longitude":10.735},"geometry":{"type":"Polygon","coordinates":[[[10.73187,59.927463],[10.73813,59.927463],[10.73813,59.930448],[10.73187,59.930448],[10.73187,59.927463]]]}},{"type":"Feature","properties":{"cell_id":"r103c062","latitude":59.928955,"longitude":10.74126},"geometry":{"type":"Polygon","coordinates":[[[10.73813,59.927463],[10.74439,59.927463],[10.74439,59.930448],[10.73813,59.930448],[10.73813,59.927463]]]}},{"type":"Feature","properties":{"cell_id":"r103c063","latitude":59.928955,"longitude":10.74752},"geometry":{"type":"Polygon","coordinates":[[[10.74439,59.927463],[10.75065,59.927463],[10.75065,59.930448],[10.74439,59.930448],[10.74439,59.927463]]]}},{"type":"Feature","properties":{"cell_id":"r103c064","latitude":59.928955,"longitude":10.75378},"geometry":{"type":"Polygon","coordinates":[[[10.75065,59.927463],[10.756911,59.927463],[10.756911,59.930448],[10.75065,59.930448],[10.75065,59.927463]]]}},{"type":"Feature","properties":{"cell_id":"r103c065","latitude":59.928955,"longitude":10.760041},"geometry":{"type":"Polygon","coordinates":[[[10.756911,59.927463],[10.763171,59.927463],[10.763171,59.930448],[10.756911,59.930448],[10.756911,59.927463]]]}},{"type":"Feature","properties":{"cell_id":"r103c066","latitude":59.928955,"longitude":10.766301},"geometry":{"type":"Polygon","coordinates":[[[10.763171,59.927463],[10.769431,59.927463],[10.769431,59.930448],[10.763171,59.930448],[10.763171,59.927463]]]}},{"type":"Feature","properties":{"cell_id":"r103c067","latitude":59.928955,"longitude":10.772561},"geometry":{"type":"Polygon","coordinates":[[[10.769431,59.927463],[10.775691,59.927463],[10.775691,59.930448],[10.769431,59.930448],[10.769431,59.927463]]]}},{"type":"Feature","properties":{"cell_id":"r103c068","latitude":59.928955,"longitude":10.778821},"geometry":{"type":"Polygon","coordinates":[[[10.775691,59.927463],[10.781951,59.927463],[10.781951,59.930448],[10.775691,59.930448],[10.775691,59.927463]]]}},{"type":"Feature","properties":{"cell_id":"r103c069","latitude":59.928955,"longitude":10.785081},"geometry":{"type":"Polygon","coordinates":[[[10.781951,59.927463],[10.788211,59.927463],[10.788211,59.930448],[10.781951,59.930448],[10.781951,59.927463]]]}},{"type":"Feature","properties":{"cell_id":"r103c070","latitude":59.928955,"longitude":10.791341},"geometry":{"type":"Polygon","coordinates":[[[10.788211,59.927463],[10.794472,59.927463],[10.794472,59.930448],[10.788211,59.930448],[10.788211,59.927463]]]}},{"type":"Feature","properties":{"cell_id":"r103c071","latitude":59.928955,"longitude":10.797602},"geometry":{"type":"Polygon","coordinates":[[[10.794472,59.927463],[10.800732,59.927463],[10.800732,59.930448],[10.794472,59.930448],[10.794472,59.927463]]]}},{"type":"Feature","properties":{"cell_id":"r103c072","latitude":59.928955,"longitude":10.803862},"geometry":{"type":"Polygon","coordinates":[[[10.800732,59.927463],[10.806992,59.927463],[10.806992,59.930448],[10.800732,59.930448],[10.800732,59.927463]]]}},{"type":"Feature","properties":{"cell_id":"r103c073","latitude":59.928955,"longitude":10.810122},"geometry":{"type":"Polygon","coordinates":[[[10.806992,59.927463],[10.813252,59.927463],[10.813252,59.930448],[10.806992,59.930448],[10.806992,59.927463]]]}},{"type":"Feature","properties":{"cell_id":"r103c074","latitude":59.928955,"longitude":10.816382},"geometry":{"type":"Polygon","coordinates":[[[10.813252,59.927463],[10.819512,59.927463],[10.819512,59.930448],[10.813252,59.930448],[10.813252,59.927463]]]}},{"type":"Feature","properties":{"cell_id":"r103c075","latitude":59.928955,"longitude":10.822642},"geometry":{"type":"Polygon","coordinates":[[[10.819512,59.927463],[10.825772,59.927463],[10.825772,59.930448],[10.819512,59.930448],[10.819512,59.927463]]]}},{"type":"Feature","properties":{"cell_id":"r103c076","latitude":59.928955,"longitude":10.828902},"geometry":{"type":"Polygon","coordinates":[[[10.825772,59.927463],[10.832033,59.927463],[10.832033,59.930448],[10.825772,59.930448],[10.825772,59.927463]]]}},{"type":"Feature","properties":{"cell_id":"r103c077","latitude":59.928955,"longitude":10.835163},"geometry":{"type":"Polygon","coordinates":[[[10.832033,59.927463],[10.838293,59.927463],[10.838293,59.930448],[10.832033,59.930448],[10.832033,59.927463]]]}},{"type":"Feature","properties":{"cell_id":"r103c078","latitude":59.928955,"longitude":10.841423},"geometry":{"type":"Polygon","coordinates":[[[10.838293,59.927463],[10.844553,59.927463],[10.844553,59.930448],[10.838293,59.930448],[10.838293,59.927463]]]}},{"type":"Feature","properties":{"cell_id":"r103c079","latitude":59.928955,"longitude":10.847683},"geometry":{"type":"Polygon","coordinates":[[[10.844553,59.927463],[10.850813,59.927463],[10.850813,59.930448],[10.844553,59.930448],[10.844553,59.927463]]]}},{"type":"Feature","properties":{"cell_id":"r103c080","latitude":59.928955,"longitude":10.853943},"geometry":{"type":"Polygon","coordinates":[[[10.850813,59.927463],[10.857073,59.927463],[10.857073,59.930448],[10.850813,59.930448],[10.850813,59.927463]]]}},{"type":"Feature","properties":{"cell_id":"r103c081","latitude":59.928955,"longitude":10.860203},"geometry":{"type":"Polygon","coordinates":[[[10.857073,59.927463],[10.863333,59.927463],[10.863333,59.930448],[10.857073,59.930448],[10.857073,59.927463]]]}},{"type":"Feature","properties":{"cell_id":"r103c082","latitude":59.928955,"longitude":10.866463},"geometry":{"type":"Polygon","coordinates":[[[10.863333,59.927463],[10.869593,59.927463],[10.869593,59.930448],[10.863333,59.930448],[10.863333,59.927463]]]}},{"type":"Feature","properties":{"cell_id":"r103c083","latitude":59.928955,"longitude":10.872724},"geometry":{"type":"Polygon","coordinates":[[[10.869593,59.927463],[10.875854,59.927463],[10.875854,59.930448],[10.869593,59.930448],[10.869593,59.927463]]]}},{"type":"Feature","properties":{"cell_id":"r103c084","latitude":59.928955,"longitude":10.878984},"geometry":{"type":"Polygon","coordinates":[[[10.875854,59.927463],[10.882114,59.927463],[10.882114,59.930448],[10.875854,59.930448],[10.875854,59.927463]]]}},{"type":"Feature","properties":{"cell_id":"r103c085","latitude":59.928955,"longitude":10.885244},"geometry":{"type":"Polygon","coordinates":[[[10.882114,59.927463],[10.888374,59.927463],[10.888374,59.930448],[10.882114,59.930448],[10.882114,59.927463]]]}},{"type":"Feature","properties":{"cell_id":"r103c090","latitude":59.928955,"longitude":10.916545},"geometry":{"type":"Polygon","coordinates":[[[10.913415,59.927463],[10.919675,59.927463],[10.919675,59.930448],[10.913415,59.930448],[10.913415,59.927463]]]}},{"type":"Feature","properties":{"cell_id":"r103c092","latitude":59.928955,"longitude":10.929065},"geometry":{"type":"Polygon","coordinates":[[[10.925935,59.927463],[10.932195,59.927463],[10.932195,59.930448],[10.925935,59.930448],[10.925935,59.927463]]]}},{"type":"Feature","properties":{"cell_id":"r103c093","latitude":59.928955,"longitude":10.935325},"geometry":{"type":"Polygon","coordinates":[[[10.932195,59.927463],[10.938455,59.927463],[10.938455,59.930448],[10.932195,59.930448],[10.932195,59.927463]]]}},{"type":"Feature","properties":{"cell_id":"r103c094","latitude":59.928955,"longitude":10.941585},"geometry":{"type":"Polygon","coordinates":[[[10.938455,59.927463],[10.944715,59.927463],[10.944715,59.930448],[10.938455,59.930448],[10.938455,59.927463]]]}},{"type":"Feature","properties":{"cell_id":"r103c095","latitude":59.928955,"longitude":10.947846},"geometry":{"type":"Polygon","coordinates":[[[10.944715,59.927463],[10.950976,59.927463],[10.950976,59.930448],[10.944715,59.930448],[10.944715,59.927463]]]}},{"type":"Feature","properties":{"cell_id":"r103c096","latitude":59.928955,"longitude":10.954106},"geometry":{"type":"Polygon","coordinates":[[[10.950976,59.927463],[10.957236,59.927463],[10.957236,59.930448],[10.950976,59.930448],[10.950976,59.927463]]]}},{"type":"Feature","properties":{"cell_id":"r103c097","latitude":59.928955,"longitude":10.960366},"geometry":{"type":"Polygon","coordinates":[[[10.957236,59.927463],[10.963496,59.927463],[10.963496,59.930448],[10.957236,59.930448],[10.957236,59.927463]]]}},{"type":"Feature","properties":{"cell_id":"r103c098","latitude":59.928955,"longitude":10.966626},"geometry":{"type":"Polygon","coordinates":[[[10.963496,59.927463],[10.969756,59.927463],[10.969756,59.930448],[10.963496,59.930448],[10.963496,59.927463]]]}},{"type":"Feature","properties":{"cell_id":"r103c102","latitude":59.928955,"longitude":10.991667},"geometry":{"type":"Polygon","coordinates":[[[10.988537,59.927463],[10.994797,59.927463],[10.994797,59.930448],[10.988537,59.930448],[10.988537,59.927463]]]}},{"type":"Feature","properties":{"cell_id":"r103c103","latitude":59.928955,"longitude":10.997927},"geometry":{"type":"Polygon","coordinates":[[[10.994797,59.927463],[11.001057,59.927463],[11.001057,59.930448],[10.994797,59.930448],[10.994797,59.927463]]]}},{"type":"Feature","properties":{"cell_id":"r103c114","latitude":59.928955,"longitude":11.066789},"geometry":{"type":"Polygon","coordinates":[[[11.063659,59.927463],[11.069919,59.927463],[11.069919,59.930448],[11.063659,59.930448],[11.063659,59.927463]]]}},{"type":"Feature","properties":{"cell_id":"r103c116","latitude":59.928955,"longitude":11.079309},"geometry":{"type":"Polygon","coordinates":[[[11.076179,59.927463],[11.082439,59.927463],[11.082439,59.930448],[11.076179,59.930448],[11.076179,59.927463]]]}},{"type":"Feature","properties":{"cell_id":"r104c018","latitude":59.93194,"longitude":10.465813},"geometry":{"type":"Polygon","coordinates":[[[10.462683,59.930448],[10.468943,59.930448],[10.468943,59.933433],[10.462683,59.933433],[10.462683,59.930448]]]}},{"type":"Feature","properties":{"cell_id":"r104c019","latitude":59.93194,"longitude":10.472073},"geometry":{"type":"Polygon","coordinates":[[[10.468943,59.930448],[10.475203,59.930448],[10.475203,59.933433],[10.468943,59.933433],[10.468943,59.930448]]]}},{"type":"Feature","properties":{"cell_id":"r104c020","latitude":59.93194,"longitude":10.478333},"geometry":{"type":"Polygon","coordinates":[[[10.475203,59.930448],[10.481463,59.930448],[10.481463,59.933433],[10.475203,59.933433],[10.475203,59.930448]]]}},{"type":"Feature","properties":{"cell_id":"r104c021","latitude":59.93194,"longitude":10.484593},"geometry":{"type":"Polygon","coordinates":[[[10.481463,59.930448],[10.487724,59.930448],[10.487724,59.933433],[10.481463,59.933433],[10.481463,59.930448]]]}},{"type":"Feature","properties":{"cell_id":"r104c032","latitude":59.93194,"longitude":10.553455},"geometry":{"type":"Polygon","coordinates":[[[10.550325,59.930448],[10.556585,59.930448],[10.556585,59.933433],[10.550325,59.933433],[10.550325,59.930448]]]}},{"type":"Feature","properties":{"cell_id":"r104c033","latitude":59.93194,"longitude":10.559715},"geometry":{"type":"Polygon","coordinates":[[[10.556585,59.930448],[10.562846,59.930448],[10.562846,59.933433],[10.556585,59.933433],[10.556585,59.930448]]]}},{"type":"Feature","properties":{"cell_id":"r104c036","latitude":59.93194,"longitude":10.578496},"geometry":{"type":"Polygon","coordinates":[[[10.575366,59.930448],[10.581626,59.930448],[10.581626,59.933433],[10.575366,59.933433],[10.575366,59.930448]]]}},{"type":"Feature","properties":{"cell_id":"r104c037","latitude":59.93194,"longitude":10.584756},"geometry":{"type":"Polygon","coordinates":[[[10.581626,59.930448],[10.587886,59.930448],[10.587886,59.933433],[10.581626,59.933433],[10.581626,59.930448]]]}},{"type":"Feature","properties":{"cell_id":"r104c038","latitude":59.93194,"longitude":10.591016},"geometry":{"type":"Polygon","coordinates":[[[10.587886,59.930448],[10.594146,59.930448],[10.594146,59.933433],[10.587886,59.933433],[10.587886,59.930448]]]}},{"type":"Feature","properties":{"cell_id":"r104c039","latitude":59.93194,"longitude":10.597276},"geometry":{"type":"Polygon","coordinates":[[[10.594146,59.930448],[10.600407,59.930448],[10.600407,59.933433],[10.594146,59.933433],[10.594146,59.930448]]]}},{"type":"Feature","properties":{"cell_id":"r104c040","latitude":59.93194,"longitude":10.603537},"geometry":{"type":"Polygon","coordinates":[[[10.600407,59.930448],[10.606667,59.930448],[10.606667,59.933433],[10.600407,59.933433],[10.600407,59.930448]]]}},{"type":"Feature","properties":{"cell_id":"r104c041","latitude":59.93194,"longitude":10.609797},"geometry":{"type":"Polygon","coordinates":[[[10.606667,59.930448],[10.612927,59.930448],[10.612927,59.933433],[10.606667,59.933433],[10.606667,59.930448]]]}},{"type":"Feature","properties":{"cell_id":"r104c042","latitude":59.93194,"longitude":10.616057},"geometry":{"type":"Polygon","coordinates":[[[10.612927,59.930448],[10.619187,59.930448],[10.619187,59.933433],[10.612927,59.933433],[10.612927,59.930448]]]}},{"type":"Feature","properties":{"cell_id":"r104c043","latitude":59.93194,"longitude":10.622317},"geometry":{"type":"Polygon","coordinates":[[[10.619187,59.930448],[10.625447,59.930448],[10.625447,59.933433],[10.619187,59.933433],[10.619187,59.930448]]]}},{"type":"Feature","properties":{"cell_id":"r104c044","latitude":59.93194,"longitude":10.628577},"geometry":{"type":"Polygon","coordinates":[[[10.625447,59.930448],[10.631707,59.930448],[10.631707,59.933433],[10.625447,59.933433],[10.625447,59.930448]]]}},{"type":"Feature","properties":{"cell_id":"r104c045","latitude":59.93194,"longitude":10.634837},"geometry":{"type":"Polygon","coordinates":[[[10.631707,59.930448],[10.637967,59.930448],[10.637967,59.933433],[10.631707,59.933433],[10.631707,59.930448]]]}},{"type":"Feature","properties":{"cell_id":"r104c046","latitude":59.93194,"longitude":10.641098},"geometry":{"type":"Polygon","coordinates":[[[10.637967,59.930448],[10.644228,59.930448],[10.644228,59.933433],[10.637967,59.933433],[10.637967,59.930448]]]}},{"type":"Feature","properties":{"cell_id":"r104c047","latitude":59.93194,"longitude":10.647358},"geometry":{"type":"Polygon","coordinates":[[[10.644228,59.930448],[10.650488,59.930448],[10.650488,59.933433],[10.644228,59.933433],[10.644228,59.930448]]]}},{"type":"Feature","properties":{"cell_id":"r104c048","latitude":59.93194,"longitude":10.653618},"geometry":{"type":"Polygon","coordinates":[[[10.650488,59.930448],[10.656748,59.930448],[10.656748,59.933433],[10.650488,59.933433],[10.650488,59.930448]]]}},{"type":"Feature","properties":{"cell_id":"r104c049","latitude":59.93194,"longitude":10.659878},"geometry":{"type":"Polygon","coordinates":[[[10.656748,59.930448],[10.663008,59.930448],[10.663008,59.933433],[10.656748,59.933433],[10.656748,59.930448]]]}},{"type":"Feature","properties":{"cell_id":"r104c050","latitude":59.93194,"longitude":10.666138},"geometry":{"type":"Polygon","coordinates":[[[10.663008,59.930448],[10.669268,59.930448],[10.669268,59.933433],[10.663008,59.933433],[10.663008,59.930448]]]}},{"type":"Feature","properties":{"cell_id":"r104c051","latitude":59.93194,"longitude":10.672398},"geometry":{"type":"Polygon","coordinates":[[[10.669268,59.930448],[10.675528,59.930448],[10.675528,59.933433],[10.669268,59.933433],[10.669268,59.930448]]]}},{"type":"Feature","properties":{"cell_id":"r104c052","latitude":59.93194,"longitude":10.678659},"geometry":{"type":"Polygon","coordinates":[[[10.675528,59.930448],[10.681789,59.930448],[10.681789,59.933433],[10.675528,59.933433],[10.675528,59.930448]]]}},{"type":"Feature","properties":{"cell_id":"r104c053","latitude":59.93194,"longitude":10.684919},"geometry":{"type":"Polygon","coordinates":[[[10.681789,59.930448],[10.688049,59.930448],[10.688049,59.933433],[10.681789,59.933433],[10.681789,59.930448]]]}},{"type":"Feature","properties":{"cell_id":"r104c054","latitude":59.93194,"longitude":10.691179},"geometry":{"type":"Polygon","coordinates":[[[10.688049,59.930448],[10.694309,59.930448],[10.694309,59.933433],[10.688049,59.933433],[10.688049,59.930448]]]}},{"type":"Feature","properties":{"cell_id":"r104c055","latitude":59.93194,"longitude":10.697439},"geometry":{"type":"Polygon","coordinates":[[[10.694309,59.930448],[10.700569,59.930448],[10.700569,59.933433],[10.694309,59.933433],[10.694309,59.930448]]]}},{"type":"Feature","properties":{"cell_id":"r104c056","latitude":59.93194,"longitude":10.703699},"geometry":{"type":"Polygon","coordinates":[[[10.700569,59.930448],[10.706829,59.930448],[10.706829,59.933433],[10.700569,59.933433],[10.700569,59.930448]]]}},{"type":"Feature","properties":{"cell_id":"r104c057","latitude":59.93194,"longitude":10.709959},"geometry":{"type":"Polygon","coordinates":[[[10.706829,59.930448],[10.713089,59.930448],[10.713089,59.933433],[10.706829,59.933433],[10.706829,59.930448]]]}},{"type":"Feature","properties":{"cell_id":"r104c058","latitude":59.93194,"longitude":10.71622},"geometry":{"type":"Polygon","coordinates":[[[10.713089,59.930448],[10.71935,59.930448],[10.71935,59.933433],[10.713089,59.933433],[10.713089,59.930448]]]}},{"type":"Feature","properties":{"cell_id":"r104c059","latitude":59.93194,"longitude":10.72248},"geometry":{"type":"Polygon","coordinates":[[[10.71935,59.930448],[10.72561,59.930448],[10.72561,59.933433],[10.71935,59.933433],[10.71935,59.930448]]]}},{"type":"Feature","properties":{"cell_id":"r104c060","latitude":59.93194,"longitude":10.72874},"geometry":{"type":"Polygon","coordinates":[[[10.72561,59.930448],[10.73187,59.930448],[10.73187,59.933433],[10.72561,59.933433],[10.72561,59.930448]]]}},{"type":"Feature","properties":{"cell_id":"r104c061","latitude":59.93194,"longitude":10.735},"geometry":{"type":"Polygon","coordinates":[[[10.73187,59.930448],[10.73813,59.930448],[10.73813,59.933433],[10.73187,59.933433],[10.73187,59.930448]]]}},{"type":"Feature","properties":{"cell_id":"r104c062","latitude":59.93194,"longitude":10.74126},"geometry":{"type":"Polygon","coordinates":[[[10.73813,59.930448],[10.74439,59.930448],[10.74439,59.933433],[10.73813,59.933433],[10.73813,59.930448]]]}},{"type":"Feature","properties":{"cell_id":"r104c063","latitude":59.93194,"longitude":10.74752},"geometry":{"type":"Polygon","coordinates":[[[10.74439,59.930448],[10.75065,59.930448],[10.75065,59.933433],[10.74439,59.933433],[10.74439,59.930448]]]}},{"type":"Feature","properties":{"cell_id":"r104c064","latitude":59.93194,"longitude":10.75378},"geometry":{"type":"Polygon","coordinates":[[[10.75065,59.930448],[10.756911,59.930448],[10.756911,59.933433],[10.75065,59.933433],[10.75065,59.930448]]]}},{"type":"Feature","properties":{"cell_id":"r104c065","latitude":59.93194,"longitude":10.760041},"geometry":{"type":"Polygon","coordinates":[[[10.756911,59.930448],[10.763171,59.930448],[10.763171,59.933433],[10.756911,59.933433],[10.756911,59.930448]]]}},{"type":"Feature","properties":{"cell_id":"r104c066","latitude":59.93194,"longitude":10.766301},"geometry":{"type":"Polygon","coordinates":[[[10.763171,59.930448],[10.769431,59.930448],[10.769431,59.933433],[10.763171,59.933433],[10.763171,59.930448]]]}},{"type":"Feature","properties":{"cell_id":"r104c067","latitude":59.93194,"longitude":10.772561},"geometry":{"type":"Polygon","coordinates":[[[10.769431,59.930448],[10.775691,59.930448],[10.775691,59.933433],[10.769431,59.933433],[10.769431,59.930448]]]}},{"type":"Feature","properties":{"cell_id":"r104c068","latitude":59.93194,"longitude":10.778821},"geometry":{"type":"Polygon","coordinates":[[[10.775691,59.930448],[10.781951,59.930448],[10.781951,59.933433],[10.775691,59.933433],[10.775691,59.930448]]]}},{"type":"Feature","properties":{"cell_id":"r104c069","latitude":59.93194,"longitude":10.785081},"geometry":{"type":"Polygon","coordinates":[[[10.781951,59.930448],[10.788211,59.930448],[10.788211,59.933433],[10.781951,59.933433],[10.781951,59.930448]]]}},{"type":"Feature","properties":{"cell_id":"r104c070","latitude":59.93194,"longitude":10.791341},"geometry":{"type":"Polygon","coordinates":[[[10.788211,59.930448],[10.794472,59.930448],[10.794472,59.933433],[10.788211,59.933433],[10.788211,59.930448]]]}},{"type":"Feature","properties":{"cell_id":"r104c071","latitude":59.93194,"longitude":10.797602},"geometry":{"type":"Polygon","coordinates":[[[10.794472,59.930448],[10.800732,59.930448],[10.800732,59.933433],[10.794472,59.933433],[10.794472,59.930448]]]}},{"type":"Feature","properties":{"cell_id":"r104c072","latitude":59.93194,"longitude":10.803862},"geometry":{"type":"Polygon","coordinates":[[[10.800732,59.930448],[10.806992,59.930448],[10.806992,59.933433],[10.800732,59.933433],[10.800732,59.930448]]]}},{"type":"Feature","properties":{"cell_id":"r104c073","latitude":59.93194,"longitude":10.810122},"geometry":{"type":"Polygon","coordinates":[[[10.806992,59.930448],[10.813252,59.930448],[10.813252,59.933433],[10.806992,59.933433],[10.806992,59.930448]]]}},{"type":"Feature","properties":{"cell_id":"r104c074","latitude":59.93194,"longitude":10.816382},"geometry":{"type":"Polygon","coordinates":[[[10.813252,59.930448],[10.819512,59.930448],[10.819512,59.933433],[10.813252,59.933433],[10.813252,59.930448]]]}},{"type":"Feature","properties":{"cell_id":"r104c075","latitude":59.93194,"longitude":10.822642},"geometry":{"type":"Polygon","coordinates":[[[10.819512,59.930448],[10.825772,59.930448],[10.825772,59.933433],[10.819512,59.933433],[10.819512,59.930448]]]}},{"type":"Feature","properties":{"cell_id":"r104c076","latitude":59.93194,"longitude":10.828902},"geometry":{"type":"Polygon","coordinates":[[[10.825772,59.930448],[10.832033,59.930448],[10.832033,59.933433],[10.825772,59.933433],[10.825772,59.930448]]]}},{"type":"Feature","properties":{"cell_id":"r104c077","latitude":59.93194,"longitude":10.835163},"geometry":{"type":"Polygon","coordinates":[[[10.832033,59.930448],[10.838293,59.930448],[10.838293,59.933433],[10.832033,59.933433],[10.832033,59.930448]]]}},{"type":"Feature","properties":{"cell_id":"r104c078","latitude":59.93194,"longitude":10.841423},"geometry":{"type":"Polygon","coordinates":[[[10.838293,59.930448],[10.844553,59.930448],[10.844553,59.933433],[10.838293,59.933433],[10.838293,59.930448]]]}},{"type":"Feature","properties":{"cell_id":"r104c079","latitude":59.93194,"longitude":10.847683},"geometry":{"type":"Polygon","coordinates":[[[10.844553,59.930448],[10.850813,59.930448],[10.850813,59.933433],[10.844553,59.933433],[10.844553,59.930448]]]}},{"type":"Feature","properties":{"cell_id":"r104c080","latitude":59.93194,"longitude":10.853943},"geometry":{"type":"Polygon","coordinates":[[[10.850813,59.930448],[10.857073,59.930448],[10.857073,59.933433],[10.850813,59.933433],[10.850813,59.930448]]]}},{"type":"Feature","properties":{"cell_id":"r104c081","latitude":59.93194,"longitude":10.860203},"geometry":{"type":"Polygon","coordinates":[[[10.857073,59.930448],[10.863333,59.930448],[10.863333,59.933433],[10.857073,59.933433],[10.857073,59.930448]]]}},{"type":"Feature","properties":{"cell_id":"r104c082","latitude":59.93194,"longitude":10.866463},"geometry":{"type":"Polygon","coordinates":[[[10.863333,59.930448],[10.869593,59.930448],[10.869593,59.933433],[10.863333,59.933433],[10.863333,59.930448]]]}},{"type":"Feature","properties":{"cell_id":"r104c083","latitude":59.93194,"longitude":10.872724},"geometry":{"type":"Polygon","coordinates":[[[10.869593,59.930448],[10.875854,59.930448],[10.875854,59.933433],[10.869593,59.933433],[10.869593,59.930448]]]}},{"type":"Feature","properties":{"cell_id":"r104c084","latitude":59.93194,"longitude":10.878984},"geometry":{"type":"Polygon","coordinates":[[[10.875854,59.930448],[10.882114,59.930448],[10.882114,59.933433],[10.875854,59.933433],[10.875854,59.930448]]]}},{"type":"Feature","properties":{"cell_id":"r104c085","latitude":59.93194,"longitude":10.885244},"geometry":{"type":"Polygon","coordinates":[[[10.882114,59.930448],[10.888374,59.930448],[10.888374,59.933433],[10.882114,59.933433],[10.882114,59.930448]]]}},{"type":"Feature","properties":{"cell_id":"r104c086","latitude":59.93194,"longitude":10.891504},"geometry":{"type":"Polygon","coordinates":[[[10.888374,59.930448],[10.894634,59.930448],[10.894634,59.933433],[10.888374,59.933433],[10.888374,59.930448]]]}},{"type":"Feature","properties":{"cell_id":"r104c090","latitude":59.93194,"longitude":10.916545},"geometry":{"type":"Polygon","coordinates":[[[10.913415,59.930448],[10.919675,59.930448],[10.919675,59.933433],[10.913415,59.933433],[10.913415,59.930448]]]}},{"type":"Feature","properties":{"cell_id":"r104c091","latitude":59.93194,"longitude":10.922805},"geometry":{"type":"Polygon","coordinates":[[[10.919675,59.930448],[10.925935,59.930448],[10.925935,59.933433],[10.919675,59.933433],[10.919675,59.930448]]]}},{"type":"Feature","properties":{"cell_id":"r104c092","latitude":59.93194,"longitude":10.929065},"geometry":{"type":"Polygon","coordinates":[[[10.925935,59.930448],[10.932195,59.930448],[10.932195,59.933433],[10.925935,59.933433],[10.925935,59.930448]]]}},{"type":"Feature","properties":{"cell_id":"r104c093","latitude":59.93194,"longitude":10.935325},"geometry":{"type":"Polygon","coordinates":[[[10.932195,59.930448],[10.938455,59.930448],[10.938455,59.933433],[10.932195,59.933433],[10.932195,59.930448]]]}},{"type":"Feature","properties":{"cell_id":"r104c094","latitude":59.93194,"longitude":10.941585},"geometry":{"type":"Polygon","coordinates":[[[10.938455,59.930448],[10.944715,59.930448],[10.944715,59.933433],[10.938455,59.933433],[10.938455,59.930448]]]}},{"type":"Feature","properties":{"cell_id":"r104c095","latitude":59.93194,"longitude":10.947846},"geometry":{"type":"Polygon","coordinates":[[[10.944715,59.930448],[10.950976,59.930448],[10.950976,59.933433],[10.944715,59.933433],[10.944715,59.930448]]]}},{"type":"Feature","properties":{"cell_id":"r104c096","latitude":59.93194,"longitude":10.954106},"geometry":{"type":"Polygon","coordinates":[[[10.950976,59.930448],[10.957236,59.930448],[10.957236,59.933433],[10.950976,59.933433],[10.950976,59.930448]]]}},{"type":"Feature","properties":{"cell_id":"r104c097","latitude":59.93194,"longitude":10.960366},"geometry":{"type":"Polygon","coordinates":[[[10.957236,59.930448],[10.963496,59.930448],[10.963496,59.933433],[10.957236,59.933433],[10.957236,59.930448]]]}},{"type":"Feature","properties":{"cell_id":"r104c098","latitude":59.93194,"longitude":10.966626},"geometry":{"type":"Polygon","coordinates":[[[10.963496,59.930448],[10.969756,59.930448],[10.969756,59.933433],[10.963496,59.933433],[10.963496,59.930448]]]}},{"type":"Feature","properties":{"cell_id":"r104c100","latitude":59.93194,"longitude":10.979146},"geometry":{"type":"Polygon","coordinates":[[[10.976016,59.930448],[10.982276,59.930448],[10.982276,59.933433],[10.976016,59.933433],[10.976016,59.930448]]]}},{"type":"Feature","properties":{"cell_id":"r104c101","latitude":59.93194,"longitude":10.985407},"geometry":{"type":"Polygon","coordinates":[[[10.982276,59.930448],[10.988537,59.930448],[10.988537,59.933433],[10.982276,59.933433],[10.982276,59.930448]]]}},{"type":"Feature","properties":{"cell_id":"r104c102","latitude":59.93194,"longitude":10.991667},"geometry":{"type":"Polygon","coordinates":[[[10.988537,59.930448],[10.994797,59.930448],[10.994797,59.933433],[10.988537,59.933433],[10.988537,59.930448]]]}},{"type":"Feature","properties":{"cell_id":"r104c103","latitude":59.93194,"longitude":10.997927},"geometry":{"type":"Polygon","coordinates":[[[10.994797,59.930448],[11.001057,59.930448],[11.001057,59.933433],[10.994797,59.933433],[10.994797,59.930448]]]}},{"type":"Feature","properties":{"cell_id":"r104c106","latitude":59.93194,"longitude":11.016707},"geometry":{"type":"Polygon","coordinates":[[[11.013577,59.930448],[11.019837,59.930448],[11.019837,59.933433],[11.013577,59.933433],[11.013577,59.930448]]]}},{"type":"Feature","properties":{"cell_id":"r104c107","latitude":59.93194,"longitude":11.022967},"geometry":{"type":"Polygon","coordinates":[[[11.019837,59.930448],[11.026098,59.930448],[11.026098,59.933433],[11.019837,59.933433],[11.019837,59.930448]]]}},{"type":"Feature","properties":{"cell_id":"r104c108","latitude":59.93194,"longitude":11.029228},"geometry":{"type":"Polygon","coordinates":[[[11.026098,59.930448],[11.032358,59.930448],[11.032358,59.933433],[11.026098,59.933433],[11.026098,59.930448]]]}},{"type":"Feature","properties":{"cell_id":"r104c109","latitude":59.93194,"longitude":11.035488},"geometry":{"type":"Polygon","coordinates":[[[11.032358,59.930448],[11.038618,59.930448],[11.038618,59.933433],[11.032358,59.933433],[11.032358,59.930448]]]}},{"type":"Feature","properties":{"cell_id":"r104c110","latitude":59.93194,"longitude":11.041748},"geometry":{"type":"Polygon","coordinates":[[[11.038618,59.930448],[11.044878,59.930448],[11.044878,59.933433],[11.038618,59.933433],[11.038618,59.930448]]]}},{"type":"Feature","properties":{"cell_id":"r104c113","latitude":59.93194,"longitude":11.060528},"geometry":{"type":"Polygon","coordinates":[[[11.057398,59.930448],[11.063659,59.930448],[11.063659,59.933433],[11.057398,59.933433],[11.057398,59.930448]]]}},{"type":"Feature","properties":{"cell_id":"r104c114","latitude":59.93194,"longitude":11.066789},"geometry":{"type":"Polygon","coordinates":[[[11.063659,59.930448],[11.069919,59.930448],[11.069919,59.933433],[11.063659,59.933433],[11.063659,59.930448]]]}},{"type":"Feature","properties":{"cell_id":"r104c115","latitude":59.93194,"longitude":11.073049},"geometry":{"type":"Polygon","coordinates":[[[11.069919,59.930448],[11.076179,59.930448],[11.076179,59.933433],[11.069919,59.933433],[11.069919,59.930448]]]}},{"type":"Feature","properties":{"cell_id":"r105c018","latitude":59.934925,"longitude":10.465813},"geometry":{"type":"Polygon","coordinates":[[[10.462683,59.933433],[10.468943,59.933433],[10.468943,59.936418],[10.462683,59.936418],[10.462683,59.933433]]]}},{"type":"Feature","properties":{"cell_id":"r105c019","latitude":59.934925,"longitude":10.472073},"geometry":{"type":"Polygon","coordinates":[[[10.468943,59.933433],[10.475203,59.933433],[10.475203,59.936418],[10.468943,59.936418],[10.468943,59.933433]]]}},{"type":"Feature","properties":{"cell_id":"r105c033","latitude":59.934925,"longitude":10.559715},"geometry":{"type":"Polygon","coordinates":[[[10.556585,59.933433],[10.562846,59.933433],[10.562846,59.936418],[10.556585,59.936418],[10.556585,59.933433]]]}},{"type":"Feature","properties":{"cell_id":"r105c037","latitude":59.934925,"longitude":10.584756},"geometry":{"type":"Polygon","coordinates":[[[10.581626,59.933433],[10.587886,59.933433],[10.587886,59.936418],[10.581626,59.936418],[10.581626,59.933433]]]}},{"type":"Feature","properties":{"cell_id":"r105c038","latitude":59.934925,"longitude":10.591016},"geometry":{"type":"Polygon","coordinates":[[[10.587886,59.933433],[10.594146,59.933433],[10.594146,59.936418],[10.587886,59.936418],[10.587886,59.933433]]]}},{"type":"Feature","properties":{"cell_id":"r105c039","latitude":59.934925,"longitude":10.597276},"geometry":{"type":"Polygon","coordinates":[[[10.594146,59.933433],[10.600407,59.933433],[10.600407,59.936418],[10.594146,59.936418],[10.594146,59.933433]]]}},{"type":"Feature","properties":{"cell_id":"r105c040","latitude":59.934925,"longitude":10.603537},"geometry":{"type":"Polygon","coordinates":[[[10.600407,59.933433],[10.606667,59.933433],[10.606667,59.936418],[10.600407,59.936418],[10.600407,59.933433]]]}},{"type":"Feature","properties":{"cell_id":"r105c041","latitude":59.934925,"longitude":10.609797},"geometry":{"type":"Polygon","coordinates":[[[10.606667,59.933433],[10.612927,59.933433],[10.612927,59.936418],[10.606667,59.936418],[10.606667,59.933433]]]}},{"type":"Feature","properties":{"cell_id":"r105c042","latitude":59.934925,"longitude":10.616057},"geometry":{"type":"Polygon","coordinates":[[[10.612927,59.933433],[10.619187,59.933433],[10.619187,59.936418],[10.612927,59.936418],[10.612927,59.933433]]]}},{"type":"Feature","properties":{"cell_id":"r105c043","latitude":59.934925,"longitude":10.622317},"geometry":{"type":"Polygon","coordinates":[[[10.619187,59.933433],[10.625447,59.933433],[10.625447,59.936418],[10.619187,59.936418],[10.619187,59.933433]]]}},{"type":"Feature","properties":{"cell_id":"r105c044","latitude":59.934925,"longitude":10.628577},"geometry":{"type":"Polygon","coordinates":[[[10.625447,59.933433],[10.631707,59.933433],[10.631707,59.936418],[10.625447,59.936418],[10.625447,59.933433]]]}},{"type":"Feature","properties":{"cell_id":"r105c045","latitude":59.934925,"longitude":10.634837},"geometry":{"type":"Polygon","coordinates":[[[10.631707,59.933433],[10.637967,59.933433],[10.637967,59.936418],[10.631707,59.936418],[10.631707,59.933433]]]}},{"type":"Feature","properties":{"cell_id":"r105c046","latitude":59.934925,"longitude":10.641098},"geometry":{"type":"Polygon","coordinates":[[[10.637967,59.933433],[10.644228,59.933433],[10.644228,59.936418],[10.637967,59.936418],[10.637967,59.933433]]]}},{"type":"Feature","properties":{"cell_id":"r105c047","latitude":59.934925,"longitude":10.647358},"geometry":{"type":"Polygon","coordinates":[[[10.644228,59.933433],[10.650488,59.933433],[10.650488,59.936418],[10.644228,59.936418],[10.644228,59.933433]]]}},{"type":"Feature","properties":{"cell_id":"r105c048","latitude":59.934925,"longitude":10.653618},"geometry":{"type":"Polygon","coordinates":[[[10.650488,59.933433],[10.656748,59.933433],[10.656748,59.936418],[10.650488,59.936418],[10.650488,59.933433]]]}},{"type":"Feature","properties":{"cell_id":"r105c049","latitude":59.934925,"longitude":10.659878},"geometry":{"type":"Polygon","coordinates":[[[10.656748,59.933433],[10.663008,59.933433],[10.663008,59.936418],[10.656748,59.936418],[10.656748,59.933433]]]}},{"type":"Feature","properties":{"cell_id":"r105c050","latitude":59.934925,"longitude":10.666138},"geometry":{"type":"Polygon","coordinates":[[[10.663008,59.933433],[10.669268,59.933433],[10.669268,59.936418],[10.663008,59.936418],[10.663008,59.933433]]]}},{"type":"Feature","properties":{"cell_id":"r105c051","latitude":59.934925,"longitude":10.672398},"geometry":{"type":"Polygon","coordinates":[[[10.669268,59.933433],[10.675528,59.933433],[10.675528,59.936418],[10.669268,59.936418],[10.669268,59.933433]]]}},{"type":"Feature","properties":{"cell_id":"r105c052","latitude":59.934925,"longitude":10.678659},"geometry":{"type":"Polygon","coordinates":[[[10.675528,59.933433],[10.681789,59.933433],[10.681789,59.936418],[10.675528,59.936418],[10.675528,59.933433]]]}},{"type":"Feature","properties":{"cell_id":"r105c053","latitude":59.934925,"longitude":10.684919},"geometry":{"type":"Polygon","coordinates":[[[10.681789,59.933433],[10.688049,59.933433],[10.688049,59.936418],[10.681789,59.936418],[10.681789,59.933433]]]}},{"type":"Feature","properties":{"cell_id":"r105c054","latitude":59.934925,"longitude":10.691179},"geometry":{"type":"Polygon","coordinates":[[[10.688049,59.933433],[10.694309,59.933433],[10.694309,59.936418],[10.688049,59.936418],[10.688049,59.933433]]]}},{"type":"Feature","properties":{"cell_id":"r105c055","latitude":59.934925,"longitude":10.697439},"geometry":{"type":"Polygon","coordinates":[[[10.694309,59.933433],[10.700569,59.933433],[10.700569,59.936418],[10.694309,59.936418],[10.694309,59.933433]]]}},{"type":"Feature","properties":{"cell_id":"r105c056","latitude":59.934925,"longitude":10.703699},"geometry":{"type":"Polygon","coordinates":[[[10.700569,59.933433],[10.706829,59.933433],[10.706829,59.936418],[10.700569,59.936418],[10.700569,59.933433]]]}},{"type":"Feature","properties":{"cell_id":"r105c057","latitude":59.934925,"longitude":10.709959},"geometry":{"type":"Polygon","coordinates":[[[10.706829,59.933433],[10.713089,59.933433],[10.713089,59.936418],[10.706829,59.936418],[10.706829,59.933433]]]}},{"type":"Feature","properties":{"cell_id":"r105c058","latitude":59.934925,"longitude":10.71622},"geometry":{"type":"Polygon","coordinates":[[[10.713089,59.933433],[10.71935,59.933433],[10.71935,59.936418],[10.713089,59.936418],[10.713089,59.933433]]]}},{"type":"Feature","properties":{"cell_id":"r105c059","latitude":59.934925,"longitude":10.72248},"geometry":{"type":"Polygon","coordinates":[[[10.71935,59.933433],[10.72561,59.933433],[10.72561,59.936418],[10.71935,59.936418],[10.71935,59.933433]]]}},{"type":"Feature","properties":{"cell_id":"r105c060","latitude":59.934925,"longitude":10.72874},"geometry":{"type":"Polygon","coordinates":[[[10.72561,59.933433],[10.73187,59.933433],[10.73187,59.936418],[10.72561,59.936418],[10.72561,59.933433]]]}},{"type":"Feature","properties":{"cell_id":"r105c061","latitude":59.934925,"longitude":10.735},"geometry":{"type":"Polygon","coordinates":[[[10.73187,59.933433],[10.73813,59.933433],[10.73813,59.936418],[10.73187,59.936418],[10.73187,59.933433]]]}},{"type":"Feature","properties":{"cell_id":"r105c062","latitude":59.934925,"longitude":10.74126},"geometry":{"type":"Polygon","coordinates":[[[10.73813,59.933433],[10.74439,59.933433],[10.74439,59.936418],[10.73813,59.936418],[10.73813,59.933433]]]}},{"type":"Feature","properties":{"cell_id":"r105c063","latitude":59.934925,"longitude":10.74752},"geometry":{"type":"Polygon","coordinates":[[[10.74439,59.933433],[10.75065,59.933433],[10.75065,59.936418],[10.74439,59.936418],[10.74439,59.933433]]]}},{"type":"Feature","properties":{"cell_id":"r105c064","latitude":59.934925,"longitude":10.75378},"geometry":{"type":"Polygon","coordinates":[[[10.75065,59.933433],[10.756911,59.933433],[10.756911,59.936418],[10.75065,59.936418],[10.75065,59.933433]]]}},{"type":"Feature","properties":{"cell_id":"r105c065","latitude":59.934925,"longitude":10.760041},"geometry":{"type":"Polygon","coordinates":[[[10.756911,59.933433],[10.763171,59.933433],[10.763171,59.936418],[10.756911,59.936418],[10.756911,59.933433]]]}},{"type":"Feature","properties":{"cell_id":"r105c066","latitude":59.934925,"longitude":10.766301},"geometry":{"type":"Polygon","coordinates":[[[10.763171,59.933433],[10.769431,59.933433],[10.769431,59.936418],[10.763171,59.936418],[10.763171,59.933433]]]}},{"type":"Feature","properties":{"cell_id":"r105c067","latitude":59.934925,"longitude":10.772561},"geometry":{"type":"Polygon","coordinates":[[[10.769431,59.933433],[10.775691,59.933433],[10.775691,59.936418],[10.769431,59.936418],[10.769431,59.933433]]]}},{"type":"Feature","properties":{"cell_id":"r105c068","latitude":59.934925,"longitude":10.778821},"geometry":{"type":"Polygon","coordinates":[[[10.775691,59.933433],[10.781951,59.933433],[10.781951,59.936418],[10.775691,59.936418],[10.775691,59.933433]]]}},{"type":"Feature","properties":{"cell_id":"r105c069","latitude":59.934925,"longitude":10.785081},"geometry":{"type":"Polygon","coordinates":[[[10.781951,59.933433],[10.788211,59.933433],[10.788211,59.936418],[10.781951,59.936418],[10.781951,59.933433]]]}},{"type":"Feature","properties":{"cell_id":"r105c070","latitude":59.934925,"longitude":10.791341},"geometry":{"type":"Polygon","coordinates":[[[10.788211,59.933433],[10.794472,59.933433],[10.794472,59.936418],[10.788211,59.936418],[10.788211,59.933433]]]}},{"type":"Feature","properties":{"cell_id":"r105c071","latitude":59.934925,"longitude":10.797602},"geometry":{"type":"Polygon","coordinates":[[[10.794472,59.933433],[10.800732,59.933433],[10.800732,59.936418],[10.794472,59.936418],[10.794472,59.933433]]]}},{"type":"Feature","properties":{"cell_id":"r105c072","latitude":59.934925,"longitude":10.803862},"geometry":{"type":"Polygon","coordinates":[[[10.800732,59.933433],[10.806992,59.933433],[10.806992,59.936418],[10.800732,59.936418],[10.800732,59.933433]]]}},{"type":"Feature","properties":{"cell_id":"r105c073","latitude":59.934925,"longitude":10.810122},"geometry":{"type":"Polygon","coordinates":[[[10.806992,59.933433],[10.813252,59.933433],[10.813252,59.936418],[10.806992,59.936418],[10.806992,59.933433]]]}},{"type":"Feature","properties":{"cell_id":"r105c074","latitude":59.934925,"longitude":10.816382},"geometry":{"type":"Polygon","coordinates":[[[10.813252,59.933433],[10.819512,59.933433],[10.819512,59.936418],[10.813252,59.936418],[10.813252,59.933433]]]}},{"type":"Feature","properties":{"cell_id":"r105c075","latitude":59.934925,"longitude":10.822642},"geometry":{"type":"Polygon","coordinates":[[[10.819512,59.933433],[10.825772,59.933433],[10.825772,59.936418],[10.819512,59.936418],[10.819512,59.933433]]]}},{"type":"Feature","properties":{"cell_id":"r105c076","latitude":59.934925,"longitude":10.828902},"geometry":{"type":"Polygon","coordinates":[[[10.825772,59.933433],[10.832033,59.933433],[10.832033,59.936418],[10.825772,59.936418],[10.825772,59.933433]]]}},{"type":"Feature","properties":{"cell_id":"r105c077","latitude":59.934925,"longitude":10.835163},"geometry":{"type":"Polygon","coordinates":[[[10.832033,59.933433],[10.838293,59.933433],[10.838293,59.936418],[10.832033,59.936418],[10.832033,59.933433]]]}},{"type":"Feature","properties":{"cell_id":"r105c078","latitude":59.934925,"longitude":10.841423},"geometry":{"type":"Polygon","coordinates":[[[10.838293,59.933433],[10.844553,59.933433],[10.844553,59.936418],[10.838293,59.936418],[10.838293,59.933433]]]}},{"type":"Feature","properties":{"cell_id":"r105c079","latitude":59.934925,"longitude":10.847683},"geometry":{"type":"Polygon","coordinates":[[[10.844553,59.933433],[10.850813,59.933433],[10.850813,59.936418],[10.844553,59.936418],[10.844553,59.933433]]]}},{"type":"Feature","properties":{"cell_id":"r105c080","latitude":59.934925,"longitude":10.853943},"geometry":{"type":"Polygon","coordinates":[[[10.850813,59.933433],[10.857073,59.933433],[10.857073,59.936418],[10.850813,59.936418],[10.850813,59.933433]]]}},{"type":"Feature","properties":{"cell_id":"r105c081","latitude":59.934925,"longitude":10.860203},"geometry":{"type":"Polygon","coordinates":[[[10.857073,59.933433],[10.863333,59.933433],[10.863333,59.936418],[10.857073,59.936418],[10.857073,59.933433]]]}},{"type":"Feature","properties":{"cell_id":"r105c082","latitude":59.934925,"longitude":10.866463},"geometry":{"type":"Polygon","coordinates":[[[10.863333,59.933433],[10.869593,59.933433],[10.869593,59.936418],[10.863333,59.936418],[10.863333,59.933433]]]}},{"type":"Feature","properties":{"cell_id":"r105c083","latitude":59.934925,"longitude":10.872724},"geometry":{"type":"Polygon","coordinates":[[[10.869593,59.933433],[10.875854,59.933433],[10.875854,59.936418],[10.869593,59.936418],[10.869593,59.933433]]]}},{"type":"Feature","properties":{"cell_id":"r105c084","latitude":59.934925,"longitude":10.878984},"geometry":{"type":"Polygon","coordinates":[[[10.875854,59.933433],[10.882114,59.933433],[10.882114,59.936418],[10.875854,59.936418],[10.875854,59.933433]]]}},{"type":"Feature","properties":{"cell_id":"r105c085","latitude":59.934925,"longitude":10.885244},"geometry":{"type":"Polygon","coordinates":[[[10.882114,59.933433],[10.888374,59.933433],[10.888374,59.936418],[10.882114,59.936418],[10.882114,59.933433]]]}},{"type":"Feature","properties":{"cell_id":"r105c086","latitude":59.934925,"longitude":10.891504},"geometry":{"type":"Polygon","coordinates":[[[10.888374,59.933433],[10.894634,59.933433],[10.894634,59.936418],[10.888374,59.936418],[10.888374,59.933433]]]}},{"type":"Feature","properties":{"cell_id":"r105c089","latitude":59.934925,"longitude":10.910285},"geometry":{"type":"Polygon","coordinates":[[[10.907154,59.933433],[10.913415,59.933433],[10.913415,59.936418],[10.907154,59.936418],[10.907154,59.933433]]]}},{"type":"Feature","properties":{"cell_id":"r105c090","latitude":59.934925,"longitude":10.916545},"geometry":{"type":"Polygon","coordinates":[[[10.913415,59.933433],[10.919675,59.933433],[10.919675,59.936418],[10.913415,59.936418],[10.913415,59.933433]]]}},{"type":"Feature","properties":{"cell_id":"r105c091","latitude":59.934925,"longitude":10.922805},"geometry":{"type":"Polygon","coordinates":[[[10.919675,59.933433],[10.925935,59.933433],[10.925935,59.936418],[10.919675,59.936418],[10.919675,59.933433]]]}},{"type":"Feature","properties":{"cell_id":"r105c092","latitude":59.934925,"longitude":10.929065},"geometry":{"type":"Polygon","coordinates":[[[10.925935,59.933433],[10.932195,59.933433],[10.932195,59.936418],[10.925935,59.936418],[10.925935,59.933433]]]}},{"type":"Feature","properties":{"cell_id":"r105c093","latitude":59.934925,"longitude":10.935325},"geometry":{"type":"Polygon","coordinates":[[[10.932195,59.933433],[10.938455,59.933433],[10.938455,59.936418],[10.932195,59.936418],[10.932195,59.933433]]]}},{"type":"Feature","properties":{"cell_id":"r105c094","latitude":59.934925,"longitude":10.941585},"geometry":{"type":"Polygon","coordinates":[[[10.938455,59.933433],[10.944715,59.933433],[10.944715,59.936418],[10.938455,59.936418],[10.938455,59.933433]]]}},{"type":"Feature","properties":{"cell_id":"r105c095","latitude":59.934925,"longitude":10.947846},"geometry":{"type":"Polygon","coordinates":[[[10.944715,59.933433],[10.950976,59.933433],[10.950976,59.936418],[10.944715,59.936418],[10.944715,59.933433]]]}},{"type":"Feature","properties":{"cell_id":"r105c096","latitude":59.934925,"longitude":10.954106},"geometry":{"type":"Polygon","coordinates":[[[10.950976,59.933433],[10.957236,59.933433],[10.957236,59.936418],[10.950976,59.936418],[10.950976,59.933433]]]}},{"type":"Feature","properties":{"cell_id":"r105c097","latitude":59.934925,"longitude":10.960366},"geometry":{"type":"Polygon","coordinates":[[[10.957236,59.933433],[10.963496,59.933433],[10.963496,59.936418],[10.957236,59.936418],[10.957236,59.933433]]]}},{"type":"Feature","properties":{"cell_id":"r105c098","latitude":59.934925,"longitude":10.966626},"geometry":{"type":"Polygon","coordinates":[[[10.963496,59.933433],[10.969756,59.933433],[10.969756,59.936418],[10.963496,59.936418],[10.963496,59.933433]]]}},{"type":"Feature","properties":{"cell_id":"r105c099","latitude":59.934925,"longitude":10.972886},"geometry":{"type":"Polygon","coordinates":[[[10.969756,59.933433],[10.976016,59.933433],[10.976016,59.936418],[10.969756,59.936418],[10.969756,59.933433]]]}},{"type":"Feature","properties":{"cell_id":"r105c100","latitude":59.934925,"longitude":10.979146},"geometry":{"type":"Polygon","coordinates":[[[10.976016,59.933433],[10.982276,59.933433],[10.982276,59.936418],[10.976016,59.936418],[10.976016,59.933433]]]}},{"type":"Feature","properties":{"cell_id":"r105c101","latitude":59.934925,"longitude":10.985407},"geometry":{"type":"Polygon","coordinates":[[[10.982276,59.933433],[10.988537,59.933433],[10.988537,59.936418],[10.982276,59.936418],[10.982276,59.933433]]]}},{"type":"Feature","properties":{"cell_id":"r105c102","latitude":59.934925,"longitude":10.991667},"geometry":{"type":"Polygon","coordinates":[[[10.988537,59.933433],[10.994797,59.933433],[10.994797,59.936418],[10.988537,59.936418],[10.988537,59.933433]]]}},{"type":"Feature","properties":{"cell_id":"r105c103","latitude":59.934925,"longitude":10.997927},"geometry":{"type":"Polygon","coordinates":[[[10.994797,59.933433],[11.001057,59.933433],[11.001057,59.936418],[10.994797,59.936418],[10.994797,59.933433]]]}},{"type":"Feature","properties":{"cell_id":"r105c106","latitude":59.934925,"longitude":11.016707},"geometry":{"type":"Polygon","coordinates":[[[11.013577,59.933433],[11.019837,59.933433],[11.019837,59.936418],[11.013577,59.936418],[11.013577,59.933433]]]}},{"type":"Feature","properties":{"cell_id":"r105c107","latitude":59.934925,"longitude":11.022967},"geometry":{"type":"Polygon","coordinates":[[[11.019837,59.933433],[11.026098,59.933433],[11.026098,59.936418],[11.019837,59.936418],[11.019837,59.933433]]]}},{"type":"Feature","properties":{"cell_id":"r105c108","latitude":59.934925,"longitude":11.029228},"geometry":{"type":"Polygon","coordinates":[[[11.026098,59.933433],[11.032358,59.933433],[11.032358,59.936418],[11.026098,59.936418],[11.026098,59.933433]]]}},{"type":"Feature","properties":{"cell_id":"r105c113","latitude":59.934925,"longitude":11.060528},"geometry":{"type":"Polygon","coordinates":[[[11.057398,59.933433],[11.063659,59.933433],[11.063659,59.936418],[11.057398,59.936418],[11.057398,59.933433]]]}},{"type":"Feature","properties":{"cell_id":"r105c114","latitude":59.934925,"longitude":11.066789},"geometry":{"type":"Polygon","coordinates":[[[11.063659,59.933433],[11.069919,59.933433],[11.069919,59.936418],[11.063659,59.936418],[11.063659,59.933433]]]}},{"type":"Feature","properties":{"cell_id":"r106c025","latitude":59.93791,"longitude":10.509634},"geometry":{"type":"Polygon","coordinates":[[[10.506504,59.936418],[10.512764,59.936418],[10.512764,59.939403],[10.506504,59.939403],[10.506504,59.936418]]]}},{"type":"Feature","properties":{"cell_id":"r106c026","latitude":59.93791,"longitude":10.515894},"geometry":{"type":"Polygon","coordinates":[[[10.512764,59.936418],[10.519024,59.936418],[10.519024,59.939403],[10.512764,59.939403],[10.512764,59.936418]]]}},{"type":"Feature","properties":{"cell_id":"r106c027","latitude":59.93791,"longitude":10.522154},"geometry":{"type":"Polygon","coordinates":[[[10.519024,59.936418],[10.525285,59.936418],[10.525285,59.939403],[10.519024,59.939403],[10.519024,59.936418]]]}},{"type":"Feature","properties":{"cell_id":"r106c035","latitude":59.93791,"longitude":10.572236},"geometry":{"type":"Polygon","coordinates":[[[10.569106,59.936418],[10.575366,59.936418],[10.575366,59.939403],[10.569106,59.939403],[10.569106,59.936418]]]}},{"type":"Feature","properties":{"cell_id":"r106c037","latitude":59.93791,"longitude":10.584756},"geometry":{"type":"Polygon","coordinates":[[[10.581626,59.936418],[10.587886,59.936418],[10.587886,59.939403],[10.581626,59.939403],[10.581626,59.936418]]]}},{"type":"Feature","properties":{"cell_id":"r106c038","latitude":59.93791,"longitude":10.591016},"geometry":{"type":"Polygon","coordinates":[[[10.587886,59.936418],[10.594146,59.936418],[10.594146,59.939403],[10.587886,59.939403],[10.587886,59.936418]]]}},{"type":"Feature","properties":{"cell_id":"r106c039","latitude":59.93791,"longitude":10.597276},"geometry":{"type":"Polygon","coordinates":[[[10.594146,59.936418],[10.600407,59.936418],[10.600407,59.939403],[10.594146,59.939403],[10.594146,59.936418]]]}},{"type":"Feature","properties":{"cell_id":"r106c040","latitude":59.93791,"longitude":10.603537},"geometry":{"type":"Polygon","coordinates":[[[10.600407,59.936418],[10.606667,59.936418],[10.606667,59.939403],[10.600407,59.939403],[10.600407,59.936418]]]}},{"type":"Feature","properties":{"cell_id":"r106c041","latitude":59.93791,"longitude":10.609797},"geometry":{"type":"Polygon","coordinates":[[[10.606667,59.936418],[10.612927,59.936418],[10.612927,59.939403],[10.606667,59.939403],[10.606667,59.936418]]]}},{"type":"Feature","properties":{"cell_id":"r106c042","latitude":59.93791,"longitude":10.616057},"geometry":{"type":"Polygon","coordinates":[[[10.612927,59.936418],[10.619187,59.936418],[10.619187,59.939403],[10.612927,59.939403],[10.612927,59.936418]]]}},{"type":"Feature","properties":{"cell_id":"r106c043","latitude":59.93791,"longitude":10.622317},"geometry":{"type":"Polygon","coordinates":[[[10.619187,59.936418],[10.625447,59.936418],[10.625447,59.939403],[10.619187,59.939403],[10.619187,59.936418]]]}},{"type":"Feature","properties":{"cell_id":"r106c044","latitude":59.93791,"longitude":10.628577},"geometry":{"type":"Polygon","coordinates":[[[10.625447,59.936418],[10.631707,59.936418],[10.631707,59.939403],[10.625447,59.939403],[10.625447,59.936418]]]}},{"type":"Feature","properties":{"cell_id":"r106c045","latitude":59.93791,"longitude":10.634837},"geometry":{"type":"Polygon","coordinates":[[[10.631707,59.936418],[10.637967,59.936418],[10.637967,59.939403],[10.631707,59.939403],[10.631707,59.936418]]]}},{"type":"Feature","properties":{"cell_id":"r106c046","latitude":59.93791,"longitude":10.641098},"geometry":{"type":"Polygon","coordinates":[[[10.637967,59.936418],[10.644228,59.936418],[10.644228,59.939403],[10.637967,59.939403],[10.637967,59.936418]]]}},{"type":"Feature","properties":{"cell_id":"r106c047","latitude":59.93791,"longitude":10.647358},"geometry":{"type":"Polygon","coordinates":[[[10.644228,59.936418],[10.650488,59.936418],[10.650488,59.939403],[10.644228,59.939403],[10.644228,59.936418]]]}},{"type":"Feature","properties":{"cell_id":"r106c048","latitude":59.93791,"longitude":10.653618},"geometry":{"type":"Polygon","coordinates":[[[10.650488,59.936418],[10.656748,59.936418],[10.656748,59.939403],[10.650488,59.939403],[10.650488,59.936418]]]}},{"type":"Feature","properties":{"cell_id":"r106c049","latitude":59.93791,"longitude":10.659878},"geometry":{"type":"Polygon","coordinates":[[[10.656748,59.936418],[10.663008,59.936418],[10.663008,59.939403],[10.656748,59.939403],[10.656748,59.936418]]]}},{"type":"Feature","properties":{"cell_id":"r106c050","latitude":59.93791,"longitude":10.666138},"geometry":{"type":"Polygon","coordinates":[[[10.663008,59.936418],[10.669268,59.936418],[10.669268,59.939403],[10.663008,59.939403],[10.663008,59.936418]]]}},{"type":"Feature","properties":{"cell_id":"r106c051","latitude":59.93791,"longitude":10.672398},"geometry":{"type":"Polygon","coordinates":[[[10.669268,59.936418],[10.675528,59.936418],[10.675528,59.939403],[10.669268,59.939403],[10.669268,59.936418]]]}},{"type":"Feature","properties":{"cell_id":"r106c052","latitude":59.93791,"longitude":10.678659},"geometry":{"type":"Polygon","coordinates":[[[10.675528,59.936418],[10.681789,59.936418],[10.681789,59.939403],[10.675528,59.939403],[10.675528,59.936418]]]}},{"type":"Feature","properties":{"cell_id":"r106c053","latitude":59.93791,"longitude":10.684919},"geometry":{"type":"Polygon","coordinates":[[[10.681789,59.936418],[10.688049,59.936418],[10.688049,59.939403],[10.681789,59.939403],[10.681789,59.936418]]]}},{"type":"Feature","properties":{"cell_id":"r106c054","latitude":59.93791,"longitude":10.691179},"geometry":{"type":"Polygon","coordinates":[[[10.688049,59.936418],[10.694309,59.936418],[10.694309,59.939403],[10.688049,59.939403],[10.688049,59.936418]]]}},{"type":"Feature","properties":{"cell_id":"r106c055","latitude":59.93791,"longitude":10.697439},"geometry":{"type":"Polygon","coordinates":[[[10.694309,59.936418],[10.700569,59.936418],[10.700569,59.939403],[10.694309,59.939403],[10.694309,59.936418]]]}},{"type":"Feature","properties":{"cell_id":"r106c056","latitude":59.93791,"longitude":10.703699},"geometry":{"type":"Polygon","coordinates":[[[10.700569,59.936418],[10.706829,59.936418],[10.706829,59.939403],[10.700569,59.939403],[10.700569,59.936418]]]}},{"type":"Feature","properties":{"cell_id":"r106c057","latitude":59.93791,"longitude":10.709959},"geometry":{"type":"Polygon","coordinates":[[[10.706829,59.936418],[10.713089,59.936418],[10.713089,59.939403],[10.706829,59.939403],[10.706829,59.936418]]]}},{"type":"Feature","properties":{"cell_id":"r106c058","latitude":59.93791,"longitude":10.71622},"geometry":{"type":"Polygon","coordinates":[[[10.713089,59.936418],[10.71935,59.936418],[10.71935,59.939403],[10.713089,59.939403],[10.713089,59.936418]]]}},{"type":"Feature","properties":{"cell_id":"r106c059","latitude":59.93791,"longitude":10.72248},"geometry":{"type":"Polygon","coordinates":[[[10.71935,59.936418],[10.72561,59.936418],[10.72561,59.939403],[10.71935,59.939403],[10.71935,59.936418]]]}},{"type":"Feature","properties":{"cell_id":"r106c060","latitude":59.93791,"longitude":10.72874},"geometry":{"type":"Polygon","coordinates":[[[10.72561,59.936418],[10.73187,59.936418],[10.73187,59.939403],[10.72561,59.939403],[10.72561,59.936418]]]}},{"type":"Feature","properties":{"cell_id":"r106c061","latitude":59.93791,"longitude":10.735},"geometry":{"type":"Polygon","coordinates":[[[10.73187,59.936418],[10.73813,59.936418],[10.73813,59.939403],[10.73187,59.939403],[10.73187,59.936418]]]}},{"type":"Feature","properties":{"cell_id":"r106c062","latitude":59.93791,"longitude":10.74126},"geometry":{"type":"Polygon","coordinates":[[[10.73813,59.936418],[10.74439,59.936418],[10.74439,59.939403],[10.73813,59.939403],[10.73813,59.936418]]]}},{"type":"Feature","properties":{"cell_id":"r106c063","latitude":59.93791,"longitude":10.74752},"geometry":{"type":"Polygon","coordinates":[[[10.74439,59.936418],[10.75065,59.936418],[10.75065,59.939403],[10.74439,59.939403],[10.74439,59.936418]]]}},{"type":"Feature","properties":{"cell_id":"r106c064","latitude":59.93791,"longitude":10.75378},"geometry":{"type":"Polygon","coordinates":[[[10.75065,59.936418],[10.756911,59.936418],[10.756911,59.939403],[10.75065,59.939403],[10.75065,59.936418]]]}},{"type":"Feature","properties":{"cell_id":"r106c065","latitude":59.93791,"longitude":10.760041},"geometry":{"type":"Polygon","coordinates":[[[10.756911,59.936418],[10.763171,59.936418],[10.763171,59.939403],[10.756911,59.939403],[10.756911,59.936418]]]}},{"type":"Feature","properties":{"cell_id":"r106c066","latitude":59.93791,"longitude":10.766301},"geometry":{"type":"Polygon","coordinates":[[[10.763171,59.936418],[10.769431,59.936418],[10.769431,59.939403],[10.763171,59.939403],[10.763171,59.936418]]]}},{"type":"Feature","properties":{"cell_id":"r106c067","latitude":59.93791,"longitude":10.772561},"geometry":{"type":"Polygon","coordinates":[[[10.769431,59.936418],[10.775691,59.936418],[10.775691,59.939403],[10.769431,59.939403],[10.769431,59.936418]]]}},{"type":"Feature","properties":{"cell_id":"r106c068","latitude":59.93791,"longitude":10.778821},"geometry":{"type":"Polygon","coordinates":[[[10.775691,59.936418],[10.781951,59.936418],[10.781951,59.939403],[10.775691,59.939403],[10.775691,59.936418]]]}},{"type":"Feature","properties":{"cell_id":"r106c069","latitude":59.93791,"longitude":10.785081},"geometry":{"type":"Polygon","coordinates":[[[10.781951,59.936418],[10.788211,59.936418],[10.788211,59.939403],[10.781951,59.939403],[10.781951,59.936418]]]}},{"type":"Feature","properties":{"cell_id":"r106c070","latitude":59.93791,"longitude":10.791341},"geometry":{"type":"Polygon","coordinates":[[[10.788211,59.936418],[10.794472,59.936418],[10.794472,59.939403],[10.788211,59.939403],[10.788211,59.936418]]]}},{"type":"Feature","properties":{"cell_id":"r106c071","latitude":59.93791,"longitude":10.797602},"geometry":{"type":"Polygon","coordinates":[[[10.794472,59.936418],[10.800732,59.936418],[10.800732,59.939403],[10.794472,59.939403],[10.794472,59.936418]]]}},{"type":"Feature","properties":{"cell_id":"r106c072","latitude":59.93791,"longitude":10.803862},"geometry":{"type":"Polygon","coordinates":[[[10.800732,59.936418],[10.806992,59.936418],[10.806992,59.939403],[10.800732,59.939403],[10.800732,59.936418]]]}},{"type":"Feature","properties":{"cell_id":"r106c073","latitude":59.93791,"longitude":10.810122},"geometry":{"type":"Polygon","coordinates":[[[10.806992,59.936418],[10.813252,59.936418],[10.813252,59.939403],[10.806992,59.939403],[10.806992,59.936418]]]}},{"type":"Feature","properties":{"cell_id":"r106c074","latitude":59.93791,"longitude":10.816382},"geometry":{"type":"Polygon","coordinates":[[[10.813252,59.936418],[10.819512,59.936418],[10.819512,59.939403],[10.813252,59.939403],[10.813252,59.936418]]]}},{"type":"Feature","properties":{"cell_id":"r106c075","latitude":59.93791,"longitude":10.822642},"geometry":{"type":"Polygon","coordinates":[[[10.819512,59.936418],[10.825772,59.936418],[10.825772,59.939403],[10.819512,59.939403],[10.819512,59.936418]]]}},{"type":"Feature","properties":{"cell_id":"r106c076","latitude":59.93791,"longitude":10.828902},"geometry":{"type":"Polygon","coordinates":[[[10.825772,59.936418],[10.832033,59.936418],[10.832033,59.939403],[10.825772,59.939403],[10.825772,59.936418]]]}},{"type":"Feature","properties":{"cell_id":"r106c077","latitude":59.93791,"longitude":10.835163},"geometry":{"type":"Polygon","coordinates":[[[10.832033,59.936418],[10.838293,59.936418],[10.838293,59.939403],[10.832033,59.939403],[10.832033,59.936418]]]}},{"type":"Feature","properties":{"cell_id":"r106c078","latitude":59.93791,"longitude":10.841423},"geometry":{"type":"Polygon","coordinates":[[[10.838293,59.936418],[10.844553,59.936418],[10.844553,59.939403],[10.838293,59.939403],[10.838293,59.936418]]]}},{"type":"Feature","properties":{"cell_id":"r106c079","latitude":59.93791,"longitude":10.847683},"geometry":{"type":"Polygon","coordinates":[[[10.844553,59.936418],[10.850813,59.936418],[10.850813,59.939403],[10.844553,59.939403],[10.844553,59.936418]]]}},{"type":"Feature","properties":{"cell_id":"r106c080","latitude":59.93791,"longitude":10.853943},"geometry":{"type":"Polygon","coordinates":[[[10.850813,59.936418],[10.857073,59.936418],[10.857073,59.939403],[10.850813,59.939403],[10.850813,59.936418]]]}},{"type":"Feature","properties":{"cell_id":"r106c081","latitude":59.93791,"longitude":10.860203},"geometry":{"type":"Polygon","coordinates":[[[10.857073,59.936418],[10.863333,59.936418],[10.863333,59.939403],[10.857073,59.939403],[10.857073,59.936418]]]}},{"type":"Feature","properties":{"cell_id":"r106c082","latitude":59.93791,"longitude":10.866463},"geometry":{"type":"Polygon","coordinates":[[[10.863333,59.936418],[10.869593,59.936418],[10.869593,59.939403],[10.863333,59.939403],[10.863333,59.936418]]]}},{"type":"Feature","properties":{"cell_id":"r106c083","latitude":59.93791,"longitude":10.872724},"geometry":{"type":"Polygon","coordinates":[[[10.869593,59.936418],[10.875854,59.936418],[10.875854,59.939403],[10.869593,59.939403],[10.869593,59.936418]]]}},{"type":"Feature","properties":{"cell_id":"r106c084","latitude":59.93791,"longitude":10.878984},"geometry":{"type":"Polygon","coordinates":[[[10.875854,59.936418],[10.882114,59.936418],[10.882114,59.939403],[10.875854,59.939403],[10.875854,59.936418]]]}},{"type":"Feature","properties":{"cell_id":"r106c085","latitude":59.93791,"longitude":10.885244},"geometry":{"type":"Polygon","coordinates":[[[10.882114,59.936418],[10.888374,59.936418],[10.888374,59.939403],[10.882114,59.939403],[10.882114,59.936418]]]}},{"type":"Feature","properties":{"cell_id":"r106c086","latitude":59.93791,"longitude":10.891504},"geometry":{"type":"Polygon","coordinates":[[[10.888374,59.936418],[10.894634,59.936418],[10.894634,59.939403],[10.888374,59.939403],[10.888374,59.936418]]]}},{"type":"Feature","properties":{"cell_id":"r106c087","latitude":59.93791,"longitude":10.897764},"geometry":{"type":"Polygon","coordinates":[[[10.894634,59.936418],[10.900894,59.936418],[10.900894,59.939403],[10.894634,59.939403],[10.894634,59.936418]]]}},{"type":"Feature","properties":{"cell_id":"r106c088","latitude":59.93791,"longitude":10.904024},"geometry":{"type":"Polygon","coordinates":[[[10.900894,59.936418],[10.907154,59.936418],[10.907154,59.939403],[10.900894,59.939403],[10.900894,59.936418]]]}},{"type":"Feature","properties":{"cell_id":"r106c089","latitude":59.93791,"longitude":10.910285},"geometry":{"type":"Polygon","coordinates":[[[10.907154,59.936418],[10.913415,59.936418],[10.913415,59.939403],[10.907154,59.939403],[10.907154,59.936418]]]}},{"type":"Feature","properties":{"cell_id":"r106c090","latitude":59.93791,"longitude":10.916545},"geometry":{"type":"Polygon","coordinates":[[[10.913415,59.936418],[10.919675,59.936418],[10.919675,59.939403],[10.913415,59.939403],[10.913415,59.936418]]]}},{"type":"Feature","properties":{"cell_id":"r106c091","latitude":59.93791,"longitude":10.922805},"geometry":{"type":"Polygon","coordinates":[[[10.919675,59.936418],[10.925935,59.936418],[10.925935,59.939403],[10.919675,59.939403],[10.919675,59.936418]]]}},{"type":"Feature","properties":{"cell_id":"r106c092","latitude":59.93791,"longitude":10.929065},"geometry":{"type":"Polygon","coordinates":[[[10.925935,59.936418],[10.932195,59.936418],[10.932195,59.939403],[10.925935,59.939403],[10.925935,59.936418]]]}},{"type":"Feature","properties":{"cell_id":"r106c093","latitude":59.93791,"longitude":10.935325},"geometry":{"type":"Polygon","coordinates":[[[10.932195,59.936418],[10.938455,59.936418],[10.938455,59.939403],[10.932195,59.939403],[10.932195,59.936418]]]}},{"type":"Feature","properties":{"cell_id":"r106c094","latitude":59.93791,"longitude":10.941585},"geometry":{"type":"Polygon","coordinates":[[[10.938455,59.936418],[10.944715,59.936418],[10.944715,59.939403],[10.938455,59.939403],[10.938455,59.936418]]]}},{"type":"Feature","properties":{"cell_id":"r106c095","latitude":59.93791,"longitude":10.947846},"geometry":{"type":"Polygon","coordinates":[[[10.944715,59.936418],[10.950976,59.936418],[10.950976,59.939403],[10.944715,59.939403],[10.944715,59.936418]]]}},{"type":"Feature","properties":{"cell_id":"r106c096","latitude":59.93791,"longitude":10.954106},"geometry":{"type":"Polygon","coordinates":[[[10.950976,59.936418],[10.957236,59.936418],[10.957236,59.939403],[10.950976,59.939403],[10.950976,59.936418]]]}},{"type":"Feature","properties":{"cell_id":"r106c097","latitude":59.93791,"longitude":10.960366},"geometry":{"type":"Polygon","coordinates":[[[10.957236,59.936418],[10.963496,59.936418],[10.963496,59.939403],[10.957236,59.939403],[10.957236,59.936418]]]}},{"type":"Feature","properties":{"cell_id":"r106c098","latitude":59.93791,"longitude":10.966626},"geometry":{"type":"Polygon","coordinates":[[[10.963496,59.936418],[10.969756,59.936418],[10.969756,59.939403],[10.963496,59.939403],[10.963496,59.936418]]]}},{"type":"Feature","properties":{"cell_id":"r106c099","latitude":59.93791,"longitude":10.972886},"geometry":{"type":"Polygon","coordinates":[[[10.969756,59.936418],[10.976016,59.936418],[10.976016,59.939403],[10.969756,59.939403],[10.969756,59.936418]]]}},{"type":"Feature","properties":{"cell_id":"r106c100","latitude":59.93791,"longitude":10.979146},"geometry":{"type":"Polygon","coordinates":[[[10.976016,59.936418],[10.982276,59.936418],[10.982276,59.939403],[10.976016,59.939403],[10.976016,59.936418]]]}},{"type":"Feature","properties":{"cell_id":"r106c101","latitude":59.93791,"longitude":10.985407},"geometry":{"type":"Polygon","coordinates":[[[10.982276,59.936418],[10.988537,59.936418],[10.988537,59.939403],[10.982276,59.939403],[10.982276,59.936418]]]}},{"type":"Feature","properties":{"cell_id":"r106c102","latitude":59.93791,"longitude":10.991667},"geometry":{"type":"Polygon","coordinates":[[[10.988537,59.936418],[10.994797,59.936418],[10.994797,59.939403],[10.988537,59.939403],[10.988537,59.936418]]]}},{"type":"Feature","properties":{"cell_id":"r106c103","latitude":59.93791,"longitude":10.997927},"geometry":{"type":"Polygon","coordinates":[[[10.994797,59.936418],[11.001057,59.936418],[11.001057,59.939403],[10.994797,59.939403],[10.994797,59.936418]]]}},{"type":"Feature","properties":{"cell_id":"r106c104","latitude":59.93791,"longitude":11.004187},"geometry":{"type":"Polygon","coordinates":[[[11.001057,59.936418],[11.007317,59.936418],[11.007317,59.939403],[11.001057,59.939403],[11.001057,59.936418]]]}},{"type":"Feature","properties":{"cell_id":"r106c106","latitude":59.93791,"longitude":11.016707},"geometry":{"type":"Polygon","coordinates":[[[11.013577,59.936418],[11.019837,59.936418],[11.019837,59.939403],[11.013577,59.939403],[11.013577,59.936418]]]}},{"type":"Feature","properties":{"cell_id":"r106c107","latitude":59.93791,"longitude":11.022967},"geometry":{"type":"Polygon","coordinates":[[[11.019837,59.936418],[11.026098,59.936418],[11.026098,59.939403],[11.019837,59.939403],[11.019837,59.936418]]]}},{"type":"Feature","properties":{"cell_id":"r106c112","latitude":59.93791,"longitude":11.054268},"geometry":{"type":"Polygon","coordinates":[[[11.051138,59.936418],[11.057398,59.936418],[11.057398,59.939403],[11.051138,59.939403],[11.051138,59.936418]]]}},{"type":"Feature","properties":{"cell_id":"r106c113","latitude":59.93791,"longitude":11.060528},"geometry":{"type":"Polygon","coordinates":[[[11.057398,59.936418],[11.063659,59.936418],[11.063659,59.939403],[11.057398,59.939403],[11.057398,59.936418]]]}},{"type":"Feature","properties":{"cell_id":"r106c114","latitude":59.93791,"longitude":11.066789},"geometry":{"type":"Polygon","coordinates":[[[11.063659,59.936418],[11.069919,59.936418],[11.069919,59.939403],[11.063659,59.939403],[11.063659,59.936418]]]}},{"type":"Feature","properties":{"cell_id":"r107c022","latitude":59.940896,"longitude":10.490854},"geometry":{"type":"Polygon","coordinates":[[[10.487724,59.939403],[10.493984,59.939403],[10.493984,59.942388],[10.487724,59.942388],[10.487724,59.939403]]]}},{"type":"Feature","properties":{"cell_id":"r107c023","latitude":59.940896,"longitude":10.497114},"geometry":{"type":"Polygon","coordinates":[[[10.493984,59.939403],[10.500244,59.939403],[10.500244,59.942388],[10.493984,59.942388],[10.493984,59.939403]]]}},{"type":"Feature","properties":{"cell_id":"r107c024","latitude":59.940896,"longitude":10.503374},"geometry":{"type":"Polygon","coordinates":[[[10.500244,59.939403],[10.506504,59.939403],[10.506504,59.942388],[10.500244,59.942388],[10.500244,59.939403]]]}},{"type":"Feature","properties":{"cell_id":"r107c025","latitude":59.940896,"longitude":10.509634},"geometry":{"type":"Polygon","coordinates":[[[10.506504,59.939403],[10.512764,59.939403],[10.512764,59.942388],[10.506504,59.942388],[10.506504,59.939403]]]}},{"type":"Feature","properties":{"cell_id":"r107c027","latitude":59.940896,"longitude":10.522154},"geometry":{"type":"Polygon","coordinates":[[[10.519024,59.939403],[10.525285,59.939403],[10.525285,59.942388],[10.519024,59.942388],[10.519024,59.939403]]]}},{"type":"Feature","properties":{"cell_id":"r107c028","latitude":59.940896,"longitude":10.528415},"geometry":{"type":"Polygon","coordinates":[[[10.525285,59.939403],[10.531545,59.939403],[10.531545,59.942388],[10.525285,59.942388],[10.525285,59.939403]]]}},{"type":"Feature","properties":{"cell_id":"r107c036","latitude":59.940896,"longitude":10.578496},"geometry":{"type":"Polygon","coordinates":[[[10.575366,59.939403],[10.581626,59.939403],[10.581626,59.942388],[10.575366,59.942388],[10.575366,59.939403]]]}},{"type":"Feature","properties":{"cell_id":"r107c037","latitude":59.940896,"longitude":10.584756},"geometry":{"type":"Polygon","coordinates":[[[10.581626,59.939403],[10.587886,59.939403],[10.587886,59.942388],[10.581626,59.942388],[10.581626,59.939403]]]}},{"type":"Feature","properties":{"cell_id":"r107c038","latitude":59.940896,"longitude":10.591016},"geometry":{"type":"Polygon","coordinates":[[[10.587886,59.939403],[10.594146,59.939403],[10.594146,59.942388],[10.587886,59.942388],[10.587886,59.939403]]]}},{"type":"Feature","properties":{"cell_id":"r107c039","latitude":59.940896,"longitude":10.597276},"geometry":{"type":"Polygon","coordinates":[[[10.594146,59.939403],[10.600407,59.939403],[10.600407,59.942388],[10.594146,59.942388],[10.594146,59.939403]]]}},{"type":"Feature","properties":{"cell_id":"r107c040","latitude":59.940896,"longitude":10.603537},"geometry":{"type":"Polygon","coordinates":[[[10.600407,59.939403],[10.606667,59.939403],[10.606667,59.942388],[10.600407,59.942388],[10.600407,59.939403]]]}},{"type":"Feature","properties":{"cell_id":"r107c041","latitude":59.940896,"longitude":10.609797},"geometry":{"type":"Polygon","coordinates":[[[10.606667,59.939403],[10.612927,59.939403],[10.612927,59.942388],[10.606667,59.942388],[10.606667,59.939403]]]}},{"type":"Feature","properties":{"cell_id":"r107c042","latitude":59.940896,"longitude":10.616057},"geometry":{"type":"Polygon","coordinates":[[[10.612927,59.939403],[10.619187,59.939403],[10.619187,59.942388],[10.612927,59.942388],[10.612927,59.939403]]]}},{"type":"Feature","properties":{"cell_id":"r107c043","latitude":59.940896,"longitude":10.622317},"geometry":{"type":"Polygon","coordinates":[[[10.619187,59.939403],[10.625447,59.939403],[10.625447,59.942388],[10.619187,59.942388],[10.619187,59.939403]]]}},{"type":"Feature","properties":{"cell_id":"r107c044","latitude":59.940896,"longitude":10.628577},"geometry":{"type":"Polygon","coordinates":[[[10.625447,59.939403],[10.631707,59.939403],[10.631707,59.942388],[10.625447,59.942388],[10.625447,59.939403]]]}},{"type":"Feature","properties":{"cell_id":"r107c045","latitude":59.940896,"longitude":10.634837},"geometry":{"type":"Polygon","coordinates":[[[10.631707,59.939403],[10.637967,59.939403],[10.637967,59.942388],[10.631707,59.942388],[10.631707,59.939403]]]}},{"type":"Feature","properties":{"cell_id":"r107c046","latitude":59.940896,"longitude":10.641098},"geometry":{"type":"Polygon","coordinates":[[[10.637967,59.939403],[10.644228,59.939403],[10.644228,59.942388],[10.637967,59.942388],[10.637967,59.939403]]]}},{"type":"Feature","properties":{"cell_id":"r107c047","latitude":59.940896,"longitude":10.647358},"geometry":{"type":"Polygon","coordinates":[[[10.644228,59.939403],[10.650488,59.939403],[10.650488,59.942388],[10.644228,59.942388],[10.644228,59.939403]]]}},{"type":"Feature","properties":{"cell_id":"r107c048","latitude":59.940896,"longitude":10.653618},"geometry":{"type":"Polygon","coordinates":[[[10.650488,59.939403],[10.656748,59.939403],[10.656748,59.942388],[10.650488,59.942388],[10.650488,59.939403]]]}},{"type":"Feature","properties":{"cell_id":"r107c049","latitude":59.940896,"longitude":10.659878},"geometry":{"type":"Polygon","coordinates":[[[10.656748,59.939403],[10.663008,59.939403],[10.663008,59.942388],[10.656748,59.942388],[10.656748,59.939403]]]}},{"type":"Feature","properties":{"cell_id":"r107c050","latitude":59.940896,"longitude":10.666138},"geometry":{"type":"Polygon","coordinates":[[[10.663008,59.939403],[10.669268,59.939403],[10.669268,59.942388],[10.663008,59.942388],[10.663008,59.939403]]]}},{"type":"Feature","properties":{"cell_id":"r107c051","latitude":59.940896,"longitude":10.672398},"geometry":{"type":"Polygon","coordinates":[[[10.669268,59.939403],[10.675528,59.939403],[10.675528,59.942388],[10.669268,59.942388],[10.669268,59.939403]]]}},{"type":"Feature","properties":{"cell_id":"r107c052","latitude":59.940896,"longitude":10.678659},"geometry":{"type":"Polygon","coordinates":[[[10.675528,59.939403],[10.681789,59.939403],[10.681789,59.942388],[10.675528,59.942388],[10.675528,59.939403]]]}},{"type":"Feature","properties":{"cell_id":"r107c053","latitude":59.940896,"longitude":10.684919},"geometry":{"type":"Polygon","coordinates":[[[10.681789,59.939403],[10.688049,59.939403],[10.688049,59.942388],[10.681789,59.942388],[10.681789,59.939403]]]}},{"type":"Feature","properties":{"cell_id":"r107c054","latitude":59.940896,"longitude":10.691179},"geometry":{"type":"Polygon","coordinates":[[[10.688049,59.939403],[10.694309,59.939403],[10.694309,59.942388],[10.688049,59.942388],[10.688049,59.939403]]]}},{"type":"Feature","properties":{"cell_id":"r107c055","latitude":59.940896,"longitude":10.697439},"geometry":{"type":"Polygon","coordinates":[[[10.694309,59.939403],[10.700569,59.939403],[10.700569,59.942388],[10.694309,59.942388],[10.694309,59.939403]]]}},{"type":"Feature","properties":{"cell_id":"r107c056","latitude":59.940896,"longitude":10.703699},"geometry":{"type":"Polygon","coordinates":[[[10.700569,59.939403],[10.706829,59.939403],[10.706829,59.942388],[10.700569,59.942388],[10.700569,59.939403]]]}},{"type":"Feature","properties":{"cell_id":"r107c057","latitude":59.940896,"longitude":10.709959},"geometry":{"type":"Polygon","coordinates":[[[10.706829,59.939403],[10.713089,59.939403],[10.713089,59.942388],[10.706829,59.942388],[10.706829,59.939403]]]}},{"type":"Feature","properties":{"cell_id":"r107c058","latitude":59.940896,"longitude":10.71622},"geometry":{"type":"Polygon","coordinates":[[[10.713089,59.939403],[10.71935,59.939403],[10.71935,59.942388],[10.713089,59.942388],[10.713089,59.939403]]]}},{"type":"Feature","properties":{"cell_id":"r107c059","latitude":59.940896,"longitude":10.72248},"geometry":{"type":"Polygon","coordinates":[[[10.71935,59.939403],[10.72561,59.939403],[10.72561,59.942388],[10.71935,59.942388],[10.71935,59.939403]]]}},{"type":"Feature","properties":{"cell_id":"r107c060","latitude":59.940896,"longitude":10.72874},"geometry":{"type":"Polygon","coordinates":[[[10.72561,59.939403],[10.73187,59.939403],[10.73187,59.942388],[10.72561,59.942388],[10.72561,59.939403]]]}},{"type":"Feature","properties":{"cell_id":"r107c061","latitude":59.940896,"longitude":10.735},"geometry":{"type":"Polygon","coordinates":[[[10.73187,59.939403],[10.73813,59.939403],[10.73813,59.942388],[10.73187,59.942388],[10.73187,59.939403]]]}},{"type":"Feature","properties":{"cell_id":"r107c062","latitude":59.940896,"longitude":10.74126},"geometry":{"type":"Polygon","coordinates":[[[10.73813,59.939403],[10.74439,59.939403],[10.74439,59.942388],[10.73813,59.942388],[10.73813,59.939403]]]}},{"type":"Feature","properties":{"cell_id":"r107c063","latitude":59.940896,"longitude":10.74752},"geometry":{"type":"Polygon","coordinates":[[[10.74439,59.939403],[10.75065,59.939403],[10.75065,59.942388],[10.74439,59.942388],[10.74439,59.939403]]]}},{"type":"Feature","properties":{"cell_id":"r107c064","latitude":59.940896,"longitude":10.75378},"geometry":{"type":"Polygon","coordinates":[[[10.75065,59.939403],[10.756911,59.939403],[10.756911,59.942388],[10.75065,59.942388],[10.75065,59.939403]]]}},{"type":"Feature","properties":{"cell_id":"r107c065","latitude":59.940896,"longitude":10.760041},"geometry":{"type":"Polygon","coordinates":[[[10.756911,59.939403],[10.763171,59.939403],[10.763171,59.942388],[10.756911,59.942388],[10.756911,59.939403]]]}},{"type":"Feature","properties":{"cell_id":"r107c066","latitude":59.940896,"longitude":10.766301},"geometry":{"type":"Polygon","coordinates":[[[10.763171,59.939403],[10.769431,59.939403],[10.769431,59.942388],[10.763171,59.942388],[10.763171,59.939403]]]}},{"type":"Feature","properties":{"cell_id":"r107c067","latitude":59.940896,"longitude":10.772561},"geometry":{"type":"Polygon","coordinates":[[[10.769431,59.939403],[10.775691,59.939403],[10.775691,59.942388],[10.769431,59.942388],[10.769431,59.939403]]]}},{"type":"Feature","properties":{"cell_id":"r107c068","latitude":59.940896,"longitude":10.778821},"geometry":{"type":"Polygon","coordinates":[[[10.775691,59.939403],[10.781951,59.939403],[10.781951,59.942388],[10.775691,59.942388],[10.775691,59.939403]]]}},{"type":"Feature","properties":{"cell_id":"r107c069","latitude":59.940896,"longitude":10.785081},"geometry":{"type":"Polygon","coordinates":[[[10.781951,59.939403],[10.788211,59.939403],[10.788211,59.942388],[10.781951,59.942388],[10.781951,59.939403]]]}},{"type":"Feature","properties":{"cell_id":"r107c070","latitude":59.940896,"longitude":10.791341},"geometry":{"type":"Polygon","coordinates":[[[10.788211,59.939403],[10.794472,59.939403],[10.794472,59.942388],[10.788211,59.942388],[10.788211,59.939403]]]}},{"type":"Feature","properties":{"cell_id":"r107c071","latitude":59.940896,"longitude":10.797602},"geometry":{"type":"Polygon","coordinates":[[[10.794472,59.939403],[10.800732,59.939403],[10.800732,59.942388],[10.794472,59.942388],[10.794472,59.939403]]]}},{"type":"Feature","properties":{"cell_id":"r107c072","latitude":59.940896,"longitude":10.803862},"geometry":{"type":"Polygon","coordinates":[[[10.800732,59.939403],[10.806992,59.939403],[10.806992,59.942388],[10.800732,59.942388],[10.800732,59.939403]]]}},{"type":"Feature","properties":{"cell_id":"r107c073","latitude":59.940896,"longitude":10.810122},"geometry":{"type":"Polygon","coordinates":[[[10.806992,59.939403],[10.813252,59.939403],[10.813252,59.942388],[10.806992,59.942388],[10.806992,59.939403]]]}},{"type":"Feature","properties":{"cell_id":"r107c074","latitude":59.940896,"longitude":10.816382},"geometry":{"type":"Polygon","coordinates":[[[10.813252,59.939403],[10.819512,59.939403],[10.819512,59.942388],[10.813252,59.942388],[10.813252,59.939403]]]}},{"type":"Feature","properties":{"cell_id":"r107c075","latitude":59.940896,"longitude":10.822642},"geometry":{"type":"Polygon","coordinates":[[[10.819512,59.939403],[10.825772,59.939403],[10.825772,59.942388],[10.819512,59.942388],[10.819512,59.939403]]]}},{"type":"Feature","properties":{"cell_id":"r107c076","latitude":59.940896,"longitude":10.828902},"geometry":{"type":"Polygon","coordinates":[[[10.825772,59.939403],[10.832033,59.939403],[10.832033,59.942388],[10.825772,59.942388],[10.825772,59.939403]]]}},{"type":"Feature","properties":{"cell_id":"r107c077","latitude":59.940896,"longitude":10.835163},"geometry":{"type":"Polygon","coordinates":[[[10.832033,59.939403],[10.838293,59.939403],[10.838293,59.942388],[10.832033,59.942388],[10.832033,59.939403]]]}},{"type":"Feature","properties":{"cell_id":"r107c078","latitude":59.940896,"longitude":10.841423},"geometry":{"type":"Polygon","coordinates":[[[10.838293,59.939403],[10.844553,59.939403],[10.844553,59.942388],[10.838293,59.942388],[10.838293,59.939403]]]}},{"type":"Feature","properties":{"cell_id":"r107c079","latitude":59.940896,"longitude":10.847683},"geometry":{"type":"Polygon","coordinates":[[[10.844553,59.939403],[10.850813,59.939403],[10.850813,59.942388],[10.844553,59.942388],[10.844553,59.939403]]]}},{"type":"Feature","properties":{"cell_id":"r107c080","latitude":59.940896,"longitude":10.853943},"geometry":{"type":"Polygon","coordinates":[[[10.850813,59.939403],[10.857073,59.939403],[10.857073,59.942388],[10.850813,59.942388],[10.850813,59.939403]]]}},{"type":"Feature","properties":{"cell_id":"r107c081","latitude":59.940896,"longitude":10.860203},"geometry":{"type":"Polygon","coordinates":[[[10.857073,59.939403],[10.863333,59.939403],[10.863333,59.942388],[10.857073,59.942388],[10.857073,59.939403]]]}},{"type":"Feature","properties":{"cell_id":"r107c082","latitude":59.940896,"longitude":10.866463},"geometry":{"type":"Polygon","coordinates":[[[10.863333,59.939403],[10.869593,59.939403],[10.869593,59.942388],[10.863333,59.942388],[10.863333,59.939403]]]}},{"type":"Feature","properties":{"cell_id":"r107c083","latitude":59.940896,"longitude":10.872724},"geometry":{"type":"Polygon","coordinates":[[[10.869593,59.939403],[10.875854,59.939403],[10.875854,59.942388],[10.869593,59.942388],[10.869593,59.939403]]]}},{"type":"Feature","properties":{"cell_id":"r107c084","latitude":59.940896,"longitude":10.878984},"geometry":{"type":"Polygon","coordinates":[[[10.875854,59.939403],[10.882114,59.939403],[10.882114,59.942388],[10.875854,59.942388],[10.875854,59.939403]]]}},{"type":"Feature","properties":{"cell_id":"r107c085","latitude":59.940896,"longitude":10.885244},"geometry":{"type":"Polygon","coordinates":[[[10.882114,59.939403],[10.888374,59.939403],[10.888374,59.942388],[10.882114,59.942388],[10.882114,59.939403]]]}},{"type":"Feature","properties":{"cell_id":"r107c086","latitude":59.940896,"longitude":10.891504},"geometry":{"type":"Polygon","coordinates":[[[10.888374,59.939403],[10.894634,59.939403],[10.894634,59.942388],[10.888374,59.942388],[10.888374,59.939403]]]}},{"type":"Feature","properties":{"cell_id":"r107c087","latitude":59.940896,"longitude":10.897764},"geometry":{"type":"Polygon","coordinates":[[[10.894634,59.939403],[10.900894,59.939403],[10.900894,59.942388],[10.894634,59.942388],[10.894634,59.939403]]]}},{"type":"Feature","properties":{"cell_id":"r107c088","latitude":59.940896,"longitude":10.904024},"geometry":{"type":"Polygon","coordinates":[[[10.900894,59.939403],[10.907154,59.939403],[10.907154,59.942388],[10.900894,59.942388],[10.900894,59.939403]]]}},{"type":"Feature","properties":{"cell_id":"r107c089","latitude":59.940896,"longitude":10.910285},"geometry":{"type":"Polygon","coordinates":[[[10.907154,59.939403],[10.913415,59.939403],[10.913415,59.942388],[10.907154,59.942388],[10.907154,59.939403]]]}},{"type":"Feature","properties":{"cell_id":"r107c090","latitude":59.940896,"longitude":10.916545},"geometry":{"type":"Polygon","coordinates":[[[10.913415,59.939403],[10.919675,59.939403],[10.919675,59.942388],[10.913415,59.942388],[10.913415,59.939403]]]}},{"type":"Feature","properties":{"cell_id":"r107c091","latitude":59.940896,"longitude":10.922805},"geometry":{"type":"Polygon","coordinates":[[[10.919675,59.939403],[10.925935,59.939403],[10.925935,59.942388],[10.919675,59.942388],[10.919675,59.939403]]]}},{"type":"Feature","properties":{"cell_id":"r107c092","latitude":59.940896,"longitude":10.929065},"geometry":{"type":"Polygon","coordinates":[[[10.925935,59.939403],[10.932195,59.939403],[10.932195,59.942388],[10.925935,59.942388],[10.925935,59.939403]]]}},{"type":"Feature","properties":{"cell_id":"r107c093","latitude":59.940896,"longitude":10.935325},"geometry":{"type":"Polygon","coordinates":[[[10.932195,59.939403],[10.938455,59.939403],[10.938455,59.942388],[10.932195,59.942388],[10.932195,59.939403]]]}},{"type":"Feature","properties":{"cell_id":"r107c094","latitude":59.940896,"longitude":10.941585},"geometry":{"type":"Polygon","coordinates":[[[10.938455,59.939403],[10.944715,59.939403],[10.944715,59.942388],[10.938455,59.942388],[10.938455,59.939403]]]}},{"type":"Feature","properties":{"cell_id":"r107c095","latitude":59.940896,"longitude":10.947846},"geometry":{"type":"Polygon","coordinates":[[[10.944715,59.939403],[10.950976,59.939403],[10.950976,59.942388],[10.944715,59.942388],[10.944715,59.939403]]]}},{"type":"Feature","properties":{"cell_id":"r107c096","latitude":59.940896,"longitude":10.954106},"geometry":{"type":"Polygon","coordinates":[[[10.950976,59.939403],[10.957236,59.939403],[10.957236,59.942388],[10.950976,59.942388],[10.950976,59.939403]]]}},{"type":"Feature","properties":{"cell_id":"r107c097","latitude":59.940896,"longitude":10.960366},"geometry":{"type":"Polygon","coordinates":[[[10.957236,59.939403],[10.963496,59.939403],[10.963496,59.942388],[10.957236,59.942388],[10.957236,59.939403]]]}},{"type":"Feature","properties":{"cell_id":"r107c098","latitude":59.940896,"longitude":10.966626},"geometry":{"type":"Polygon","coordinates":[[[10.963496,59.939403],[10.969756,59.939403],[10.969756,59.942388],[10.963496,59.942388],[10.963496,59.939403]]]}},{"type":"Feature","properties":{"cell_id":"r107c099","latitude":59.940896,"longitude":10.972886},"geometry":{"type":"Polygon","coordinates":[[[10.969756,59.939403],[10.976016,59.939403],[10.976016,59.942388],[10.969756,59.942388],[10.969756,59.939403]]]}},{"type":"Feature","properties":{"cell_id":"r107c100","latitude":59.940896,"longitude":10.979146},"geometry":{"type":"Polygon","coordinates":[[[10.976016,59.939403],[10.982276,59.939403],[10.982276,59.942388],[10.976016,59.942388],[10.976016,59.939403]]]}},{"type":"Feature","properties":{"cell_id":"r107c101","latitude":59.940896,"longitude":10.985407},"geometry":{"type":"Polygon","coordinates":[[[10.982276,59.939403],[10.988537,59.939403],[10.988537,59.942388],[10.982276,59.942388],[10.982276,59.939403]]]}},{"type":"Feature","properties":{"cell_id":"r107c102","latitude":59.940896,"longitude":10.991667},"geometry":{"type":"Polygon","coordinates":[[[10.988537,59.939403],[10.994797,59.939403],[10.994797,59.942388],[10.988537,59.942388],[10.988537,59.939403]]]}},{"type":"Feature","properties":{"cell_id":"r107c103","latitude":59.940896,"longitude":10.997927},"geometry":{"type":"Polygon","coordinates":[[[10.994797,59.939403],[11.001057,59.939403],[11.001057,59.942388],[10.994797,59.942388],[10.994797,59.939403]]]}},{"type":"Feature","properties":{"cell_id":"r107c104","latitude":59.940896,"longitude":11.004187},"geometry":{"type":"Polygon","coordinates":[[[11.001057,59.939403],[11.007317,59.939403],[11.007317,59.942388],[11.001057,59.942388],[11.001057,59.939403]]]}},{"type":"Feature","properties":{"cell_id":"r107c105","latitude":59.940896,"longitude":11.010447},"geometry":{"type":"Polygon","coordinates":[[[11.007317,59.939403],[11.013577,59.939403],[11.013577,59.942388],[11.007317,59.942388],[11.007317,59.939403]]]}},{"type":"Feature","properties":{"cell_id":"r107c106","latitude":59.940896,"longitude":11.016707},"geometry":{"type":"Polygon","coordinates":[[[11.013577,59.939403],[11.019837,59.939403],[11.019837,59.942388],[11.013577,59.942388],[11.013577,59.939403]]]}},{"type":"Feature","properties":{"cell_id":"r107c107","latitude":59.940896,"longitude":11.022967},"geometry":{"type":"Polygon","coordinates":[[[11.019837,59.939403],[11.026098,59.939403],[11.026098,59.942388],[11.019837,59.942388],[11.019837,59.939403]]]}},{"type":"Feature","properties":{"cell_id":"r107c111","latitude":59.940896,"longitude":11.048008},"geometry":{"type":"Polygon","coordinates":[[[11.044878,59.939403],[11.051138,59.939403],[11.051138,59.942388],[11.044878,59.942388],[11.044878,59.939403]]]}},{"type":"Feature","properties":{"cell_id":"r107c112","latitude":59.940896,"longitude":11.054268},"geometry":{"type":"Polygon","coordinates":[[[11.051138,59.939403],[11.057398,59.939403],[11.057398,59.942388],[11.051138,59.942388],[11.051138,59.939403]]]}},{"type":"Feature","properties":{"cell_id":"r107c113","latitude":59.940896,"longitude":11.060528},"geometry":{"type":"Polygon","coordinates":[[[11.057398,59.939403],[11.063659,59.939403],[11.063659,59.942388],[11.057398,59.942388],[11.057398,59.939403]]]}},{"type":"Feature","properties":{"cell_id":"r108c022","latitude":59.943881,"longitude":10.490854},"geometry":{"type":"Polygon","coordinates":[[[10.487724,59.942388],[10.493984,59.942388],[10.493984,59.945373],[10.487724,59.945373],[10.487724,59.942388]]]}},{"type":"Feature","properties":{"cell_id":"r108c023","latitude":59.943881,"longitude":10.497114},"geometry":{"type":"Polygon","coordinates":[[[10.493984,59.942388],[10.500244,59.942388],[10.500244,59.945373],[10.493984,59.945373],[10.493984,59.942388]]]}},{"type":"Feature","properties":{"cell_id":"r108c024","latitude":59.943881,"longitude":10.503374},"geometry":{"type":"Polygon","coordinates":[[[10.500244,59.942388],[10.506504,59.942388],[10.506504,59.945373],[10.500244,59.945373],[10.500244,59.942388]]]}},{"type":"Feature","properties":{"cell_id":"r108c025","latitude":59.943881,"longitude":10.509634},"geometry":{"type":"Polygon","coordinates":[[[10.506504,59.942388],[10.512764,59.942388],[10.512764,59.945373],[10.506504,59.945373],[10.506504,59.942388]]]}},{"type":"Feature","properties":{"cell_id":"r108c026","latitude":59.943881,"longitude":10.515894},"geometry":{"type":"Polygon","coordinates":[[[10.512764,59.942388],[10.519024,59.942388],[10.519024,59.945373],[10.512764,59.945373],[10.512764,59.942388]]]}},{"type":"Feature","properties":{"cell_id":"r108c038","latitude":59.943881,"longitude":10.591016},"geometry":{"type":"Polygon","coordinates":[[[10.587886,59.942388],[10.594146,59.942388],[10.594146,59.945373],[10.587886,59.945373],[10.587886,59.942388]]]}},{"type":"Feature","properties":{"cell_id":"r108c039","latitude":59.943881,"longitude":10.597276},"geometry":{"type":"Polygon","coordinates":[[[10.594146,59.942388],[10.600407,59.942388],[10.600407,59.945373],[10.594146,59.945373],[10.594146,59.942388]]]}},{"type":"Feature","properties":{"cell_id":"r108c040","latitude":59.943881,"longitude":10.603537},"geometry":{"type":"Polygon","coordinates":[[[10.600407,59.942388],[10.606667,59.942388],[10.606667,59.945373],[10.600407,59.945373],[10.600407,59.942388]]]}},{"type":"Feature","properties":{"cell_id":"r108c041","latitude":59.943881,"longitude":10.609797},"geometry":{"type":"Polygon","coordinates":[[[10.606667,59.942388],[10.612927,59.942388],[10.612927,59.945373],[10.606667,59.945373],[10.606667,59.942388]]]}},{"type":"Feature","properties":{"cell_id":"r108c042","latitude":59.943881,"longitude":10.616057},"geometry":{"type":"Polygon","coordinates":[[[10.612927,59.942388],[10.619187,59.942388],[10.619187,59.945373],[10.612927,59.945373],[10.612927,59.942388]]]}},{"type":"Feature","properties":{"cell_id":"r108c043","latitude":59.943881,"longitude":10.622317},"geometry":{"type":"Polygon","coordinates":[[[10.619187,59.942388],[10.625447,59.942388],[10.625447,59.945373],[10.619187,59.945373],[10.619187,59.942388]]]}},{"type":"Feature","properties":{"cell_id":"r108c044","latitude":59.943881,"longitude":10.628577},"geometry":{"type":"Polygon","coordinates":[[[10.625447,59.942388],[10.631707,59.942388],[10.631707,59.945373],[10.625447,59.945373],[10.625447,59.942388]]]}},{"type":"Feature","properties":{"cell_id":"r108c045","latitude":59.943881,"longitude":10.634837},"geometry":{"type":"Polygon","coordinates":[[[10.631707,59.942388],[10.637967,59.942388],[10.637967,59.945373],[10.631707,59.945373],[10.631707,59.942388]]]}},{"type":"Feature","properties":{"cell_id":"r108c046","latitude":59.943881,"longitude":10.641098},"geometry":{"type":"Polygon","coordinates":[[[10.637967,59.942388],[10.644228,59.942388],[10.644228,59.945373],[10.637967,59.945373],[10.637967,59.942388]]]}},{"type":"Feature","properties":{"cell_id":"r108c047","latitude":59.943881,"longitude":10.647358},"geometry":{"type":"Polygon","coordinates":[[[10.644228,59.942388],[10.650488,59.942388],[10.650488,59.945373],[10.644228,59.945373],[10.644228,59.942388]]]}},{"type":"Feature","properties":{"cell_id":"r108c048","latitude":59.943881,"longitude":10.653618},"geometry":{"type":"Polygon","coordinates":[[[10.650488,59.942388],[10.656748,59.942388],[10.656748,59.945373],[10.650488,59.945373],[10.650488,59.942388]]]}},{"type":"Feature","properties":{"cell_id":"r108c049","latitude":59.943881,"longitude":10.659878},"geometry":{"type":"Polygon","coordinates":[[[10.656748,59.942388],[10.663008,59.942388],[10.663008,59.945373],[10.656748,59.945373],[10.656748,59.942388]]]}},{"type":"Feature","properties":{"cell_id":"r108c050","latitude":59.943881,"longitude":10.666138},"geometry":{"type":"Polygon","coordinates":[[[10.663008,59.942388],[10.669268,59.942388],[10.669268,59.945373],[10.663008,59.945373],[10.663008,59.942388]]]}},{"type":"Feature","properties":{"cell_id":"r108c051","latitude":59.943881,"longitude":10.672398},"geometry":{"type":"Polygon","coordinates":[[[10.669268,59.942388],[10.675528,59.942388],[10.675528,59.945373],[10.669268,59.945373],[10.669268,59.942388]]]}},{"type":"Feature","properties":{"cell_id":"r108c052","latitude":59.943881,"longitude":10.678659},"geometry":{"type":"Polygon","coordinates":[[[10.675528,59.942388],[10.681789,59.942388],[10.681789,59.945373],[10.675528,59.945373],[10.675528,59.942388]]]}},{"type":"Feature","properties":{"cell_id":"r108c053","latitude":59.943881,"longitude":10.684919},"geometry":{"type":"Polygon","coordinates":[[[10.681789,59.942388],[10.688049,59.942388],[10.688049,59.945373],[10.681789,59.945373],[10.681789,59.942388]]]}},{"type":"Feature","properties":{"cell_id":"r108c054","latitude":59.943881,"longitude":10.691179},"geometry":{"type":"Polygon","coordinates":[[[10.688049,59.942388],[10.694309,59.942388],[10.694309,59.945373],[10.688049,59.945373],[10.688049,59.942388]]]}},{"type":"Feature","properties":{"cell_id":"r108c055","latitude":59.943881,"longitude":10.697439},"geometry":{"type":"Polygon","coordinates":[[[10.694309,59.942388],[10.700569,59.942388],[10.700569,59.945373],[10.694309,59.945373],[10.694309,59.942388]]]}},{"type":"Feature","properties":{"cell_id":"r108c056","latitude":59.943881,"longitude":10.703699},"geometry":{"type":"Polygon","coordinates":[[[10.700569,59.942388],[10.706829,59.942388],[10.706829,59.945373],[10.700569,59.945373],[10.700569,59.942388]]]}},{"type":"Feature","properties":{"cell_id":"r108c057","latitude":59.943881,"longitude":10.709959},"geometry":{"type":"Polygon","coordinates":[[[10.706829,59.942388],[10.713089,59.942388],[10.713089,59.945373],[10.706829,59.945373],[10.706829,59.942388]]]}},{"type":"Feature","properties":{"cell_id":"r108c058","latitude":59.943881,"longitude":10.71622},"geometry":{"type":"Polygon","coordinates":[[[10.713089,59.942388],[10.71935,59.942388],[10.71935,59.945373],[10.713089,59.945373],[10.713089,59.942388]]]}},{"type":"Feature","properties":{"cell_id":"r108c059","latitude":59.943881,"longitude":10.72248},"geometry":{"type":"Polygon","coordinates":[[[10.71935,59.942388],[10.72561,59.942388],[10.72561,59.945373],[10.71935,59.945373],[10.71935,59.942388]]]}},{"type":"Feature","properties":{"cell_id":"r108c060","latitude":59.943881,"longitude":10.72874},"geometry":{"type":"Polygon","coordinates":[[[10.72561,59.942388],[10.73187,59.942388],[10.73187,59.945373],[10.72561,59.945373],[10.72561,59.942388]]]}},{"type":"Feature","properties":{"cell_id":"r108c061","latitude":59.943881,"longitude":10.735},"geometry":{"type":"Polygon","coordinates":[[[10.73187,59.942388],[10.73813,59.942388],[10.73813,59.945373],[10.73187,59.945373],[10.73187,59.942388]]]}},{"type":"Feature","properties":{"cell_id":"r108c062","latitude":59.943881,"longitude":10.74126},"geometry":{"type":"Polygon","coordinates":[[[10.73813,59.942388],[10.74439,59.942388],[10.74439,59.945373],[10.73813,59.945373],[10.73813,59.942388]]]}},{"type":"Feature","properties":{"cell_id":"r108c063","latitude":59.943881,"longitude":10.74752},"geometry":{"type":"Polygon","coordinates":[[[10.74439,59.942388],[10.75065,59.942388],[10.75065,59.945373],[10.74439,59.945373],[10.74439,59.942388]]]}},{"type":"Feature","properties":{"cell_id":"r108c064","latitude":59.943881,"longitude":10.75378},"geometry":{"type":"Polygon","coordinates":[[[10.75065,59.942388],[10.756911,59.942388],[10.756911,59.945373],[10.75065,59.945373],[10.75065,59.942388]]]}},{"type":"Feature","properties":{"cell_id":"r108c065","latitude":59.943881,"longitude":10.760041},"geometry":{"type":"Polygon","coordinates":[[[10.756911,59.942388],[10.763171,59.942388],[10.763171,59.945373],[10.756911,59.945373],[10.756911,59.942388]]]}},{"type":"Feature","properties":{"cell_id":"r108c066","latitude":59.943881,"longitude":10.766301},"geometry":{"type":"Polygon","coordinates":[[[10.763171,59.942388],[10.769431,59.942388],[10.769431,59.945373],[10.763171,59.945373],[10.763171,59.942388]]]}},{"type":"Feature","properties":{"cell_id":"r108c067","latitude":59.943881,"longitude":10.772561},"geometry":{"type":"Polygon","coordinates":[[[10.769431,59.942388],[10.775691,59.942388],[10.775691,59.945373],[10.769431,59.945373],[10.769431,59.942388]]]}},{"type":"Feature","properties":{"cell_id":"r108c068","latitude":59.943881,"longitude":10.778821},"geometry":{"type":"Polygon","coordinates":[[[10.775691,59.942388],[10.781951,59.942388],[10.781951,59.945373],[10.775691,59.945373],[10.775691,59.942388]]]}},{"type":"Feature","properties":{"cell_id":"r108c069","latitude":59.943881,"longitude":10.785081},"geometry":{"type":"Polygon","coordinates":[[[10.781951,59.942388],[10.788211,59.942388],[10.788211,59.945373],[10.781951,59.945373],[10.781951,59.942388]]]}},{"type":"Feature","properties":{"cell_id":"r108c070","latitude":59.943881,"longitude":10.791341},"geometry":{"type":"Polygon","coordinates":[[[10.788211,59.942388],[10.794472,59.942388],[10.794472,59.945373],[10.788211,59.945373],[10.788211,59.942388]]]}},{"type":"Feature","properties":{"cell_id":"r108c071","latitude":59.943881,"longitude":10.797602},"geometry":{"type":"Polygon","coordinates":[[[10.794472,59.942388],[10.800732,59.942388],[10.800732,59.945373],[10.794472,59.945373],[10.794472,59.942388]]]}},{"type":"Feature","properties":{"cell_id":"r108c072","latitude":59.943881,"longitude":10.803862},"geometry":{"type":"Polygon","coordinates":[[[10.800732,59.942388],[10.806992,59.942388],[10.806992,59.945373],[10.800732,59.945373],[10.800732,59.942388]]]}},{"type":"Feature","properties":{"cell_id":"r108c073","latitude":59.943881,"longitude":10.810122},"geometry":{"type":"Polygon","coordinates":[[[10.806992,59.942388],[10.813252,59.942388],[10.813252,59.945373],[10.806992,59.945373],[10.806992,59.942388]]]}},{"type":"Feature","properties":{"cell_id":"r108c074","latitude":59.943881,"longitude":10.816382},"geometry":{"type":"Polygon","coordinates":[[[10.813252,59.942388],[10.819512,59.942388],[10.819512,59.945373],[10.813252,59.945373],[10.813252,59.942388]]]}},{"type":"Feature","properties":{"cell_id":"r108c075","latitude":59.943881,"longitude":10.822642},"geometry":{"type":"Polygon","coordinates":[[[10.819512,59.942388],[10.825772,59.942388],[10.825772,59.945373],[10.819512,59.945373],[10.819512,59.942388]]]}},{"type":"Feature","properties":{"cell_id":"r108c076","latitude":59.943881,"longitude":10.828902},"geometry":{"type":"Polygon","coordinates":[[[10.825772,59.942388],[10.832033,59.942388],[10.832033,59.945373],[10.825772,59.945373],[10.825772,59.942388]]]}},{"type":"Feature","properties":{"cell_id":"r108c077","latitude":59.943881,"longitude":10.835163},"geometry":{"type":"Polygon","coordinates":[[[10.832033,59.942388],[10.838293,59.942388],[10.838293,59.945373],[10.832033,59.945373],[10.832033,59.942388]]]}},{"type":"Feature","properties":{"cell_id":"r108c078","latitude":59.943881,"longitude":10.841423},"geometry":{"type":"Polygon","coordinates":[[[10.838293,59.942388],[10.844553,59.942388],[10.844553,59.945373],[10.838293,59.945373],[10.838293,59.942388]]]}},{"type":"Feature","properties":{"cell_id":"r108c079","latitude":59.943881,"longitude":10.847683},"geometry":{"type":"Polygon","coordinates":[[[10.844553,59.942388],[10.850813,59.942388],[10.850813,59.945373],[10.844553,59.945373],[10.844553,59.942388]]]}},{"type":"Feature","properties":{"cell_id":"r108c080","latitude":59.943881,"longitude":10.853943},"geometry":{"type":"Polygon","coordinates":[[[10.850813,59.942388],[10.857073,59.942388],[10.857073,59.945373],[10.850813,59.945373],[10.850813,59.942388]]]}},{"type":"Feature","properties":{"cell_id":"r108c081","latitude":59.943881,"longitude":10.860203},"geometry":{"type":"Polygon","coordinates":[[[10.857073,59.942388],[10.863333,59.942388],[10.863333,59.945373],[10.857073,59.945373],[10.857073,59.942388]]]}},{"type":"Feature","properties":{"cell_id":"r108c082","latitude":59.943881,"longitude":10.866463},"geometry":{"type":"Polygon","coordinates":[[[10.863333,59.942388],[10.869593,59.942388],[10.869593,59.945373],[10.863333,59.945373],[10.863333,59.942388]]]}},{"type":"Feature","properties":{"cell_id":"r108c083","latitude":59.943881,"longitude":10.872724},"geometry":{"type":"Polygon","coordinates":[[[10.869593,59.942388],[10.875854,59.942388],[10.875854,59.945373],[10.869593,59.945373],[10.869593,59.942388]]]}},{"type":"Feature","properties":{"cell_id":"r108c084","latitude":59.943881,"longitude":10.878984},"geometry":{"type":"Polygon","coordinates":[[[10.875854,59.942388],[10.882114,59.942388],[10.882114,59.945373],[10.875854,59.945373],[10.875854,59.942388]]]}},{"type":"Feature","properties":{"cell_id":"r108c085","latitude":59.943881,"longitude":10.885244},"geometry":{"type":"Polygon","coordinates":[[[10.882114,59.942388],[10.888374,59.942388],[10.888374,59.945373],[10.882114,59.945373],[10.882114,59.942388]]]}},{"type":"Feature","properties":{"cell_id":"r108c086","latitude":59.943881,"longitude":10.891504},"geometry":{"type":"Polygon","coordinates":[[[10.888374,59.942388],[10.894634,59.942388],[10.894634,59.945373],[10.888374,59.945373],[10.888374,59.942388]]]}},{"type":"Feature","properties":{"cell_id":"r108c087","latitude":59.943881,"longitude":10.897764},"geometry":{"type":"Polygon","coordinates":[[[10.894634,59.942388],[10.900894,59.942388],[10.900894,59.945373],[10.894634,59.945373],[10.894634,59.942388]]]}},{"type":"Feature","properties":{"cell_id":"r108c088","latitude":59.943881,"longitude":10.904024},"geometry":{"type":"Polygon","coordinates":[[[10.900894,59.942388],[10.907154,59.942388],[10.907154,59.945373],[10.900894,59.945373],[10.900894,59.942388]]]}},{"type":"Feature","properties":{"cell_id":"r108c089","latitude":59.943881,"longitude":10.910285},"geometry":{"type":"Polygon","coordinates":[[[10.907154,59.942388],[10.913415,59.942388],[10.913415,59.945373],[10.907154,59.945373],[10.907154,59.942388]]]}},{"type":"Feature","properties":{"cell_id":"r108c090","latitude":59.943881,"longitude":10.916545},"geometry":{"type":"Polygon","coordinates":[[[10.913415,59.942388],[10.919675,59.942388],[10.919675,59.945373],[10.913415,59.945373],[10.913415,59.942388]]]}},{"type":"Feature","properties":{"cell_id":"r108c091","latitude":59.943881,"longitude":10.922805},"geometry":{"type":"Polygon","coordinates":[[[10.919675,59.942388],[10.925935,59.942388],[10.925935,59.945373],[10.919675,59.945373],[10.919675,59.942388]]]}},{"type":"Feature","properties":{"cell_id":"r108c092","latitude":59.943881,"longitude":10.929065},"geometry":{"type":"Polygon","coordinates":[[[10.925935,59.942388],[10.932195,59.942388],[10.932195,59.945373],[10.925935,59.945373],[10.925935,59.942388]]]}},{"type":"Feature","properties":{"cell_id":"r108c093","latitude":59.943881,"longitude":10.935325},"geometry":{"type":"Polygon","coordinates":[[[10.932195,59.942388],[10.938455,59.942388],[10.938455,59.945373],[10.932195,59.945373],[10.932195,59.942388]]]}},{"type":"Feature","properties":{"cell_id":"r108c094","latitude":59.943881,"longitude":10.941585},"geometry":{"type":"Polygon","coordinates":[[[10.938455,59.942388],[10.944715,59.942388],[10.944715,59.945373],[10.938455,59.945373],[10.938455,59.942388]]]}},{"type":"Feature","properties":{"cell_id":"r108c095","latitude":59.943881,"longitude":10.947846},"geometry":{"type":"Polygon","coordinates":[[[10.944715,59.942388],[10.950976,59.942388],[10.950976,59.945373],[10.944715,59.945373],[10.944715,59.942388]]]}},{"type":"Feature","properties":{"cell_id":"r108c096","latitude":59.943881,"longitude":10.954106},"geometry":{"type":"Polygon","coordinates":[[[10.950976,59.942388],[10.957236,59.942388],[10.957236,59.945373],[10.950976,59.945373],[10.950976,59.942388]]]}},{"type":"Feature","properties":{"cell_id":"r108c097","latitude":59.943881,"longitude":10.960366},"geometry":{"type":"Polygon","coordinates":[[[10.957236,59.942388],[10.963496,59.942388],[10.963496,59.945373],[10.957236,59.945373],[10.957236,59.942388]]]}},{"type":"Feature","properties":{"cell_id":"r108c099","latitude":59.943881,"longitude":10.972886},"geometry":{"type":"Polygon","coordinates":[[[10.969756,59.942388],[10.976016,59.942388],[10.976016,59.945373],[10.969756,59.945373],[10.969756,59.942388]]]}},{"type":"Feature","properties":{"cell_id":"r108c100","latitude":59.943881,"longitude":10.979146},"geometry":{"type":"Polygon","coordinates":[[[10.976016,59.942388],[10.982276,59.942388],[10.982276,59.945373],[10.976016,59.945373],[10.976016,59.942388]]]}},{"type":"Feature","properties":{"cell_id":"r108c101","latitude":59.943881,"longitude":10.985407},"geometry":{"type":"Polygon","coordinates":[[[10.982276,59.942388],[10.988537,59.942388],[10.988537,59.945373],[10.982276,59.945373],[10.982276,59.942388]]]}},{"type":"Feature","properties":{"cell_id":"r108c102","latitude":59.943881,"longitude":10.991667},"geometry":{"type":"Polygon","coordinates":[[[10.988537,59.942388],[10.994797,59.942388],[10.994797,59.945373],[10.988537,59.945373],[10.988537,59.942388]]]}},{"type":"Feature","properties":{"cell_id":"r108c103","latitude":59.943881,"longitude":10.997927},"geometry":{"type":"Polygon","coordinates":[[[10.994797,59.942388],[11.001057,59.942388],[11.001057,59.945373],[10.994797,59.945373],[10.994797,59.942388]]]}},{"type":"Feature","properties":{"cell_id":"r108c104","latitude":59.943881,"longitude":11.004187},"geometry":{"type":"Polygon","coordinates":[[[11.001057,59.942388],[11.007317,59.942388],[11.007317,59.945373],[11.001057,59.945373],[11.001057,59.942388]]]}},{"type":"Feature","properties":{"cell_id":"r108c105","latitude":59.943881,"longitude":11.010447},"geometry":{"type":"Polygon","coordinates":[[[11.007317,59.942388],[11.013577,59.942388],[11.013577,59.945373],[11.007317,59.945373],[11.007317,59.942388]]]}},{"type":"Feature","properties":{"cell_id":"r108c106","latitude":59.943881,"longitude":11.016707},"geometry":{"type":"Polygon","coordinates":[[[11.013577,59.942388],[11.019837,59.942388],[11.019837,59.945373],[11.013577,59.945373],[11.013577,59.942388]]]}},{"type":"Feature","properties":{"cell_id":"r108c107","latitude":59.943881,"longitude":11.022967},"geometry":{"type":"Polygon","coordinates":[[[11.019837,59.942388],[11.026098,59.942388],[11.026098,59.945373],[11.019837,59.945373],[11.019837,59.942388]]]}},{"type":"Feature","properties":{"cell_id":"r108c110","latitude":59.943881,"longitude":11.041748},"geometry":{"type":"Polygon","coordinates":[[[11.038618,59.942388],[11.044878,59.942388],[11.044878,59.945373],[11.038618,59.945373],[11.038618,59.942388]]]}},{"type":"Feature","properties":{"cell_id":"r108c111","latitude":59.943881,"longitude":11.048008},"geometry":{"type":"Polygon","coordinates":[[[11.044878,59.942388],[11.051138,59.942388],[11.051138,59.945373],[11.044878,59.945373],[11.044878,59.942388]]]}},{"type":"Feature","properties":{"cell_id":"r108c112","latitude":59.943881,"longitude":11.054268},"geometry":{"type":"Polygon","coordinates":[[[11.051138,59.942388],[11.057398,59.942388],[11.057398,59.945373],[11.051138,59.945373],[11.051138,59.942388]]]}},{"type":"Feature","properties":{"cell_id":"r108c114","latitude":59.943881,"longitude":11.066789},"geometry":{"type":"Polygon","coordinates":[[[11.063659,59.942388],[11.069919,59.942388],[11.069919,59.945373],[11.063659,59.945373],[11.063659,59.942388]]]}},{"type":"Feature","properties":{"cell_id":"r109c023","latitude":59.946866,"longitude":10.497114},"geometry":{"type":"Polygon","coordinates":[[[10.493984,59.945373],[10.500244,59.945373],[10.500244,59.948358],[10.493984,59.948358],[10.493984,59.945373]]]}},{"type":"Feature","properties":{"cell_id":"r109c024","latitude":59.946866,"longitude":10.503374},"geometry":{"type":"Polygon","coordinates":[[[10.500244,59.945373],[10.506504,59.945373],[10.506504,59.948358],[10.500244,59.948358],[10.500244,59.945373]]]}},{"type":"Feature","properties":{"cell_id":"r109c025","latitude":59.946866,"longitude":10.509634},"geometry":{"type":"Polygon","coordinates":[[[10.506504,59.945373],[10.512764,59.945373],[10.512764,59.948358],[10.506504,59.948358],[10.506504,59.945373]]]}},{"type":"Feature","properties":{"cell_id":"r109c026","latitude":59.946866,"longitude":10.515894},"geometry":{"type":"Polygon","coordinates":[[[10.512764,59.945373],[10.519024,59.945373],[10.519024,59.948358],[10.512764,59.948358],[10.512764,59.945373]]]}},{"type":"Feature","properties":{"cell_id":"r109c039","latitude":59.946866,"longitude":10.597276},"geometry":{"type":"Polygon","coordinates":[[[10.594146,59.945373],[10.600407,59.945373],[10.600407,59.948358],[10.594146,59.948358],[10.594146,59.945373]]]}},{"type":"Feature","properties":{"cell_id":"r109c040","latitude":59.946866,"longitude":10.603537},"geometry":{"type":"Polygon","coordinates":[[[10.600407,59.945373],[10.606667,59.945373],[10.606667,59.948358],[10.600407,59.948358],[10.600407,59.945373]]]}},{"type":"Feature","properties":{"cell_id":"r109c041","latitude":59.946866,"longitude":10.609797},"geometry":{"type":"Polygon","coordinates":[[[10.606667,59.945373],[10.612927,59.945373],[10.612927,59.948358],[10.606667,59.948358],[10.606667,59.945373]]]}},{"type":"Feature","properties":{"cell_id":"r109c042","latitude":59.946866,"longitude":10.616057},"geometry":{"type":"Polygon","coordinates":[[[10.612927,59.945373],[10.619187,59.945373],[10.619187,59.948358],[10.612927,59.948358],[10.612927,59.945373]]]}},{"type":"Feature","properties":{"cell_id":"r109c043","latitude":59.946866,"longitude":10.622317},"geometry":{"type":"Polygon","coordinates":[[[10.619187,59.945373],[10.625447,59.945373],[10.625447,59.948358],[10.619187,59.948358],[10.619187,59.945373]]]}},{"type":"Feature","properties":{"cell_id":"r109c044","latitude":59.946866,"longitude":10.628577},"geometry":{"type":"Polygon","coordinates":[[[10.625447,59.945373],[10.631707,59.945373],[10.631707,59.948358],[10.625447,59.948358],[10.625447,59.945373]]]}},{"type":"Feature","properties":{"cell_id":"r109c045","latitude":59.946866,"longitude":10.634837},"geometry":{"type":"Polygon","coordinates":[[[10.631707,59.945373],[10.637967,59.945373],[10.637967,59.948358],[10.631707,59.948358],[10.631707,59.945373]]]}},{"type":"Feature","properties":{"cell_id":"r109c046","latitude":59.946866,"longitude":10.641098},"geometry":{"type":"Polygon","coordinates":[[[10.637967,59.945373],[10.644228,59.945373],[10.644228,59.948358],[10.637967,59.948358],[10.637967,59.945373]]]}},{"type":"Feature","properties":{"cell_id":"r109c047","latitude":59.946866,"longitude":10.647358},"geometry":{"type":"Polygon","coordinates":[[[10.644228,59.945373],[10.650488,59.945373],[10.650488,59.948358],[10.644228,59.948358],[10.644228,59.945373]]]}},{"type":"Feature","properties":{"cell_id":"r109c048","latitude":59.946866,"longitude":10.653618},"geometry":{"type":"Polygon","coordinates":[[[10.650488,59.945373],[10.656748,59.945373],[10.656748,59.948358],[10.650488,59.948358],[10.650488,59.945373]]]}},{"type":"Feature","properties":{"cell_id":"r109c049","latitude":59.946866,"longitude":10.659878},"geometry":{"type":"Polygon","coordinates":[[[10.656748,59.945373],[10.663008,59.945373],[10.663008,59.948358],[10.656748,59.948358],[10.656748,59.945373]]]}},{"type":"Feature","properties":{"cell_id":"r109c050","latitude":59.946866,"longitude":10.666138},"geometry":{"type":"Polygon","coordinates":[[[10.663008,59.945373],[10.669268,59.945373],[10.669268,59.948358],[10.663008,59.948358],[10.663008,59.945373]]]}},{"type":"Feature","properties":{"cell_id":"r109c051","latitude":59.946866,"longitude":10.672398},"geometry":{"type":"Polygon","coordinates":[[[10.669268,59.945373],[10.675528,59.945373],[10.675528,59.948358],[10.669268,59.948358],[10.669268,59.945373]]]}},{"type":"Feature","properties":{"cell_id":"r109c052","latitude":59.946866,"longitude":10.678659},"geometry":{"type":"Polygon","coordinates":[[[10.675528,59.945373],[10.681789,59.945373],[10.681789,59.948358],[10.675528,59.948358],[10.675528,59.945373]]]}},{"type":"Feature","properties":{"cell_id":"r109c053","latitude":59.946866,"longitude":10.684919},"geometry":{"type":"Polygon","coordinates":[[[10.681789,59.945373],[10.688049,59.945373],[10.688049,59.948358],[10.681789,59.948358],[10.681789,59.945373]]]}},{"type":"Feature","properties":{"cell_id":"r109c054","latitude":59.946866,"longitude":10.691179},"geometry":{"type":"Polygon","coordinates":[[[10.688049,59.945373],[10.694309,59.945373],[10.694309,59.948358],[10.688049,59.948358],[10.688049,59.945373]]]}},{"type":"Feature","properties":{"cell_id":"r109c055","latitude":59.946866,"longitude":10.697439},"geometry":{"type":"Polygon","coordinates":[[[10.694309,59.945373],[10.700569,59.945373],[10.700569,59.948358],[10.694309,59.948358],[10.694309,59.945373]]]}},{"type":"Feature","properties":{"cell_id":"r109c056","latitude":59.946866,"longitude":10.703699},"geometry":{"type":"Polygon","coordinates":[[[10.700569,59.945373],[10.706829,59.945373],[10.706829,59.948358],[10.700569,59.948358],[10.700569,59.945373]]]}},{"type":"Feature","properties":{"cell_id":"r109c057","latitude":59.946866,"longitude":10.709959},"geometry":{"type":"Polygon","coordinates":[[[10.706829,59.945373],[10.713089,59.945373],[10.713089,59.948358],[10.706829,59.948358],[10.706829,59.945373]]]}},{"type":"Feature","properties":{"cell_id":"r109c058","latitude":59.946866,"longitude":10.71622},"geometry":{"type":"Polygon","coordinates":[[[10.713089,59.945373],[10.71935,59.945373],[10.71935,59.948358],[10.713089,59.948358],[10.713089,59.945373]]]}},{"type":"Feature","properties":{"cell_id":"r109c059","latitude":59.946866,"longitude":10.72248},"geometry":{"type":"Polygon","coordinates":[[[10.71935,59.945373],[10.72561,59.945373],[10.72561,59.948358],[10.71935,59.948358],[10.71935,59.945373]]]}},{"type":"Feature","properties":{"cell_id":"r109c060","latitude":59.946866,"longitude":10.72874},"geometry":{"type":"Polygon","coordinates":[[[10.72561,59.945373],[10.73187,59.945373],[10.73187,59.948358],[10.72561,59.948358],[10.72561,59.945373]]]}},{"type":"Feature","properties":{"cell_id":"r109c061","latitude":59.946866,"longitude":10.735},"geometry":{"type":"Polygon","coordinates":[[[10.73187,59.945373],[10.73813,59.945373],[10.73813,59.948358],[10.73187,59.948358],[10.73187,59.945373]]]}},{"type":"Feature","properties":{"cell_id":"r109c062","latitude":59.946866,"longitude":10.74126},"geometry":{"type":"Polygon","coordinates":[[[10.73813,59.945373],[10.74439,59.945373],[10.74439,59.948358],[10.73813,59.948358],[10.73813,59.945373]]]}},{"type":"Feature","properties":{"cell_id":"r109c063","latitude":59.946866,"longitude":10.74752},"geometry":{"type":"Polygon","coordinates":[[[10.74439,59.945373],[10.75065,59.945373],[10.75065,59.948358],[10.74439,59.948358],[10.74439,59.945373]]]}},{"type":"Feature","properties":{"cell_id":"r109c064","latitude":59.946866,"longitude":10.75378},"geometry":{"type":"Polygon","coordinates":[[[10.75065,59.945373],[10.756911,59.945373],[10.756911,59.948358],[10.75065,59.948358],[10.75065,59.945373]]]}},{"type":"Feature","properties":{"cell_id":"r109c065","latitude":59.946866,"longitude":10.760041},"geometry":{"type":"Polygon","coordinates":[[[10.756911,59.945373],[10.763171,59.945373],[10.763171,59.948358],[10.756911,59.948358],[10.756911,59.945373]]]}},{"type":"Feature","properties":{"cell_id":"r109c066","latitude":59.946866,"longitude":10.766301},"geometry":{"type":"Polygon","coordinates":[[[10.763171,59.945373],[10.769431,59.945373],[10.769431,59.948358],[10.763171,59.948358],[10.763171,59.945373]]]}},{"type":"Feature","properties":{"cell_id":"r109c067","latitude":59.946866,"longitude":10.772561},"geometry":{"type":"Polygon","coordinates":[[[10.769431,59.945373],[10.775691,59.945373],[10.775691,59.948358],[10.769431,59.948358],[10.769431,59.945373]]]}},{"type":"Feature","properties":{"cell_id":"r109c068","latitude":59.946866,"longitude":10.778821},"geometry":{"type":"Polygon","coordinates":[[[10.775691,59.945373],[10.781951,59.945373],[10.781951,59.948358],[10.775691,59.948358],[10.775691,59.945373]]]}},{"type":"Feature","properties":{"cell_id":"r109c069","latitude":59.946866,"longitude":10.785081},"geometry":{"type":"Polygon","coordinates":[[[10.781951,59.945373],[10.788211,59.945373],[10.788211,59.948358],[10.781951,59.948358],[10.781951,59.945373]]]}},{"type":"Feature","properties":{"cell_id":"r109c070","latitude":59.946866,"longitude":10.791341},"geometry":{"type":"Polygon","coordinates":[[[10.788211,59.945373],[10.794472,59.945373],[10.794472,59.948358],[10.788211,59.948358],[10.788211,59.945373]]]}},{"type":"Feature","properties":{"cell_id":"r109c071","latitude":59.946866,"longitude":10.797602},"geometry":{"type":"Polygon","coordinates":[[[10.794472,59.945373],[10.800732,59.945373],[10.800732,59.948358],[10.794472,59.948358],[10.794472,59.945373]]]}},{"type":"Feature","properties":{"cell_id":"r109c072","latitude":59.946866,"longitude":10.803862},"geometry":{"type":"Polygon","coordinates":[[[10.800732,59.945373],[10.806992,59.945373],[10.806992,59.948358],[10.800732,59.948358],[10.800732,59.945373]]]}},{"type":"Feature","properties":{"cell_id":"r109c073","latitude":59.946866,"longitude":10.810122},"geometry":{"type":"Polygon","coordinates":[[[10.806992,59.945373],[10.813252,59.945373],[10.813252,59.948358],[10.806992,59.948358],[10.806992,59.945373]]]}},{"type":"Feature","properties":{"cell_id":"r109c074","latitude":59.946866,"longitude":10.816382},"geometry":{"type":"Polygon","coordinates":[[[10.813252,59.945373],[10.819512,59.945373],[10.819512,59.948358],[10.813252,59.948358],[10.813252,59.945373]]]}},{"type":"Feature","properties":{"cell_id":"r109c075","latitude":59.946866,"longitude":10.822642},"geometry":{"type":"Polygon","coordinates":[[[10.819512,59.945373],[10.825772,59.945373],[10.825772,59.948358],[10.819512,59.948358],[10.819512,59.945373]]]}},{"type":"Feature","properties":{"cell_id":"r109c076","latitude":59.946866,"longitude":10.828902},"geometry":{"type":"Polygon","coordinates":[[[10.825772,59.945373],[10.832033,59.945373],[10.832033,59.948358],[10.825772,59.948358],[10.825772,59.945373]]]}},{"type":"Feature","properties":{"cell_id":"r109c078","latitude":59.946866,"longitude":10.841423},"geometry":{"type":"Polygon","coordinates":[[[10.838293,59.945373],[10.844553,59.945373],[10.844553,59.948358],[10.838293,59.948358],[10.838293,59.945373]]]}},{"type":"Feature","properties":{"cell_id":"r109c079","latitude":59.946866,"longitude":10.847683},"geometry":{"type":"Polygon","coordinates":[[[10.844553,59.945373],[10.850813,59.945373],[10.850813,59.948358],[10.844553,59.948358],[10.844553,59.945373]]]}},{"type":"Feature","properties":{"cell_id":"r109c080","latitude":59.946866,"longitude":10.853943},"geometry":{"type":"Polygon","coordinates":[[[10.850813,59.945373],[10.857073,59.945373],[10.857073,59.948358],[10.850813,59.948358],[10.850813,59.945373]]]}},{"type":"Feature","properties":{"cell_id":"r109c081","latitude":59.946866,"longitude":10.860203},"geometry":{"type":"Polygon","coordinates":[[[10.857073,59.945373],[10.863333,59.945373],[10.863333,59.948358],[10.857073,59.948358],[10.857073,59.945373]]]}},{"type":"Feature","properties":{"cell_id":"r109c082","latitude":59.946866,"longitude":10.866463},"geometry":{"type":"Polygon","coordinates":[[[10.863333,59.945373],[10.869593,59.945373],[10.869593,59.948358],[10.863333,59.948358],[10.863333,59.945373]]]}},{"type":"Feature","properties":{"cell_id":"r109c083","latitude":59.946866,"longitude":10.872724},"geometry":{"type":"Polygon","coordinates":[[[10.869593,59.945373],[10.875854,59.945373],[10.875854,59.948358],[10.869593,59.948358],[10.869593,59.945373]]]}},{"type":"Feature","properties":{"cell_id":"r109c084","latitude":59.946866,"longitude":10.878984},"geometry":{"type":"Polygon","coordinates":[[[10.875854,59.945373],[10.882114,59.945373],[10.882114,59.948358],[10.875854,59.948358],[10.875854,59.945373]]]}},{"type":"Feature","properties":{"cell_id":"r109c085","latitude":59.946866,"longitude":10.885244},"geometry":{"type":"Polygon","coordinates":[[[10.882114,59.945373],[10.888374,59.945373],[10.888374,59.948358],[10.882114,59.948358],[10.882114,59.945373]]]}},{"type":"Feature","properties":{"cell_id":"r109c086","latitude":59.946866,"longitude":10.891504},"geometry":{"type":"Polygon","coordinates":[[[10.888374,59.945373],[10.894634,59.945373],[10.894634,59.948358],[10.888374,59.948358],[10.888374,59.945373]]]}},{"type":"Feature","properties":{"cell_id":"r109c087","latitude":59.946866,"longitude":10.897764},"geometry":{"type":"Polygon","coordinates":[[[10.894634,59.945373],[10.900894,59.945373],[10.900894,59.948358],[10.894634,59.948358],[10.894634,59.945373]]]}},{"type":"Feature","properties":{"cell_id":"r109c088","latitude":59.946866,"longitude":10.904024},"geometry":{"type":"Polygon","coordinates":[[[10.900894,59.945373],[10.907154,59.945373],[10.907154,59.948358],[10.900894,59.948358],[10.900894,59.945373]]]}},{"type":"Feature","properties":{"cell_id":"r109c089","latitude":59.946866,"longitude":10.910285},"geometry":{"type":"Polygon","coordinates":[[[10.907154,59.945373],[10.913415,59.945373],[10.913415,59.948358],[10.907154,59.948358],[10.907154,59.945373]]]}},{"type":"Feature","properties":{"cell_id":"r109c090","latitude":59.946866,"longitude":10.916545},"geometry":{"type":"Polygon","coordinates":[[[10.913415,59.945373],[10.919675,59.945373],[10.919675,59.948358],[10.913415,59.948358],[10.913415,59.945373]]]}},{"type":"Feature","properties":{"cell_id":"r109c091","latitude":59.946866,"longitude":10.922805},"geometry":{"type":"Polygon","coordinates":[[[10.919675,59.945373],[10.925935,59.945373],[10.925935,59.948358],[10.919675,59.948358],[10.919675,59.945373]]]}},{"type":"Feature","properties":{"cell_id":"r109c092","latitude":59.946866,"longitude":10.929065},"geometry":{"type":"Polygon","coordinates":[[[10.925935,59.945373],[10.932195,59.945373],[10.932195,59.948358],[10.925935,59.948358],[10.925935,59.945373]]]}},{"type":"Feature","properties":{"cell_id":"r109c093","latitude":59.946866,"longitude":10.935325},"geometry":{"type":"Polygon","coordinates":[[[10.932195,59.945373],[10.938455,59.945373],[10.938455,59.948358],[10.932195,59.948358],[10.932195,59.945373]]]}},{"type":"Feature","properties":{"cell_id":"r109c096","latitude":59.946866,"longitude":10.954106},"geometry":{"type":"Polygon","coordinates":[[[10.950976,59.945373],[10.957236,59.945373],[10.957236,59.948358],[10.950976,59.948358],[10.950976,59.945373]]]}},{"type":"Feature","properties":{"cell_id":"r109c100","latitude":59.946866,"longitude":10.979146},"geometry":{"type":"Polygon","coordinates":[[[10.976016,59.945373],[10.982276,59.945373],[10.982276,59.948358],[10.976016,59.948358],[10.976016,59.945373]]]}},{"type":"Feature","properties":{"cell_id":"r109c101","latitude":59.946866,"longitude":10.985407},"geometry":{"type":"Polygon","coordinates":[[[10.982276,59.945373],[10.988537,59.945373],[10.988537,59.948358],[10.982276,59.948358],[10.982276,59.945373]]]}},{"type":"Feature","properties":{"cell_id":"r109c102","latitude":59.946866,"longitude":10.991667},"geometry":{"type":"Polygon","coordinates":[[[10.988537,59.945373],[10.994797,59.945373],[10.994797,59.948358],[10.988537,59.948358],[10.988537,59.945373]]]}},{"type":"Feature","properties":{"cell_id":"r109c103","latitude":59.946866,"longitude":10.997927},"geometry":{"type":"Polygon","coordinates":[[[10.994797,59.945373],[11.001057,59.945373],[11.001057,59.948358],[10.994797,59.948358],[10.994797,59.945373]]]}},{"type":"Feature","properties":{"cell_id":"r109c104","latitude":59.946866,"longitude":11.004187},"geometry":{"type":"Polygon","coordinates":[[[11.001057,59.945373],[11.007317,59.945373],[11.007317,59.948358],[11.001057,59.948358],[11.001057,59.945373]]]}},{"type":"Feature","properties":{"cell_id":"r109c105","latitude":59.946866,"longitude":11.010447},"geometry":{"type":"Polygon","coordinates":[[[11.007317,59.945373],[11.013577,59.945373],[11.013577,59.948358],[11.007317,59.948358],[11.007317,59.945373]]]}},{"type":"Feature","properties":{"cell_id":"r109c106","latitude":59.946866,"longitude":11.016707},"geometry":{"type":"Polygon","coordinates":[[[11.013577,59.945373],[11.019837,59.945373],[11.019837,59.948358],[11.013577,59.948358],[11.013577,59.945373]]]}},{"type":"Feature","properties":{"cell_id":"r109c107","latitude":59.946866,"longitude":11.022967},"geometry":{"type":"Polygon","coordinates":[[[11.019837,59.945373],[11.026098,59.945373],[11.026098,59.948358],[11.019837,59.948358],[11.019837,59.945373]]]}},{"type":"Feature","properties":{"cell_id":"r109c108","latitude":59.946866,"longitude":11.029228},"geometry":{"type":"Polygon","coordinates":[[[11.026098,59.945373],[11.032358,59.945373],[11.032358,59.948358],[11.026098,59.948358],[11.026098,59.945373]]]}},{"type":"Feature","properties":{"cell_id":"r109c109","latitude":59.946866,"longitude":11.035488},"geometry":{"type":"Polygon","coordinates":[[[11.032358,59.945373],[11.038618,59.945373],[11.038618,59.948358],[11.032358,59.948358],[11.032358,59.945373]]]}},{"type":"Feature","properties":{"cell_id":"r109c110","latitude":59.946866,"longitude":11.041748},"geometry":{"type":"Polygon","coordinates":[[[11.038618,59.945373],[11.044878,59.945373],[11.044878,59.948358],[11.038618,59.948358],[11.038618,59.945373]]]}},{"type":"Feature","properties":{"cell_id":"r109c111","latitude":59.946866,"longitude":11.048008},"geometry":{"type":"Polygon","coordinates":[[[11.044878,59.945373],[11.051138,59.945373],[11.051138,59.948358],[11.044878,59.948358],[11.044878,59.945373]]]}},{"type":"Feature","properties":{"cell_id":"r109c113","latitude":59.946866,"longitude":11.060528},"geometry":{"type":"Polygon","coordinates":[[[11.057398,59.945373],[11.063659,59.945373],[11.063659,59.948358],[11.057398,59.948358],[11.057398,59.945373]]]}},{"type":"Feature","properties":{"cell_id":"r109c114","latitude":59.946866,"longitude":11.066789},"geometry":{"type":"Polygon","coordinates":[[[11.063659,59.945373],[11.069919,59.945373],[11.069919,59.948358],[11.063659,59.948358],[11.063659,59.945373]]]}},{"type":"Feature","properties":{"cell_id":"r110c020","latitude":59.949851,"longitude":10.478333},"geometry":{"type":"Polygon","coordinates":[[[10.475203,59.948358],[10.481463,59.948358],[10.481463,59.951343],[10.475203,59.951343],[10.475203,59.948358]]]}},{"type":"Feature","properties":{"cell_id":"r110c023","latitude":59.949851,"longitude":10.497114},"geometry":{"type":"Polygon","coordinates":[[[10.493984,59.948358],[10.500244,59.948358],[10.500244,59.951343],[10.493984,59.951343],[10.493984,59.948358]]]}},{"type":"Feature","properties":{"cell_id":"r110c025","latitude":59.949851,"longitude":10.509634},"geometry":{"type":"Polygon","coordinates":[[[10.506504,59.948358],[10.512764,59.948358],[10.512764,59.951343],[10.506504,59.951343],[10.506504,59.948358]]]}},{"type":"Feature","properties":{"cell_id":"r110c026","latitude":59.949851,"longitude":10.515894},"geometry":{"type":"Polygon","coordinates":[[[10.512764,59.948358],[10.519024,59.948358],[10.519024,59.951343],[10.512764,59.951343],[10.512764,59.948358]]]}},{"type":"Feature","properties":{"cell_id":"r110c043","latitude":59.949851,"longitude":10.622317},"geometry":{"type":"Polygon","coordinates":[[[10.619187,59.948358],[10.625447,59.948358],[10.625447,59.951343],[10.619187,59.951343],[10.619187,59.948358]]]}},{"type":"Feature","properties":{"cell_id":"r110c044","latitude":59.949851,"longitude":10.628577},"geometry":{"type":"Polygon","coordinates":[[[10.625447,59.948358],[10.631707,59.948358],[10.631707,59.951343],[10.625447,59.951343],[10.625447,59.948358]]]}},{"type":"Feature","properties":{"cell_id":"r110c045","latitude":59.949851,"longitude":10.634837},"geometry":{"type":"Polygon","coordinates":[[[10.631707,59.948358],[10.637967,59.948358],[10.637967,59.951343],[10.631707,59.951343],[10.631707,59.948358]]]}},{"type":"Feature","properties":{"cell_id":"r110c046","latitude":59.949851,"longitude":10.641098},"geometry":{"type":"Polygon","coordinates":[[[10.637967,59.948358],[10.644228,59.948358],[10.644228,59.951343],[10.637967,59.951343],[10.637967,59.948358]]]}},{"type":"Feature","properties":{"cell_id":"r110c047","latitude":59.949851,"longitude":10.647358},"geometry":{"type":"Polygon","coordinates":[[[10.644228,59.948358],[10.650488,59.948358],[10.650488,59.951343],[10.644228,59.951343],[10.644228,59.948358]]]}},{"type":"Feature","properties":{"cell_id":"r110c048","latitude":59.949851,"longitude":10.653618},"geometry":{"type":"Polygon","coordinates":[[[10.650488,59.948358],[10.656748,59.948358],[10.656748,59.951343],[10.650488,59.951343],[10.650488,59.948358]]]}},{"type":"Feature","properties":{"cell_id":"r110c049","latitude":59.949851,"longitude":10.659878},"geometry":{"type":"Polygon","coordinates":[[[10.656748,59.948358],[10.663008,59.948358],[10.663008,59.951343],[10.656748,59.951343],[10.656748,59.948358]]]}},{"type":"Feature","properties":{"cell_id":"r110c050","latitude":59.949851,"longitude":10.666138},"geometry":{"type":"Polygon","coordinates":[[[10.663008,59.948358],[10.669268,59.948358],[10.669268,59.951343],[10.663008,59.951343],[10.663008,59.948358]]]}},{"type":"Feature","properties":{"cell_id":"r110c051","latitude":59.949851,"longitude":10.672398},"geometry":{"type":"Polygon","coordinates":[[[10.669268,59.948358],[10.675528,59.948358],[10.675528,59.951343],[10.669268,59.951343],[10.669268,59.948358]]]}},{"type":"Feature","properties":{"cell_id":"r110c052","latitude":59.949851,"longitude":10.678659},"geometry":{"type":"Polygon","coordinates":[[[10.675528,59.948358],[10.681789,59.948358],[10.681789,59.951343],[10.675528,59.951343],[10.675528,59.948358]]]}},{"type":"Feature","properties":{"cell_id":"r110c053","latitude":59.949851,"longitude":10.684919},"geometry":{"type":"Polygon","coordinates":[[[10.681789,59.948358],[10.688049,59.948358],[10.688049,59.951343],[10.681789,59.951343],[10.681789,59.948358]]]}},{"type":"Feature","properties":{"cell_id":"r110c054","latitude":59.949851,"longitude":10.691179},"geometry":{"type":"Polygon","coordinates":[[[10.688049,59.948358],[10.694309,59.948358],[10.694309,59.951343],[10.688049,59.951343],[10.688049,59.948358]]]}},{"type":"Feature","properties":{"cell_id":"r110c055","latitude":59.949851,"longitude":10.697439},"geometry":{"type":"Polygon","coordinates":[[[10.694309,59.948358],[10.700569,59.948358],[10.700569,59.951343],[10.694309,59.951343],[10.694309,59.948358]]]}},{"type":"Feature","properties":{"cell_id":"r110c056","latitude":59.949851,"longitude":10.703699},"geometry":{"type":"Polygon","coordinates":[[[10.700569,59.948358],[10.706829,59.948358],[10.706829,59.951343],[10.700569,59.951343],[10.700569,59.948358]]]}},{"type":"Feature","properties":{"cell_id":"r110c057","latitude":59.949851,"longitude":10.709959},"geometry":{"type":"Polygon","coordinates":[[[10.706829,59.948358],[10.713089,59.948358],[10.713089,59.951343],[10.706829,59.951343],[10.706829,59.948358]]]}},{"type":"Feature","properties":{"cell_id":"r110c058","latitude":59.949851,"longitude":10.71622},"geometry":{"type":"Polygon","coordinates":[[[10.713089,59.948358],[10.71935,59.948358],[10.71935,59.951343],[10.713089,59.951343],[10.713089,59.948358]]]}},{"type":"Feature","properties":{"cell_id":"r110c059","latitude":59.949851,"longitude":10.72248},"geometry":{"type":"Polygon","coordinates":[[[10.71935,59.948358],[10.72561,59.948358],[10.72561,59.951343],[10.71935,59.951343],[10.71935,59.948358]]]}},{"type":"Feature","properties":{"cell_id":"r110c060","latitude":59.949851,"longitude":10.72874},"geometry":{"type":"Polygon","coordinates":[[[10.72561,59.948358],[10.73187,59.948358],[10.73187,59.951343],[10.72561,59.951343],[10.72561,59.948358]]]}},{"type":"Feature","properties":{"cell_id":"r110c061","latitude":59.949851,"longitude":10.735},"geometry":{"type":"Polygon","coordinates":[[[10.73187,59.948358],[10.73813,59.948358],[10.73813,59.951343],[10.73187,59.951343],[10.73187,59.948358]]]}},{"type":"Feature","properties":{"cell_id":"r110c062","latitude":59.949851,"longitude":10.74126},"geometry":{"type":"Polygon","coordinates":[[[10.73813,59.948358],[10.74439,59.948358],[10.74439,59.951343],[10.73813,59.951343],[10.73813,59.948358]]]}},{"type":"Feature","properties":{"cell_id":"r110c063","latitude":59.949851,"longitude":10.74752},"geometry":{"type":"Polygon","coordinates":[[[10.74439,59.948358],[10.75065,59.948358],[10.75065,59.951343],[10.74439,59.951343],[10.74439,59.948358]]]}},{"type":"Feature","properties":{"cell_id":"r110c064","latitude":59.949851,"longitude":10.75378},"geometry":{"type":"Polygon","coordinates":[[[10.75065,59.948358],[10.756911,59.948358],[10.756911,59.951343],[10.75065,59.951343],[10.75065,59.948358]]]}},{"type":"Feature","properties":{"cell_id":"r110c065","latitude":59.949851,"longitude":10.760041},"geometry":{"type":"Polygon","coordinates":[[[10.756911,59.948358],[10.763171,59.948358],[10.763171,59.951343],[10.756911,59.951343],[10.756911,59.948358]]]}},{"type":"Feature","properties":{"cell_id":"r110c066","latitude":59.949851,"longitude":10.766301},"geometry":{"type":"Polygon","coordinates":[[[10.763171,59.948358],[10.769431,59.948358],[10.769431,59.951343],[10.763171,59.951343],[10.763171,59.948358]]]}},{"type":"Feature","properties":{"cell_id":"r110c067","latitude":59.949851,"longitude":10.772561},"geometry":{"type":"Polygon","coordinates":[[[10.769431,59.948358],[10.775691,59.948358],[10.775691,59.951343],[10.769431,59.951343],[10.769431,59.948358]]]}},{"type":"Feature","properties":{"cell_id":"r110c068","latitude":59.949851,"longitude":10.778821},"geometry":{"type":"Polygon","coordinates":[[[10.775691,59.948358],[10.781951,59.948358],[10.781951,59.951343],[10.775691,59.951343],[10.775691,59.948358]]]}},{"type":"Feature","properties":{"cell_id":"r110c069","latitude":59.949851,"longitude":10.785081},"geometry":{"type":"Polygon","coordinates":[[[10.781951,59.948358],[10.788211,59.948358],[10.788211,59.951343],[10.781951,59.951343],[10.781951,59.948358]]]}},{"type":"Feature","properties":{"cell_id":"r110c070","latitude":59.949851,"longitude":10.791341},"geometry":{"type":"Polygon","coordinates":[[[10.788211,59.948358],[10.794472,59.948358],[10.794472,59.951343],[10.788211,59.951343],[10.788211,59.948358]]]}},{"type":"Feature","properties":{"cell_id":"r110c071","latitude":59.949851,"longitude":10.797602},"geometry":{"type":"Polygon","coordinates":[[[10.794472,59.948358],[10.800732,59.948358],[10.800732,59.951343],[10.794472,59.951343],[10.794472,59.948358]]]}},{"type":"Feature","properties":{"cell_id":"r110c074","latitude":59.949851,"longitude":10.816382},"geometry":{"type":"Polygon","coordinates":[[[10.813252,59.948358],[10.819512,59.948358],[10.819512,59.951343],[10.813252,59.951343],[10.813252,59.948358]]]}},{"type":"Feature","properties":{"cell_id":"r110c075","latitude":59.949851,"longitude":10.822642},"geometry":{"type":"Polygon","coordinates":[[[10.819512,59.948358],[10.825772,59.948358],[10.825772,59.951343],[10.819512,59.951343],[10.819512,59.948358]]]}},{"type":"Feature","properties":{"cell_id":"r110c076","latitude":59.949851,"longitude":10.828902},"geometry":{"type":"Polygon","coordinates":[[[10.825772,59.948358],[10.832033,59.948358],[10.832033,59.951343],[10.825772,59.951343],[10.825772,59.948358]]]}},{"type":"Feature","properties":{"cell_id":"r110c079","latitude":59.949851,"longitude":10.847683},"geometry":{"type":"Polygon","coordinates":[[[10.844553,59.948358],[10.850813,59.948358],[10.850813,59.951343],[10.844553,59.951343],[10.844553,59.948358]]]}},{"type":"Feature","properties":{"cell_id":"r110c080","latitude":59.949851,"longitude":10.853943},"geometry":{"type":"Polygon","coordinates":[[[10.850813,59.948358],[10.857073,59.948358],[10.857073,59.951343],[10.850813,59.951343],[10.850813,59.948358]]]}},{"type":"Feature","properties":{"cell_id":"r110c081","latitude":59.949851,"longitude":10.860203},"geometry":{"type":"Polygon","coordinates":[[[10.857073,59.948358],[10.863333,59.948358],[10.863333,59.951343],[10.857073,59.951343],[10.857073,59.948358]]]}},{"type":"Feature","properties":{"cell_id":"r110c082","latitude":59.949851,"longitude":10.866463},"geometry":{"type":"Polygon","coordinates":[[[10.863333,59.948358],[10.869593,59.948358],[10.869593,59.951343],[10.863333,59.951343],[10.863333,59.948358]]]}},{"type":"Feature","properties":{"cell_id":"r110c083","latitude":59.949851,"longitude":10.872724},"geometry":{"type":"Polygon","coordinates":[[[10.869593,59.948358],[10.875854,59.948358],[10.875854,59.951343],[10.869593,59.951343],[10.869593,59.948358]]]}},{"type":"Feature","properties":{"cell_id":"r110c084","latitude":59.949851,"longitude":10.878984},"geometry":{"type":"Polygon","coordinates":[[[10.875854,59.948358],[10.882114,59.948358],[10.882114,59.951343],[10.875854,59.951343],[10.875854,59.948358]]]}},{"type":"Feature","properties":{"cell_id":"r110c085","latitude":59.949851,"longitude":10.885244},"geometry":{"type":"Polygon","coordinates":[[[10.882114,59.948358],[10.888374,59.948358],[10.888374,59.951343],[10.882114,59.951343],[10.882114,59.948358]]]}},{"type":"Feature","properties":{"cell_id":"r110c086","latitude":59.949851,"longitude":10.891504},"geometry":{"type":"Polygon","coordinates":[[[10.888374,59.948358],[10.894634,59.948358],[10.894634,59.951343],[10.888374,59.951343],[10.888374,59.948358]]]}},{"type":"Feature","properties":{"cell_id":"r110c087","latitude":59.949851,"longitude":10.897764},"geometry":{"type":"Polygon","coordinates":[[[10.894634,59.948358],[10.900894,59.948358],[10.900894,59.951343],[10.894634,59.951343],[10.894634,59.948358]]]}},{"type":"Feature","properties":{"cell_id":"r110c088","latitude":59.949851,"longitude":10.904024},"geometry":{"type":"Polygon","coordinates":[[[10.900894,59.948358],[10.907154,59.948358],[10.907154,59.951343],[10.900894,59.951343],[10.900894,59.948358]]]}},{"type":"Feature","properties":{"cell_id":"r110c089","latitude":59.949851,"longitude":10.910285},"geometry":{"type":"Polygon","coordinates":[[[10.907154,59.948358],[10.913415,59.948358],[10.913415,59.951343],[10.907154,59.951343],[10.907154,59.948358]]]}},{"type":"Feature","properties":{"cell_id":"r110c090","latitude":59.949851,"longitude":10.916545},"geometry":{"type":"Polygon","coordinates":[[[10.913415,59.948358],[10.919675,59.948358],[10.919675,59.951343],[10.913415,59.951343],[10.913415,59.948358]]]}},{"type":"Feature","properties":{"cell_id":"r110c091","latitude":59.949851,"longitude":10.922805},"geometry":{"type":"Polygon","coordinates":[[[10.919675,59.948358],[10.925935,59.948358],[10.925935,59.951343],[10.919675,59.951343],[10.919675,59.948358]]]}},{"type":"Feature","properties":{"cell_id":"r110c092","latitude":59.949851,"longitude":10.929065},"geometry":{"type":"Polygon","coordinates":[[[10.925935,59.948358],[10.932195,59.948358],[10.932195,59.951343],[10.925935,59.951343],[10.925935,59.948358]]]}},{"type":"Feature","properties":{"cell_id":"r110c093","latitude":59.949851,"longitude":10.935325},"geometry":{"type":"Polygon","coordinates":[[[10.932195,59.948358],[10.938455,59.948358],[10.938455,59.951343],[10.932195,59.951343],[10.932195,59.948358]]]}},{"type":"Feature","properties":{"cell_id":"r110c094","latitude":59.949851,"longitude":10.941585},"geometry":{"type":"Polygon","coordinates":[[[10.938455,59.948358],[10.944715,59.948358],[10.944715,59.951343],[10.938455,59.951343],[10.938455,59.948358]]]}},{"type":"Feature","properties":{"cell_id":"r110c101","latitude":59.949851,"longitude":10.985407},"geometry":{"type":"Polygon","coordinates":[[[10.982276,59.948358],[10.988537,59.948358],[10.988537,59.951343],[10.982276,59.951343],[10.982276,59.948358]]]}},{"type":"Feature","properties":{"cell_id":"r110c102","latitude":59.949851,"longitude":10.991667},"geometry":{"type":"Polygon","coordinates":[[[10.988537,59.948358],[10.994797,59.948358],[10.994797,59.951343],[10.988537,59.951343],[10.988537,59.948358]]]}},{"type":"Feature","properties":{"cell_id":"r110c103","latitude":59.949851,"longitude":10.997927},"geometry":{"type":"Polygon","coordinates":[[[10.994797,59.948358],[11.001057,59.948358],[11.001057,59.951343],[10.994797,59.951343],[10.994797,59.948358]]]}},{"type":"Feature","properties":{"cell_id":"r110c104","latitude":59.949851,"longitude":11.004187},"geometry":{"type":"Polygon","coordinates":[[[11.001057,59.948358],[11.007317,59.948358],[11.007317,59.951343],[11.001057,59.951343],[11.001057,59.948358]]]}},{"type":"Feature","properties":{"cell_id":"r110c105","latitude":59.949851,"longitude":11.010447},"geometry":{"type":"Polygon","coordinates":[[[11.007317,59.948358],[11.013577,59.948358],[11.013577,59.951343],[11.007317,59.951343],[11.007317,59.948358]]]}},{"type":"Feature","properties":{"cell_id":"r110c106","latitude":59.949851,"longitude":11.016707},"geometry":{"type":"Polygon","coordinates":[[[11.013577,59.948358],[11.019837,59.948358],[11.019837,59.951343],[11.013577,59.951343],[11.013577,59.948358]]]}},{"type":"Feature","properties":{"cell_id":"r110c107","latitude":59.949851,"longitude":11.022967},"geometry":{"type":"Polygon","coordinates":[[[11.019837,59.948358],[11.026098,59.948358],[11.026098,59.951343],[11.019837,59.951343],[11.019837,59.948358]]]}},{"type":"Feature","properties":{"cell_id":"r110c108","latitude":59.949851,"longitude":11.029228},"geometry":{"type":"Polygon","coordinates":[[[11.026098,59.948358],[11.032358,59.948358],[11.032358,59.951343],[11.026098,59.951343],[11.026098,59.948358]]]}},{"type":"Feature","properties":{"cell_id":"r110c109","latitude":59.949851,"longitude":11.035488},"geometry":{"type":"Polygon","coordinates":[[[11.032358,59.948358],[11.038618,59.948358],[11.038618,59.951343],[11.032358,59.951343],[11.032358,59.948358]]]}},{"type":"Feature","properties":{"cell_id":"r110c110","latitude":59.949851,"longitude":11.041748},"geometry":{"type":"Polygon","coordinates":[[[11.038618,59.948358],[11.044878,59.948358],[11.044878,59.951343],[11.038618,59.951343],[11.038618,59.948358]]]}},{"type":"Feature","properties":{"cell_id":"r110c112","latitude":59.949851,"longitude":11.054268},"geometry":{"type":"Polygon","coordinates":[[[11.051138,59.948358],[11.057398,59.948358],[11.057398,59.951343],[11.051138,59.951343],[11.051138,59.948358]]]}},{"type":"Feature","properties":{"cell_id":"r110c113","latitude":59.949851,"longitude":11.060528},"geometry":{"type":"Polygon","coordinates":[[[11.057398,59.948358],[11.063659,59.948358],[11.063659,59.951343],[11.057398,59.951343],[11.057398,59.948358]]]}},{"type":"Feature","properties":{"cell_id":"r110c114","latitude":59.949851,"longitude":11.066789},"geometry":{"type":"Polygon","coordinates":[[[11.063659,59.948358],[11.069919,59.948358],[11.069919,59.951343],[11.063659,59.951343],[11.063659,59.948358]]]}},{"type":"Feature","properties":{"cell_id":"r110c115","latitude":59.949851,"longitude":11.073049},"geometry":{"type":"Polygon","coordinates":[[[11.069919,59.948358],[11.076179,59.948358],[11.076179,59.951343],[11.069919,59.951343],[11.069919,59.948358]]]}},{"type":"Feature","properties":{"cell_id":"r111c020","latitude":59.952836,"longitude":10.478333},"geometry":{"type":"Polygon","coordinates":[[[10.475203,59.951343],[10.481463,59.951343],[10.481463,59.954328],[10.475203,59.954328],[10.475203,59.951343]]]}},{"type":"Feature","properties":{"cell_id":"r111c021","latitude":59.952836,"longitude":10.484593},"geometry":{"type":"Polygon","coordinates":[[[10.481463,59.951343],[10.487724,59.951343],[10.487724,59.954328],[10.481463,59.954328],[10.481463,59.951343]]]}},{"type":"Feature","properties":{"cell_id":"r111c022","latitude":59.952836,"longitude":10.490854},"geometry":{"type":"Polygon","coordinates":[[[10.487724,59.951343],[10.493984,59.951343],[10.493984,59.954328],[10.487724,59.954328],[10.487724,59.951343]]]}},{"type":"Feature","properties":{"cell_id":"r111c026","latitude":59.952836,"longitude":10.515894},"geometry":{"type":"Polygon","coordinates":[[[10.512764,59.951343],[10.519024,59.951343],[10.519024,59.954328],[10.512764,59.954328],[10.512764,59.951343]]]}},{"type":"Feature","properties":{"cell_id":"r111c045","latitude":59.952836,"longitude":10.634837},"geometry":{"type":"Polygon","coordinates":[[[10.631707,59.951343],[10.637967,59.951343],[10.637967,59.954328],[10.631707,59.954328],[10.631707,59.951343]]]}},{"type":"Feature","properties":{"cell_id":"r111c046","latitude":59.952836,"longitude":10.641098},"geometry":{"type":"Polygon","coordinates":[[[10.637967,59.951343],[10.644228,59.951343],[10.644228,59.954328],[10.637967,59.954328],[10.637967,59.951343]]]}},{"type":"Feature","properties":{"cell_id":"r111c047","latitude":59.952836,"longitude":10.647358},"geometry":{"type":"Polygon","coordinates":[[[10.644228,59.951343],[10.650488,59.951343],[10.650488,59.954328],[10.644228,59.954328],[10.644228,59.951343]]]}},{"type":"Feature","properties":{"cell_id":"r111c048","latitude":59.952836,"longitude":10.653618},"geometry":{"type":"Polygon","coordinates":[[[10.650488,59.951343],[10.656748,59.951343],[10.656748,59.954328],[10.650488,59.954328],[10.650488,59.951343]]]}},{"type":"Feature","properties":{"cell_id":"r111c049","latitude":59.952836,"longitude":10.659878},"geometry":{"type":"Polygon","coordinates":[[[10.656748,59.951343],[10.663008,59.951343],[10.663008,59.954328],[10.656748,59.954328],[10.656748,59.951343]]]}},{"type":"Feature","properties":{"cell_id":"r111c050","latitude":59.952836,"longitude":10.666138},"geometry":{"type":"Polygon","coordinates":[[[10.663008,59.951343],[10.669268,59.951343],[10.669268,59.954328],[10.663008,59.954328],[10.663008,59.951343]]]}},{"type":"Feature","properties":{"cell_id":"r111c051","latitude":59.952836,"longitude":10.672398},"geometry":{"type":"Polygon","coordinates":[[[10.669268,59.951343],[10.675528,59.951343],[10.675528,59.954328],[10.669268,59.954328],[10.669268,59.951343]]]}},{"type":"Feature","properties":{"cell_id":"r111c052","latitude":59.952836,"longitude":10.678659},"geometry":{"type":"Polygon","coordinates":[[[10.675528,59.951343],[10.681789,59.951343],[10.681789,59.954328],[10.675528,59.954328],[10.675528,59.951343]]]}},{"type":"Feature","properties":{"cell_id":"r111c053","latitude":59.952836,"longitude":10.684919},"geometry":{"type":"Polygon","coordinates":[[[10.681789,59.951343],[10.688049,59.951343],[10.688049,59.954328],[10.681789,59.954328],[10.681789,59.951343]]]}},{"type":"Feature","properties":{"cell_id":"r111c054","latitude":59.952836,"longitude":10.691179},"geometry":{"type":"Polygon","coordinates":[[[10.688049,59.951343],[10.694309,59.951343],[10.694309,59.954328],[10.688049,59.954328],[10.688049,59.951343]]]}},{"type":"Feature","properties":{"cell_id":"r111c055","latitude":59.952836,"longitude":10.697439},"geometry":{"type":"Polygon","coordinates":[[[10.694309,59.951343],[10.700569,59.951343],[10.700569,59.954328],[10.694309,59.954328],[10.694309,59.951343]]]}},{"type":"Feature","properties":{"cell_id":"r111c056","latitude":59.952836,"longitude":10.703699},"geometry":{"type":"Polygon","coordinates":[[[10.700569,59.951343],[10.706829,59.951343],[10.706829,59.954328],[10.700569,59.954328],[10.700569,59.951343]]]}},{"type":"Feature","properties":{"cell_id":"r111c057","latitude":59.952836,"longitude":10.709959},"geometry":{"type":"Polygon","coordinates":[[[10.706829,59.951343],[10.713089,59.951343],[10.713089,59.954328],[10.706829,59.954328],[10.706829,59.951343]]]}},{"type":"Feature","properties":{"cell_id":"r111c058","latitude":59.952836,"longitude":10.71622},"geometry":{"type":"Polygon","coordinates":[[[10.713089,59.951343],[10.71935,59.951343],[10.71935,59.954328],[10.713089,59.954328],[10.713089,59.951343]]]}},{"type":"Feature","properties":{"cell_id":"r111c060","latitude":59.952836,"longitude":10.72874},"geometry":{"type":"Polygon","coordinates":[[[10.72561,59.951343],[10.73187,59.951343],[10.73187,59.954328],[10.72561,59.954328],[10.72561,59.951343]]]}},{"type":"Feature","properties":{"cell_id":"r111c061","latitude":59.952836,"longitude":10.735},"geometry":{"type":"Polygon","coordinates":[[[10.73187,59.951343],[10.73813,59.951343],[10.73813,59.954328],[10.73187,59.954328],[10.73187,59.951343]]]}},{"type":"Feature","properties":{"cell_id":"r111c062","latitude":59.952836,"longitude":10.74126},"geometry":{"type":"Polygon","coordinates":[[[10.73813,59.951343],[10.74439,59.951343],[10.74439,59.954328],[10.73813,59.954328],[10.73813,59.951343]]]}},{"type":"Feature","properties":{"cell_id":"r111c063","latitude":59.952836,"longitude":10.74752},"geometry":{"type":"Polygon","coordinates":[[[10.74439,59.951343],[10.75065,59.951343],[10.75065,59.954328],[10.74439,59.954328],[10.74439,59.951343]]]}},{"type":"Feature","properties":{"cell_id":"r111c064","latitude":59.952836,"longitude":10.75378},"geometry":{"type":"Polygon","coordinates":[[[10.75065,59.951343],[10.756911,59.951343],[10.756911,59.954328],[10.75065,59.954328],[10.75065,59.951343]]]}},{"type":"Feature","properties":{"cell_id":"r111c065","latitude":59.952836,"longitude":10.760041},"geometry":{"type":"Polygon","coordinates":[[[10.756911,59.951343],[10.763171,59.951343],[10.763171,59.954328],[10.756911,59.954328],[10.756911,59.951343]]]}},{"type":"Feature","properties":{"cell_id":"r111c066","latitude":59.952836,"longitude":10.766301},"geometry":{"type":"Polygon","coordinates":[[[10.763171,59.951343],[10.769431,59.951343],[10.769431,59.954328],[10.763171,59.954328],[10.763171,59.951343]]]}},{"type":"Feature","properties":{"cell_id":"r111c067","latitude":59.952836,"longitude":10.772561},"geometry":{"type":"Polygon","coordinates":[[[10.769431,59.951343],[10.775691,59.951343],[10.775691,59.954328],[10.769431,59.954328],[10.769431,59.951343]]]}},{"type":"Feature","properties":{"cell_id":"r111c068","latitude":59.952836,"longitude":10.778821},"geometry":{"type":"Polygon","coordinates":[[[10.775691,59.951343],[10.781951,59.951343],[10.781951,59.954328],[10.775691,59.954328],[10.775691,59.951343]]]}},{"type":"Feature","properties":{"cell_id":"r111c069","latitude":59.952836,"longitude":10.785081},"geometry":{"type":"Polygon","coordinates":[[[10.781951,59.951343],[10.788211,59.951343],[10.788211,59.954328],[10.781951,59.954328],[10.781951,59.951343]]]}},{"type":"Feature","properties":{"cell_id":"r111c070","latitude":59.952836,"longitude":10.791341},"geometry":{"type":"Polygon","coordinates":[[[10.788211,59.951343],[10.794472,59.951343],[10.794472,59.954328],[10.788211,59.954328],[10.788211,59.951343]]]}},{"type":"Feature","properties":{"cell_id":"r111c071","latitude":59.952836,"longitude":10.797602},"geometry":{"type":"Polygon","coordinates":[[[10.794472,59.951343],[10.800732,59.951343],[10.800732,59.954328],[10.794472,59.954328],[10.794472,59.951343]]]}},{"type":"Feature","properties":{"cell_id":"r111c075","latitude":59.952836,"longitude":10.822642},"geometry":{"type":"Polygon","coordinates":[[[10.819512,59.951343],[10.825772,59.951343],[10.825772,59.954328],[10.819512,59.954328],[10.819512,59.951343]]]}},{"type":"Feature","properties":{"cell_id":"r111c080","latitude":59.952836,"longitude":10.853943},"geometry":{"type":"Polygon","coordinates":[[[10.850813,59.951343],[10.857073,59.951343],[10.857073,59.954328],[10.850813,59.954328],[10.850813,59.951343]]]}},{"type":"Feature","properties":{"cell_id":"r111c081","latitude":59.952836,"longitude":10.860203},"geometry":{"type":"Polygon","coordinates":[[[10.857073,59.951343],[10.863333,59.951343],[10.863333,59.954328],[10.857073,59.954328],[10.857073,59.951343]]]}},{"type":"Feature","properties":{"cell_id":"r111c082","latitude":59.952836,"longitude":10.866463},"geometry":{"type":"Polygon","coordinates":[[[10.863333,59.951343],[10.869593,59.951343],[10.869593,59.954328],[10.863333,59.954328],[10.863333,59.951343]]]}},{"type":"Feature","properties":{"cell_id":"r111c083","latitude":59.952836,"longitude":10.872724},"geometry":{"type":"Polygon","coordinates":[[[10.869593,59.951343],[10.875854,59.951343],[10.875854,59.954328],[10.869593,59.954328],[10.869593,59.951343]]]}},{"type":"Feature","properties":{"cell_id":"r111c084","latitude":59.952836,"longitude":10.878984},"geometry":{"type":"Polygon","coordinates":[[[10.875854,59.951343],[10.882114,59.951343],[10.882114,59.954328],[10.875854,59.954328],[10.875854,59.951343]]]}},{"type":"Feature","properties":{"cell_id":"r111c085","latitude":59.952836,"longitude":10.885244},"geometry":{"type":"Polygon","coordinates":[[[10.882114,59.951343],[10.888374,59.951343],[10.888374,59.954328],[10.882114,59.954328],[10.882114,59.951343]]]}},{"type":"Feature","properties":{"cell_id":"r111c086","latitude":59.952836,"longitude":10.891504},"geometry":{"type":"Polygon","coordinates":[[[10.888374,59.951343],[10.894634,59.951343],[10.894634,59.954328],[10.888374,59.954328],[10.888374,59.951343]]]}},{"type":"Feature","properties":{"cell_id":"r111c087","latitude":59.952836,"longitude":10.897764},"geometry":{"type":"Polygon","coordinates":[[[10.894634,59.951343],[10.900894,59.951343],[10.900894,59.954328],[10.894634,59.954328],[10.894634,59.951343]]]}},{"type":"Feature","properties":{"cell_id":"r111c088","latitude":59.952836,"longitude":10.904024},"geometry":{"type":"Polygon","coordinates":[[[10.900894,59.951343],[10.907154,59.951343],[10.907154,59.954328],[10.900894,59.954328],[10.900894,59.951343]]]}},{"type":"Feature","properties":{"cell_id":"r111c089","latitude":59.952836,"longitude":10.910285},"geometry":{"type":"Polygon","coordinates":[[[10.907154,59.951343],[10.913415,59.951343],[10.913415,59.954328],[10.907154,59.954328],[10.907154,59.951343]]]}},{"type":"Feature","properties":{"cell_id":"r111c090","latitude":59.952836,"longitude":10.916545},"geometry":{"type":"Polygon","coordinates":[[[10.913415,59.951343],[10.919675,59.951343],[10.919675,59.954328],[10.913415,59.954328],[10.913415,59.951343]]]}},{"type":"Feature","properties":{"cell_id":"r111c091","latitude":59.952836,"longitude":10.922805},"geometry":{"type":"Polygon","coordinates":[[[10.919675,59.951343],[10.925935,59.951343],[10.925935,59.954328],[10.919675,59.954328],[10.919675,59.951343]]]}},{"type":"Feature","properties":{"cell_id":"r111c092","latitude":59.952836,"longitude":10.929065},"geometry":{"type":"Polygon","coordinates":[[[10.925935,59.951343],[10.932195,59.951343],[10.932195,59.954328],[10.925935,59.954328],[10.925935,59.951343]]]}},{"type":"Feature","properties":{"cell_id":"r111c093","latitude":59.952836,"longitude":10.935325},"geometry":{"type":"Polygon","coordinates":[[[10.932195,59.951343],[10.938455,59.951343],[10.938455,59.954328],[10.932195,59.954328],[10.932195,59.951343]]]}},{"type":"Feature","properties":{"cell_id":"r111c094","latitude":59.952836,"longitude":10.941585},"geometry":{"type":"Polygon","coordinates":[[[10.938455,59.951343],[10.944715,59.951343],[10.944715,59.954328],[10.938455,59.954328],[10.938455,59.951343]]]}},{"type":"Feature","properties":{"cell_id":"r111c101","latitude":59.952836,"longitude":10.985407},"geometry":{"type":"Polygon","coordinates":[[[10.982276,59.951343],[10.988537,59.951343],[10.988537,59.954328],[10.982276,59.954328],[10.982276,59.951343]]]}},{"type":"Feature","properties":{"cell_id":"r111c102","latitude":59.952836,"longitude":10.991667},"geometry":{"type":"Polygon","coordinates":[[[10.988537,59.951343],[10.994797,59.951343],[10.994797,59.954328],[10.988537,59.954328],[10.988537,59.951343]]]}},{"type":"Feature","properties":{"cell_id":"r111c103","latitude":59.952836,"longitude":10.997927},"geometry":{"type":"Polygon","coordinates":[[[10.994797,59.951343],[11.001057,59.951343],[11.001057,59.954328],[10.994797,59.954328],[10.994797,59.951343]]]}},{"type":"Feature","properties":{"cell_id":"r111c104","latitude":59.952836,"longitude":11.004187},"geometry":{"type":"Polygon","coordinates":[[[11.001057,59.951343],[11.007317,59.951343],[11.007317,59.954328],[11.001057,59.954328],[11.001057,59.951343]]]}},{"type":"Feature","properties":{"cell_id":"r111c105","latitude":59.952836,"longitude":11.010447},"geometry":{"type":"Polygon","coordinates":[[[11.007317,59.951343],[11.013577,59.951343],[11.013577,59.954328],[11.007317,59.954328],[11.007317,59.951343]]]}},{"type":"Feature","properties":{"cell_id":"r111c106","latitude":59.952836,"longitude":11.016707},"geometry":{"type":"Polygon","coordinates":[[[11.013577,59.951343],[11.019837,59.951343],[11.019837,59.954328],[11.013577,59.954328],[11.013577,59.951343]]]}},{"type":"Feature","properties":{"cell_id":"r111c107","latitude":59.952836,"longitude":11.022967},"geometry":{"type":"Polygon","coordinates":[[[11.019837,59.951343],[11.026098,59.951343],[11.026098,59.954328],[11.019837,59.954328],[11.019837,59.951343]]]}},{"type":"Feature","properties":{"cell_id":"r111c108","latitude":59.952836,"longitude":11.029228},"geometry":{"type":"Polygon","coordinates":[[[11.026098,59.951343],[11.032358,59.951343],[11.032358,59.954328],[11.026098,59.954328],[11.026098,59.951343]]]}},{"type":"Feature","properties":{"cell_id":"r111c110","latitude":59.952836,"longitude":11.041748},"geometry":{"type":"Polygon","coordinates":[[[11.038618,59.951343],[11.044878,59.951343],[11.044878,59.954328],[11.038618,59.954328],[11.038618,59.951343]]]}},{"type":"Feature","properties":{"cell_id":"r111c111","latitude":59.952836,"longitude":11.048008},"geometry":{"type":"Polygon","coordinates":[[[11.044878,59.951343],[11.051138,59.951343],[11.051138,59.954328],[11.044878,59.954328],[11.044878,59.951343]]]}},{"type":"Feature","properties":{"cell_id":"r111c112","latitude":59.952836,"longitude":11.054268},"geometry":{"type":"Polygon","coordinates":[[[11.051138,59.951343],[11.057398,59.951343],[11.057398,59.954328],[11.051138,59.954328],[11.051138,59.951343]]]}},{"type":"Feature","properties":{"cell_id":"r111c113","latitude":59.952836,"longitude":11.060528},"geometry":{"type":"Polygon","coordinates":[[[11.057398,59.951343],[11.063659,59.951343],[11.063659,59.954328],[11.057398,59.954328],[11.057398,59.951343]]]}},{"type":"Feature","properties":{"cell_id":"r111c114","latitude":59.952836,"longitude":11.066789},"geometry":{"type":"Polygon","coordinates":[[[11.063659,59.951343],[11.069919,59.951343],[11.069919,59.954328],[11.063659,59.954328],[11.063659,59.951343]]]}},{"type":"Feature","properties":{"cell_id":"r111c115","latitude":59.952836,"longitude":11.073049},"geometry":{"type":"Polygon","coordinates":[[[11.069919,59.951343],[11.076179,59.951343],[11.076179,59.954328],[11.069919,59.954328],[11.069919,59.951343]]]}},{"type":"Feature","properties":{"cell_id":"r112c019","latitude":59.955821,"longitude":10.472073},"geometry":{"type":"Polygon","coordinates":[[[10.468943,59.954328],[10.475203,59.954328],[10.475203,59.957313],[10.468943,59.957313],[10.468943,59.954328]]]}},{"type":"Feature","properties":{"cell_id":"r112c020","latitude":59.955821,"longitude":10.478333},"geometry":{"type":"Polygon","coordinates":[[[10.475203,59.954328],[10.481463,59.954328],[10.481463,59.957313],[10.475203,59.957313],[10.475203,59.954328]]]}},{"type":"Feature","properties":{"cell_id":"r112c021","latitude":59.955821,"longitude":10.484593},"geometry":{"type":"Polygon","coordinates":[[[10.481463,59.954328],[10.487724,59.954328],[10.487724,59.957313],[10.481463,59.957313],[10.481463,59.954328]]]}},{"type":"Feature","properties":{"cell_id":"r112c022","latitude":59.955821,"longitude":10.490854},"geometry":{"type":"Polygon","coordinates":[[[10.487724,59.954328],[10.493984,59.954328],[10.493984,59.957313],[10.487724,59.957313],[10.487724,59.954328]]]}},{"type":"Feature","properties":{"cell_id":"r112c023","latitude":59.955821,"longitude":10.497114},"geometry":{"type":"Polygon","coordinates":[[[10.493984,59.954328],[10.500244,59.954328],[10.500244,59.957313],[10.493984,59.957313],[10.493984,59.954328]]]}},{"type":"Feature","properties":{"cell_id":"r112c041","latitude":59.955821,"longitude":10.609797},"geometry":{"type":"Polygon","coordinates":[[[10.606667,59.954328],[10.612927,59.954328],[10.612927,59.957313],[10.606667,59.957313],[10.606667,59.954328]]]}},{"type":"Feature","properties":{"cell_id":"r112c045","latitude":59.955821,"longitude":10.634837},"geometry":{"type":"Polygon","coordinates":[[[10.631707,59.954328],[10.637967,59.954328],[10.637967,59.957313],[10.631707,59.957313],[10.631707,59.954328]]]}},{"type":"Feature","properties":{"cell_id":"r112c046","latitude":59.955821,"longitude":10.641098},"geometry":{"type":"Polygon","coordinates":[[[10.637967,59.954328],[10.644228,59.954328],[10.644228,59.957313],[10.637967,59.957313],[10.637967,59.954328]]]}},{"type":"Feature","properties":{"cell_id":"r112c047","latitude":59.955821,"longitude":10.647358},"geometry":{"type":"Polygon","coordinates":[[[10.644228,59.954328],[10.650488,59.954328],[10.650488,59.957313],[10.644228,59.957313],[10.644228,59.954328]]]}},{"type":"Feature","properties":{"cell_id":"r112c048","latitude":59.955821,"longitude":10.653618},"geometry":{"type":"Polygon","coordinates":[[[10.650488,59.954328],[10.656748,59.954328],[10.656748,59.957313],[10.650488,59.957313],[10.650488,59.954328]]]}},{"type":"Feature","properties":{"cell_id":"r112c049","latitude":59.955821,"longitude":10.659878},"geometry":{"type":"Polygon","coordinates":[[[10.656748,59.954328],[10.663008,59.954328],[10.663008,59.957313],[10.656748,59.957313],[10.656748,59.954328]]]}},{"type":"Feature","properties":{"cell_id":"r112c050","latitude":59.955821,"longitude":10.666138},"geometry":{"type":"Polygon","coordinates":[[[10.663008,59.954328],[10.669268,59.954328],[10.669268,59.957313],[10.663008,59.957313],[10.663008,59.954328]]]}},{"type":"Feature","properties":{"cell_id":"r112c051","latitude":59.955821,"longitude":10.672398},"geometry":{"type":"Polygon","coordinates":[[[10.669268,59.954328],[10.675528,59.954328],[10.675528,59.957313],[10.669268,59.957313],[10.669268,59.954328]]]}},{"type":"Feature","properties":{"cell_id":"r112c052","latitude":59.955821,"longitude":10.678659},"geometry":{"type":"Polygon","coordinates":[[[10.675528,59.954328],[10.681789,59.954328],[10.681789,59.957313],[10.675528,59.957313],[10.675528,59.954328]]]}},{"type":"Feature","properties":{"cell_id":"r112c053","latitude":59.955821,"longitude":10.684919},"geometry":{"type":"Polygon","coordinates":[[[10.681789,59.954328],[10.688049,59.954328],[10.688049,59.957313],[10.681789,59.957313],[10.681789,59.954328]]]}},{"type":"Feature","properties":{"cell_id":"r112c054","latitude":59.955821,"longitude":10.691179},"geometry":{"type":"Polygon","coordinates":[[[10.688049,59.954328],[10.694309,59.954328],[10.694309,59.957313],[10.688049,59.957313],[10.688049,59.954328]]]}},{"type":"Feature","properties":{"cell_id":"r112c055","latitude":59.955821,"longitude":10.697439},"geometry":{"type":"Polygon","coordinates":[[[10.694309,59.954328],[10.700569,59.954328],[10.700569,59.957313],[10.694309,59.957313],[10.694309,59.954328]]]}},{"type":"Feature","properties":{"cell_id":"r112c056","latitude":59.955821,"longitude":10.703699},"geometry":{"type":"Polygon","coordinates":[[[10.700569,59.954328],[10.706829,59.954328],[10.706829,59.957313],[10.700569,59.957313],[10.700569,59.954328]]]}},{"type":"Feature","properties":{"cell_id":"r112c057","latitude":59.955821,"longitude":10.709959},"geometry":{"type":"Polygon","coordinates":[[[10.706829,59.954328],[10.713089,59.954328],[10.713089,59.957313],[10.706829,59.957313],[10.706829,59.954328]]]}},{"type":"Feature","properties":{"cell_id":"r112c058","latitude":59.955821,"longitude":10.71622},"geometry":{"type":"Polygon","coordinates":[[[10.713089,59.954328],[10.71935,59.954328],[10.71935,59.957313],[10.713089,59.957313],[10.713089,59.954328]]]}},{"type":"Feature","properties":{"cell_id":"r112c059","latitude":59.955821,"longitude":10.72248},"geometry":{"type":"Polygon","coordinates":[[[10.71935,59.954328],[10.72561,59.954328],[10.72561,59.957313],[10.71935,59.957313],[10.71935,59.954328]]]}},{"type":"Feature","properties":{"cell_id":"r112c061","latitude":59.955821,"longitude":10.735},"geometry":{"type":"Polygon","coordinates":[[[10.73187,59.954328],[10.73813,59.954328],[10.73813,59.957313],[10.73187,59.957313],[10.73187,59.954328]]]}},{"type":"Feature","properties":{"cell_id":"r112c062","latitude":59.955821,"longitude":10.74126},"geometry":{"type":"Polygon","coordinates":[[[10.73813,59.954328],[10.74439,59.954328],[10.74439,59.957313],[10.73813,59.957313],[10.73813,59.954328]]]}},{"type":"Feature","properties":{"cell_id":"r112c063","latitude":59.955821,"longitude":10.74752},"geometry":{"type":"Polygon","coordinates":[[[10.74439,59.954328],[10.75065,59.954328],[10.75065,59.957313],[10.74439,59.957313],[10.74439,59.954328]]]}},{"type":"Feature","properties":{"cell_id":"r112c064","latitude":59.955821,"longitude":10.75378},"geometry":{"type":"Polygon","coordinates":[[[10.75065,59.954328],[10.756911,59.954328],[10.756911,59.957313],[10.75065,59.957313],[10.75065,59.954328]]]}},{"type":"Feature","properties":{"cell_id":"r112c065","latitude":59.955821,"longitude":10.760041},"geometry":{"type":"Polygon","coordinates":[[[10.756911,59.954328],[10.763171,59.954328],[10.763171,59.957313],[10.756911,59.957313],[10.756911,59.954328]]]}},{"type":"Feature","properties":{"cell_id":"r112c066","latitude":59.955821,"longitude":10.766301},"geometry":{"type":"Polygon","coordinates":[[[10.763171,59.954328],[10.769431,59.954328],[10.769431,59.957313],[10.763171,59.957313],[10.763171,59.954328]]]}},{"type":"Feature","properties":{"cell_id":"r112c067","latitude":59.955821,"longitude":10.772561},"geometry":{"type":"Polygon","coordinates":[[[10.769431,59.954328],[10.775691,59.954328],[10.775691,59.957313],[10.769431,59.957313],[10.769431,59.954328]]]}},{"type":"Feature","properties":{"cell_id":"r112c068","latitude":59.955821,"longitude":10.778821},"geometry":{"type":"Polygon","coordinates":[[[10.775691,59.954328],[10.781951,59.954328],[10.781951,59.957313],[10.775691,59.957313],[10.775691,59.954328]]]}},{"type":"Feature","properties":{"cell_id":"r112c069","latitude":59.955821,"longitude":10.785081},"geometry":{"type":"Polygon","coordinates":[[[10.781951,59.954328],[10.788211,59.954328],[10.788211,59.957313],[10.781951,59.957313],[10.781951,59.954328]]]}},{"type":"Feature","properties":{"cell_id":"r112c070","latitude":59.955821,"longitude":10.791341},"geometry":{"type":"Polygon","coordinates":[[[10.788211,59.954328],[10.794472,59.954328],[10.794472,59.957313],[10.788211,59.957313],[10.788211,59.954328]]]}},{"type":"Feature","properties":{"cell_id":"r112c071","latitude":59.955821,"longitude":10.797602},"geometry":{"type":"Polygon","coordinates":[[[10.794472,59.954328],[10.800732,59.954328],[10.800732,59.957313],[10.794472,59.957313],[10.794472,59.954328]]]}},{"type":"Feature","properties":{"cell_id":"r112c074","latitude":59.955821,"longitude":10.816382},"geometry":{"type":"Polygon","coordinates":[[[10.813252,59.954328],[10.819512,59.954328],[10.819512,59.957313],[10.813252,59.957313],[10.813252,59.954328]]]}},{"type":"Feature","properties":{"cell_id":"r112c075","latitude":59.955821,"longitude":10.822642},"geometry":{"type":"Polygon","coordinates":[[[10.819512,59.954328],[10.825772,59.954328],[10.825772,59.957313],[10.819512,59.957313],[10.819512,59.954328]]]}},{"type":"Feature","properties":{"cell_id":"r112c079","latitude":59.955821,"longitude":10.847683},"geometry":{"type":"Polygon","coordinates":[[[10.844553,59.954328],[10.850813,59.954328],[10.850813,59.957313],[10.844553,59.957313],[10.844553,59.954328]]]}},{"type":"Feature","properties":{"cell_id":"r112c080","latitude":59.955821,"longitude":10.853943},"geometry":{"type":"Polygon","coordinates":[[[10.850813,59.954328],[10.857073,59.954328],[10.857073,59.957313],[10.850813,59.957313],[10.850813,59.954328]]]}},{"type":"Feature","properties":{"cell_id":"r112c081","latitude":59.955821,"longitude":10.860203},"geometry":{"type":"Polygon","coordinates":[[[10.857073,59.954328],[10.863333,59.954328],[10.863333,59.957313],[10.857073,59.957313],[10.857073,59.954328]]]}},{"type":"Feature","properties":{"cell_id":"r112c082","latitude":59.955821,"longitude":10.866463},"geometry":{"type":"Polygon","coordinates":[[[10.863333,59.954328],[10.869593,59.954328],[10.869593,59.957313],[10.863333,59.957313],[10.863333,59.954328]]]}},{"type":"Feature","properties":{"cell_id":"r112c083","latitude":59.955821,"longitude":10.872724},"geometry":{"type":"Polygon","coordinates":[[[10.869593,59.954328],[10.875854,59.954328],[10.875854,59.957313],[10.869593,59.957313],[10.869593,59.954328]]]}},{"type":"Feature","properties":{"cell_id":"r112c084","latitude":59.955821,"longitude":10.878984},"geometry":{"type":"Polygon","coordinates":[[[10.875854,59.954328],[10.882114,59.954328],[10.882114,59.957313],[10.875854,59.957313],[10.875854,59.954328]]]}},{"type":"Feature","properties":{"cell_id":"r112c085","latitude":59.955821,"longitude":10.885244},"geometry":{"type":"Polygon","coordinates":[[[10.882114,59.954328],[10.888374,59.954328],[10.888374,59.957313],[10.882114,59.957313],[10.882114,59.954328]]]}},{"type":"Feature","properties":{"cell_id":"r112c086","latitude":59.955821,"longitude":10.891504},"geometry":{"type":"Polygon","coordinates":[[[10.888374,59.954328],[10.894634,59.954328],[10.894634,59.957313],[10.888374,59.957313],[10.888374,59.954328]]]}},{"type":"Feature","properties":{"cell_id":"r112c087","latitude":59.955821,"longitude":10.897764},"geometry":{"type":"Polygon","coordinates":[[[10.894634,59.954328],[10.900894,59.954328],[10.900894,59.957313],[10.894634,59.957313],[10.894634,59.954328]]]}},{"type":"Feature","properties":{"cell_id":"r112c088","latitude":59.955821,"longitude":10.904024},"geometry":{"type":"Polygon","coordinates":[[[10.900894,59.954328],[10.907154,59.954328],[10.907154,59.957313],[10.900894,59.957313],[10.900894,59.954328]]]}},{"type":"Feature","properties":{"cell_id":"r112c089","latitude":59.955821,"longitude":10.910285},"geometry":{"type":"Polygon","coordinates":[[[10.907154,59.954328],[10.913415,59.954328],[10.913415,59.957313],[10.907154,59.957313],[10.907154,59.954328]]]}},{"type":"Feature","properties":{"cell_id":"r112c090","latitude":59.955821,"longitude":10.916545},"geometry":{"type":"Polygon","coordinates":[[[10.913415,59.954328],[10.919675,59.954328],[10.919675,59.957313],[10.913415,59.957313],[10.913415,59.954328]]]}},{"type":"Feature","properties":{"cell_id":"r112c091","latitude":59.955821,"longitude":10.922805},"geometry":{"type":"Polygon","coordinates":[[[10.919675,59.954328],[10.925935,59.954328],[10.925935,59.957313],[10.919675,59.957313],[10.919675,59.954328]]]}},{"type":"Feature","properties":{"cell_id":"r112c092","latitude":59.955821,"longitude":10.929065},"geometry":{"type":"Polygon","coordinates":[[[10.925935,59.954328],[10.932195,59.954328],[10.932195,59.957313],[10.925935,59.957313],[10.925935,59.954328]]]}},{"type":"Feature","properties":{"cell_id":"r112c093","latitude":59.955821,"longitude":10.935325},"geometry":{"type":"Polygon","coordinates":[[[10.932195,59.954328],[10.938455,59.954328],[10.938455,59.957313],[10.932195,59.957313],[10.932195,59.954328]]]}},{"type":"Feature","properties":{"cell_id":"r112c101","latitude":59.955821,"longitude":10.985407},"geometry":{"type":"Polygon","coordinates":[[[10.982276,59.954328],[10.988537,59.954328],[10.988537,59.957313],[10.982276,59.957313],[10.982276,59.954328]]]}},{"type":"Feature","properties":{"cell_id":"r112c102","latitude":59.955821,"longitude":10.991667},"geometry":{"type":"Polygon","coordinates":[[[10.988537,59.954328],[10.994797,59.954328],[10.994797,59.957313],[10.988537,59.957313],[10.988537,59.954328]]]}},{"type":"Feature","properties":{"cell_id":"r112c103","latitude":59.955821,"longitude":10.997927},"geometry":{"type":"Polygon","coordinates":[[[10.994797,59.954328],[11.001057,59.954328],[11.001057,59.957313],[10.994797,59.957313],[10.994797,59.954328]]]}},{"type":"Feature","properties":{"cell_id":"r112c104","latitude":59.955821,"longitude":11.004187},"geometry":{"type":"Polygon","coordinates":[[[11.001057,59.954328],[11.007317,59.954328],[11.007317,59.957313],[11.001057,59.957313],[11.001057,59.954328]]]}},{"type":"Feature","properties":{"cell_id":"r112c105","latitude":59.955821,"longitude":11.010447},"geometry":{"type":"Polygon","coordinates":[[[11.007317,59.954328],[11.013577,59.954328],[11.013577,59.957313],[11.007317,59.957313],[11.007317,59.954328]]]}},{"type":"Feature","properties":{"cell_id":"r112c106","latitude":59.955821,"longitude":11.016707},"geometry":{"type":"Polygon","coordinates":[[[11.013577,59.954328],[11.019837,59.954328],[11.019837,59.957313],[11.013577,59.957313],[11.013577,59.954328]]]}},{"type":"Feature","properties":{"cell_id":"r112c107","latitude":59.955821,"longitude":11.022967},"geometry":{"type":"Polygon","coordinates":[[[11.019837,59.954328],[11.026098,59.954328],[11.026098,59.957313],[11.019837,59.957313],[11.019837,59.954328]]]}},{"type":"Feature","properties":{"cell_id":"r112c109","latitude":59.955821,"longitude":11.035488},"geometry":{"type":"Polygon","coordinates":[[[11.032358,59.954328],[11.038618,59.954328],[11.038618,59.957313],[11.032358,59.957313],[11.032358,59.954328]]]}},{"type":"Feature","properties":{"cell_id":"r112c110","latitude":59.955821,"longitude":11.041748},"geometry":{"type":"Polygon","coordinates":[[[11.038618,59.954328],[11.044878,59.954328],[11.044878,59.957313],[11.038618,59.957313],[11.038618,59.954328]]]}},{"type":"Feature","properties":{"cell_id":"r112c111","latitude":59.955821,"longitude":11.048008},"geometry":{"type":"Polygon","coordinates":[[[11.044878,59.954328],[11.051138,59.954328],[11.051138,59.957313],[11.044878,59.957313],[11.044878,59.954328]]]}},{"type":"Feature","properties":{"cell_id":"r112c112","latitude":59.955821,"longitude":11.054268},"geometry":{"type":"Polygon","coordinates":[[[11.051138,59.954328],[11.057398,59.954328],[11.057398,59.957313],[11.051138,59.957313],[11.051138,59.954328]]]}},{"type":"Feature","properties":{"cell_id":"r112c113","latitude":59.955821,"longitude":11.060528},"geometry":{"type":"Polygon","coordinates":[[[11.057398,59.954328],[11.063659,59.954328],[11.063659,59.957313],[11.057398,59.957313],[11.057398,59.954328]]]}},{"type":"Feature","properties":{"cell_id":"r112c114","latitude":59.955821,"longitude":11.066789},"geometry":{"type":"Polygon","coordinates":[[[11.063659,59.954328],[11.069919,59.954328],[11.069919,59.957313],[11.063659,59.957313],[11.063659,59.954328]]]}},{"type":"Feature","properties":{"cell_id":"r112c115","latitude":59.955821,"longitude":11.073049},"geometry":{"type":"Polygon","coordinates":[[[11.069919,59.954328],[11.076179,59.954328],[11.076179,59.957313],[11.069919,59.957313],[11.069919,59.954328]]]}},{"type":"Feature","properties":{"cell_id":"r113c018","latitude":59.958806,"longitude":10.465813},"geometry":{"type":"Polygon","coordinates":[[[10.462683,59.957313],[10.468943,59.957313],[10.468943,59.960299],[10.462683,59.960299],[10.462683,59.957313]]]}},{"type":"Feature","properties":{"cell_id":"r113c019","latitude":59.958806,"longitude":10.472073},"geometry":{"type":"Polygon","coordinates":[[[10.468943,59.957313],[10.475203,59.957313],[10.475203,59.960299],[10.468943,59.960299],[10.468943,59.957313]]]}},{"type":"Feature","properties":{"cell_id":"r113c020","latitude":59.958806,"longitude":10.478333},"geometry":{"type":"Polygon","coordinates":[[[10.475203,59.957313],[10.481463,59.957313],[10.481463,59.960299],[10.475203,59.960299],[10.475203,59.957313]]]}},{"type":"Feature","properties":{"cell_id":"r113c021","latitude":59.958806,"longitude":10.484593},"geometry":{"type":"Polygon","coordinates":[[[10.481463,59.957313],[10.487724,59.957313],[10.487724,59.960299],[10.481463,59.960299],[10.481463,59.957313]]]}},{"type":"Feature","properties":{"cell_id":"r113c044","latitude":59.958806,"longitude":10.628577},"geometry":{"type":"Polygon","coordinates":[[[10.625447,59.957313],[10.631707,59.957313],[10.631707,59.960299],[10.625447,59.960299],[10.625447,59.957313]]]}},{"type":"Feature","properties":{"cell_id":"r113c045","latitude":59.958806,"longitude":10.634837},"geometry":{"type":"Polygon","coordinates":[[[10.631707,59.957313],[10.637967,59.957313],[10.637967,59.960299],[10.631707,59.960299],[10.631707,59.957313]]]}},{"type":"Feature","properties":{"cell_id":"r113c046","latitude":59.958806,"longitude":10.641098},"geometry":{"type":"Polygon","coordinates":[[[10.637967,59.957313],[10.644228,59.957313],[10.644228,59.960299],[10.637967,59.960299],[10.637967,59.957313]]]}},{"type":"Feature","properties":{"cell_id":"r113c047","latitude":59.958806,"longitude":10.647358},"geometry":{"type":"Polygon","coordinates":[[[10.644228,59.957313],[10.650488,59.957313],[10.650488,59.960299],[10.644228,59.960299],[10.644228,59.957313]]]}},{"type":"Feature","properties":{"cell_id":"r113c048","latitude":59.958806,"longitude":10.653618},"geometry":{"type":"Polygon","coordinates":[[[10.650488,59.957313],[10.656748,59.957313],[10.656748,59.960299],[10.650488,59.960299],[10.650488,59.957313]]]}},{"type":"Feature","properties":{"cell_id":"r113c049","latitude":59.958806,"longitude":10.659878},"geometry":{"type":"Polygon","coordinates":[[[10.656748,59.957313],[10.663008,59.957313],[10.663008,59.960299],[10.656748,59.960299],[10.656748,59.957313]]]}},{"type":"Feature","properties":{"cell_id":"r113c050","latitude":59.958806,"longitude":10.666138},"geometry":{"type":"Polygon","coordinates":[[[10.663008,59.957313],[10.669268,59.957313],[10.669268,59.960299],[10.663008,59.960299],[10.663008,59.957313]]]}},{"type":"Feature","properties":{"cell_id":"r113c051","latitude":59.958806,"longitude":10.672398},"geometry":{"type":"Polygon","coordinates":[[[10.669268,59.957313],[10.675528,59.957313],[10.675528,59.960299],[10.669268,59.960299],[10.669268,59.957313]]]}},{"type":"Feature","properties":{"cell_id":"r113c052","latitude":59.958806,"longitude":10.678659},"geometry":{"type":"Polygon","coordinates":[[[10.675528,59.957313],[10.681789,59.957313],[10.681789,59.960299],[10.675528,59.960299],[10.675528,59.957313]]]}},{"type":"Feature","properties":{"cell_id":"r113c053","latitude":59.958806,"longitude":10.684919},"geometry":{"type":"Polygon","coordinates":[[[10.681789,59.957313],[10.688049,59.957313],[10.688049,59.960299],[10.681789,59.960299],[10.681789,59.957313]]]}},{"type":"Feature","properties":{"cell_id":"r113c054","latitude":59.958806,"longitude":10.691179},"geometry":{"type":"Polygon","coordinates":[[[10.688049,59.957313],[10.694309,59.957313],[10.694309,59.960299],[10.688049,59.960299],[10.688049,59.957313]]]}},{"type":"Feature","properties":{"cell_id":"r113c055","latitude":59.958806,"longitude":10.697439},"geometry":{"type":"Polygon","coordinates":[[[10.694309,59.957313],[10.700569,59.957313],[10.700569,59.960299],[10.694309,59.960299],[10.694309,59.957313]]]}},{"type":"Feature","properties":{"cell_id":"r113c056","latitude":59.958806,"longitude":10.703699},"geometry":{"type":"Polygon","coordinates":[[[10.700569,59.957313],[10.706829,59.957313],[10.706829,59.960299],[10.700569,59.960299],[10.700569,59.957313]]]}},{"type":"Feature","properties":{"cell_id":"r113c057","latitude":59.958806,"longitude":10.709959},"geometry":{"type":"Polygon","coordinates":[[[10.706829,59.957313],[10.713089,59.957313],[10.713089,59.960299],[10.706829,59.960299],[10.706829,59.957313]]]}},{"type":"Feature","properties":{"cell_id":"r113c061","latitude":59.958806,"longitude":10.735},"geometry":{"type":"Polygon","coordinates":[[[10.73187,59.957313],[10.73813,59.957313],[10.73813,59.960299],[10.73187,59.960299],[10.73187,59.957313]]]}},{"type":"Feature","properties":{"cell_id":"r113c062","latitude":59.958806,"longitude":10.74126},"geometry":{"type":"Polygon","coordinates":[[[10.73813,59.957313],[10.74439,59.957313],[10.74439,59.960299],[10.73813,59.960299],[10.73813,59.957313]]]}},{"type":"Feature","properties":{"cell_id":"r113c063","latitude":59.958806,"longitude":10.74752},"geometry":{"type":"Polygon","coordinates":[[[10.74439,59.957313],[10.75065,59.957313],[10.75065,59.960299],[10.74439,59.960299],[10.74439,59.957313]]]}},{"type":"Feature","properties":{"cell_id":"r113c064","latitude":59.958806,"longitude":10.75378},"geometry":{"type":"Polygon","coordinates":[[[10.75065,59.957313],[10.756911,59.957313],[10.756911,59.960299],[10.75065,59.960299],[10.75065,59.957313]]]}},{"type":"Feature","properties":{"cell_id":"r113c065","latitude":59.958806,"longitude":10.760041},"geometry":{"type":"Polygon","coordinates":[[[10.756911,59.957313],[10.763171,59.957313],[10.763171,59.960299],[10.756911,59.960299],[10.756911,59.957313]]]}},{"type":"Feature","properties":{"cell_id":"r113c066","latitude":59.958806,"longitude":10.766301},"geometry":{"type":"Polygon","coordinates":[[[10.763171,59.957313],[10.769431,59.957313],[10.769431,59.960299],[10.763171,59.960299],[10.763171,59.957313]]]}},{"type":"Feature","properties":{"cell_id":"r113c067","latitude":59.958806,"longitude":10.772561},"geometry":{"type":"Polygon","coordinates":[[[10.769431,59.957313],[10.775691,59.957313],[10.775691,59.960299],[10.769431,59.960299],[10.769431,59.957313]]]}},{"type":"Feature","properties":{"cell_id":"r113c068","latitude":59.958806,"longitude":10.778821},"geometry":{"type":"Polygon","coordinates":[[[10.775691,59.957313],[10.781951,59.957313],[10.781951,59.960299],[10.775691,59.960299],[10.775691,59.957313]]]}},{"type":"Feature","properties":{"cell_id":"r113c069","latitude":59.958806,"longitude":10.785081},"geometry":{"type":"Polygon","coordinates":[[[10.781951,59.957313],[10.788211,59.957313],[10.788211,59.960299],[10.781951,59.960299],[10.781951,59.957313]]]}},{"type":"Feature","properties":{"cell_id":"r113c070","latitude":59.958806,"longitude":10.791341},"geometry":{"type":"Polygon","coordinates":[[[10.788211,59.957313],[10.794472,59.957313],[10.794472,59.960299],[10.788211,59.960299],[10.788211,59.957313]]]}},{"type":"Feature","properties":{"cell_id":"r113c071","latitude":59.958806,"longitude":10.797602},"geometry":{"type":"Polygon","coordinates":[[[10.794472,59.957313],[10.800732,59.957313],[10.800732,59.960299],[10.794472,59.960299],[10.794472,59.957313]]]}},{"type":"Feature","properties":{"cell_id":"r113c082","latitude":59.958806,"longitude":10.866463},"geometry":{"type":"Polygon","coordinates":[[[10.863333,59.957313],[10.869593,59.957313],[10.869593,59.960299],[10.863333,59.960299],[10.863333,59.957313]]]}},{"type":"Feature","properties":{"cell_id":"r113c083","latitude":59.958806,"longitude":10.872724},"geometry":{"type":"Polygon","coordinates":[[[10.869593,59.957313],[10.875854,59.957313],[10.875854,59.960299],[10.869593,59.960299],[10.869593,59.957313]]]}},{"type":"Feature","properties":{"cell_id":"r113c084","latitude":59.958806,"longitude":10.878984},"geometry":{"type":"Polygon","coordinates":[[[10.875854,59.957313],[10.882114,59.957313],[10.882114,59.960299],[10.875854,59.960299],[10.875854,59.957313]]]}},{"type":"Feature","properties":{"cell_id":"r113c085","latitude":59.958806,"longitude":10.885244},"geometry":{"type":"Polygon","coordinates":[[[10.882114,59.957313],[10.888374,59.957313],[10.888374,59.960299],[10.882114,59.960299],[10.882114,59.957313]]]}},{"type":"Feature","properties":{"cell_id":"r113c087","latitude":59.958806,"longitude":10.897764},"geometry":{"type":"Polygon","coordinates":[[[10.894634,59.957313],[10.900894,59.957313],[10.900894,59.960299],[10.894634,59.960299],[10.894634,59.957313]]]}},{"type":"Feature","properties":{"cell_id":"r113c088","latitude":59.958806,"longitude":10.904024},"geometry":{"type":"Polygon","coordinates":[[[10.900894,59.957313],[10.907154,59.957313],[10.907154,59.960299],[10.900894,59.960299],[10.900894,59.957313]]]}},{"type":"Feature","properties":{"cell_id":"r113c089","latitude":59.958806,"longitude":10.910285},"geometry":{"type":"Polygon","coordinates":[[[10.907154,59.957313],[10.913415,59.957313],[10.913415,59.960299],[10.907154,59.960299],[10.907154,59.957313]]]}},{"type":"Feature","properties":{"cell_id":"r113c090","latitude":59.958806,"longitude":10.916545},"geometry":{"type":"Polygon","coordinates":[[[10.913415,59.957313],[10.919675,59.957313],[10.919675,59.960299],[10.913415,59.960299],[10.913415,59.957313]]]}},{"type":"Feature","properties":{"cell_id":"r113c091","latitude":59.958806,"longitude":10.922805},"geometry":{"type":"Polygon","coordinates":[[[10.919675,59.957313],[10.925935,59.957313],[10.925935,59.960299],[10.919675,59.960299],[10.919675,59.957313]]]}},{"type":"Feature","properties":{"cell_id":"r113c092","latitude":59.958806,"longitude":10.929065},"geometry":{"type":"Polygon","coordinates":[[[10.925935,59.957313],[10.932195,59.957313],[10.932195,59.960299],[10.925935,59.960299],[10.925935,59.957313]]]}},{"type":"Feature","properties":{"cell_id":"r113c093","latitude":59.958806,"longitude":10.935325},"geometry":{"type":"Polygon","coordinates":[[[10.932195,59.957313],[10.938455,59.957313],[10.938455,59.960299],[10.932195,59.960299],[10.932195,59.957313]]]}},{"type":"Feature","properties":{"cell_id":"r113c102","latitude":59.958806,"longitude":10.991667},"geometry":{"type":"Polygon","coordinates":[[[10.988537,59.957313],[10.994797,59.957313],[10.994797,59.960299],[10.988537,59.960299],[10.988537,59.957313]]]}},{"type":"Feature","properties":{"cell_id":"r113c103","latitude":59.958806,"longitude":10.997927},"geometry":{"type":"Polygon","coordinates":[[[10.994797,59.957313],[11.001057,59.957313],[11.001057,59.960299],[10.994797,59.960299],[10.994797,59.957313]]]}},{"type":"Feature","properties":{"cell_id":"r113c104","latitude":59.958806,"longitude":11.004187},"geometry":{"type":"Polygon","coordinates":[[[11.001057,59.957313],[11.007317,59.957313],[11.007317,59.960299],[11.001057,59.960299],[11.001057,59.957313]]]}},{"type":"Feature","properties":{"cell_id":"r113c105","latitude":59.958806,"longitude":11.010447},"geometry":{"type":"Polygon","coordinates":[[[11.007317,59.957313],[11.013577,59.957313],[11.013577,59.960299],[11.007317,59.960299],[11.007317,59.957313]]]}},{"type":"Feature","properties":{"cell_id":"r113c106","latitude":59.958806,"longitude":11.016707},"geometry":{"type":"Polygon","coordinates":[[[11.013577,59.957313],[11.019837,59.957313],[11.019837,59.960299],[11.013577,59.960299],[11.013577,59.957313]]]}},{"type":"Feature","properties":{"cell_id":"r113c109","latitude":59.958806,"longitude":11.035488},"geometry":{"type":"Polygon","coordinates":[[[11.032358,59.957313],[11.038618,59.957313],[11.038618,59.960299],[11.032358,59.960299],[11.032358,59.957313]]]}},{"type":"Feature","properties":{"cell_id":"r113c110","latitude":59.958806,"longitude":11.041748},"geometry":{"type":"Polygon","coordinates":[[[11.038618,59.957313],[11.044878,59.957313],[11.044878,59.960299],[11.038618,59.960299],[11.038618,59.957313]]]}},{"type":"Feature","properties":{"cell_id":"r113c111","latitude":59.958806,"longitude":11.048008},"geometry":{"type":"Polygon","coordinates":[[[11.044878,59.957313],[11.051138,59.957313],[11.051138,59.960299],[11.044878,59.960299],[11.044878,59.957313]]]}},{"type":"Feature","properties":{"cell_id":"r113c112","latitude":59.958806,"longitude":11.054268},"geometry":{"type":"Polygon","coordinates":[[[11.051138,59.957313],[11.057398,59.957313],[11.057398,59.960299],[11.051138,59.960299],[11.051138,59.957313]]]}},{"type":"Feature","properties":{"cell_id":"r113c113","latitude":59.958806,"longitude":11.060528},"geometry":{"type":"Polygon","coordinates":[[[11.057398,59.957313],[11.063659,59.957313],[11.063659,59.960299],[11.057398,59.960299],[11.057398,59.957313]]]}},{"type":"Feature","properties":{"cell_id":"r113c114","latitude":59.958806,"longitude":11.066789},"geometry":{"type":"Polygon","coordinates":[[[11.063659,59.957313],[11.069919,59.957313],[11.069919,59.960299],[11.063659,59.960299],[11.063659,59.957313]]]}},{"type":"Feature","properties":{"cell_id":"r114c018","latitude":59.961791,"longitude":10.465813},"geometry":{"type":"Polygon","coordinates":[[[10.462683,59.960299],[10.468943,59.960299],[10.468943,59.963284],[10.462683,59.963284],[10.462683,59.960299]]]}},{"type":"Feature","properties":{"cell_id":"r114c019","latitude":59.961791,"longitude":10.472073},"geometry":{"type":"Polygon","coordinates":[[[10.468943,59.960299],[10.475203,59.960299],[10.475203,59.963284],[10.468943,59.963284],[10.468943,59.960299]]]}},{"type":"Feature","properties":{"cell_id":"r114c020","latitude":59.961791,"longitude":10.478333},"geometry":{"type":"Polygon","coordinates":[[[10.475203,59.960299],[10.481463,59.960299],[10.481463,59.963284],[10.475203,59.963284],[10.475203,59.960299]]]}},{"type":"Feature","properties":{"cell_id":"r114c044","latitude":59.961791,"longitude":10.628577},"geometry":{"type":"Polygon","coordinates":[[[10.625447,59.960299],[10.631707,59.960299],[10.631707,59.963284],[10.625447,59.963284],[10.625447,59.960299]]]}},{"type":"Feature","properties":{"cell_id":"r114c046","latitude":59.961791,"longitude":10.641098},"geometry":{"type":"Polygon","coordinates":[[[10.637967,59.960299],[10.644228,59.960299],[10.644228,59.963284],[10.637967,59.963284],[10.637967,59.960299]]]}},{"type":"Feature","properties":{"cell_id":"r114c047","latitude":59.961791,"longitude":10.647358},"geometry":{"type":"Polygon","coordinates":[[[10.644228,59.960299],[10.650488,59.960299],[10.650488,59.963284],[10.644228,59.963284],[10.644228,59.960299]]]}},{"type":"Feature","properties":{"cell_id":"r114c048","latitude":59.961791,"longitude":10.653618},"geometry":{"type":"Polygon","coordinates":[[[10.650488,59.960299],[10.656748,59.960299],[10.656748,59.963284],[10.650488,59.963284],[10.650488,59.960299]]]}},{"type":"Feature","properties":{"cell_id":"r114c049","latitude":59.961791,"longitude":10.659878},"geometry":{"type":"Polygon","coordinates":[[[10.656748,59.960299],[10.663008,59.960299],[10.663008,59.963284],[10.656748,59.963284],[10.656748,59.960299]]]}},{"type":"Feature","properties":{"cell_id":"r114c050","latitude":59.961791,"longitude":10.666138},"geometry":{"type":"Polygon","coordinates":[[[10.663008,59.960299],[10.669268,59.960299],[10.669268,59.963284],[10.663008,59.963284],[10.663008,59.960299]]]}},{"type":"Feature","properties":{"cell_id":"r114c051","latitude":59.961791,"longitude":10.672398},"geometry":{"type":"Polygon","coordinates":[[[10.669268,59.960299],[10.675528,59.960299],[10.675528,59.963284],[10.669268,59.963284],[10.669268,59.960299]]]}},{"type":"Feature","properties":{"cell_id":"r114c052","latitude":59.961791,"longitude":10.678659},"geometry":{"type":"Polygon","coordinates":[[[10.675528,59.960299],[10.681789,59.960299],[10.681789,59.963284],[10.675528,59.963284],[10.675528,59.960299]]]}},{"type":"Feature","properties":{"cell_id":"r114c054","latitude":59.961791,"longitude":10.691179},"geometry":{"type":"Polygon","coordinates":[[[10.688049,59.960299],[10.694309,59.960299],[10.694309,59.963284],[10.688049,59.963284],[10.688049,59.960299]]]}},{"type":"Feature","properties":{"cell_id":"r114c055","latitude":59.961791,"longitude":10.697439},"geometry":{"type":"Polygon","coordinates":[[[10.694309,59.960299],[10.700569,59.960299],[10.700569,59.963284],[10.694309,59.963284],[10.694309,59.960299]]]}},{"type":"Feature","properties":{"cell_id":"r114c057","latitude":59.961791,"longitude":10.709959},"geometry":{"type":"Polygon","coordinates":[[[10.706829,59.960299],[10.713089,59.960299],[10.713089,59.963284],[10.706829,59.963284],[10.706829,59.960299]]]}},{"type":"Feature","properties":{"cell_id":"r114c060","latitude":59.961791,"longitude":10.72874},"geometry":{"type":"Polygon","coordinates":[[[10.72561,59.960299],[10.73187,59.960299],[10.73187,59.963284],[10.72561,59.963284],[10.72561,59.960299]]]}},{"type":"Feature","properties":{"cell_id":"r114c061","latitude":59.961791,"longitude":10.735},"geometry":{"type":"Polygon","coordinates":[[[10.73187,59.960299],[10.73813,59.960299],[10.73813,59.963284],[10.73187,59.963284],[10.73187,59.960299]]]}},{"type":"Feature","properties":{"cell_id":"r114c062","latitude":59.961791,"longitude":10.74126},"geometry":{"type":"Polygon","coordinates":[[[10.73813,59.960299],[10.74439,59.960299],[10.74439,59.963284],[10.73813,59.963284],[10.73813,59.960299]]]}},{"type":"Feature","properties":{"cell_id":"r114c063","latitude":59.961791,"longitude":10.74752},"geometry":{"type":"Polygon","coordinates":[[[10.74439,59.960299],[10.75065,59.960299],[10.75065,59.963284],[10.74439,59.963284],[10.74439,59.960299]]]}},{"type":"Feature","properties":{"cell_id":"r114c064","latitude":59.961791,"longitude":10.75378},"geometry":{"type":"Polygon","coordinates":[[[10.75065,59.960299],[10.756911,59.960299],[10.756911,59.963284],[10.75065,59.963284],[10.75065,59.960299]]]}},{"type":"Feature","properties":{"cell_id":"r114c065","latitude":59.961791,"longitude":10.760041},"geometry":{"type":"Polygon","coordinates":[[[10.756911,59.960299],[10.763171,59.960299],[10.763171,59.963284],[10.756911,59.963284],[10.756911,59.960299]]]}},{"type":"Feature","properties":{"cell_id":"r114c066","latitude":59.961791,"longitude":10.766301},"geometry":{"type":"Polygon","coordinates":[[[10.763171,59.960299],[10.769431,59.960299],[10.769431,59.963284],[10.763171,59.963284],[10.763171,59.960299]]]}},{"type":"Feature","properties":{"cell_id":"r114c067","latitude":59.961791,"longitude":10.772561},"geometry":{"type":"Polygon","coordinates":[[[10.769431,59.960299],[10.775691,59.960299],[10.775691,59.963284],[10.769431,59.963284],[10.769431,59.960299]]]}},{"type":"Feature","properties":{"cell_id":"r114c068","latitude":59.961791,"longitude":10.778821},"geometry":{"type":"Polygon","coordinates":[[[10.775691,59.960299],[10.781951,59.960299],[10.781951,59.963284],[10.775691,59.963284],[10.775691,59.960299]]]}},{"type":"Feature","properties":{"cell_id":"r114c069","latitude":59.961791,"longitude":10.785081},"geometry":{"type":"Polygon","coordinates":[[[10.781951,59.960299],[10.788211,59.960299],[10.788211,59.963284],[10.781951,59.963284],[10.781951,59.960299]]]}},{"type":"Feature","properties":{"cell_id":"r114c070","latitude":59.961791,"longitude":10.791341},"geometry":{"type":"Polygon","coordinates":[[[10.788211,59.960299],[10.794472,59.960299],[10.794472,59.963284],[10.788211,59.963284],[10.788211,59.960299]]]}},{"type":"Feature","properties":{"cell_id":"r114c071","latitude":59.961791,"longitude":10.797602},"geometry":{"type":"Polygon","coordinates":[[[10.794472,59.960299],[10.800732,59.960299],[10.800732,59.963284],[10.794472,59.963284],[10.794472,59.960299]]]}},{"type":"Feature","properties":{"cell_id":"r114c082","latitude":59.961791,"longitude":10.866463},"geometry":{"type":"Polygon","coordinates":[[[10.863333,59.960299],[10.869593,59.960299],[10.869593,59.963284],[10.863333,59.963284],[10.863333,59.960299]]]}},{"type":"Feature","properties":{"cell_id":"r114c083","latitude":59.961791,"longitude":10.872724},"geometry":{"type":"Polygon","coordinates":[[[10.869593,59.960299],[10.875854,59.960299],[10.875854,59.963284],[10.869593,59.963284],[10.869593,59.960299]]]}},{"type":"Feature","properties":{"cell_id":"r114c084","latitude":59.961791,"longitude":10.878984},"geometry":{"type":"Polygon","coordinates":[[[10.875854,59.960299],[10.882114,59.960299],[10.882114,59.963284],[10.875854,59.963284],[10.875854,59.960299]]]}},{"type":"Feature","properties":{"cell_id":"r114c085","latitude":59.961791,"longitude":10.885244},"geometry":{"type":"Polygon","coordinates":[[[10.882114,59.960299],[10.888374,59.960299],[10.888374,59.963284],[10.882114,59.963284],[10.882114,59.960299]]]}},{"type":"Feature","properties":{"cell_id":"r114c086","latitude":59.961791,"longitude":10.891504},"geometry":{"type":"Polygon","coordinates":[[[10.888374,59.960299],[10.894634,59.960299],[10.894634,59.963284],[10.888374,59.963284],[10.888374,59.960299]]]}},{"type":"Feature","properties":{"cell_id":"r114c087","latitude":59.961791,"longitude":10.897764},"geometry":{"type":"Polygon","coordinates":[[[10.894634,59.960299],[10.900894,59.960299],[10.900894,59.963284],[10.894634,59.963284],[10.894634,59.960299]]]}},{"type":"Feature","properties":{"cell_id":"r114c088","latitude":59.961791,"longitude":10.904024},"geometry":{"type":"Polygon","coordinates":[[[10.900894,59.960299],[10.907154,59.960299],[10.907154,59.963284],[10.900894,59.963284],[10.900894,59.960299]]]}},{"type":"Feature","properties":{"cell_id":"r114c089","latitude":59.961791,"longitude":10.910285},"geometry":{"type":"Polygon","coordinates":[[[10.907154,59.960299],[10.913415,59.960299],[10.913415,59.963284],[10.907154,59.963284],[10.907154,59.960299]]]}},{"type":"Feature","properties":{"cell_id":"r114c090","latitude":59.961791,"longitude":10.916545},"geometry":{"type":"Polygon","coordinates":[[[10.913415,59.960299],[10.919675,59.960299],[10.919675,59.963284],[10.913415,59.963284],[10.913415,59.960299]]]}},{"type":"Feature","properties":{"cell_id":"r114c091","latitude":59.961791,"longitude":10.922805},"geometry":{"type":"Polygon","coordinates":[[[10.919675,59.960299],[10.925935,59.960299],[10.925935,59.963284],[10.919675,59.963284],[10.919675,59.960299]]]}},{"type":"Feature","properties":{"cell_id":"r114c092","latitude":59.961791,"longitude":10.929065},"geometry":{"type":"Polygon","coordinates":[[[10.925935,59.960299],[10.932195,59.960299],[10.932195,59.963284],[10.925935,59.963284],[10.925935,59.960299]]]}},{"type":"Feature","properties":{"cell_id":"r114c100","latitude":59.961791,"longitude":10.979146},"geometry":{"type":"Polygon","coordinates":[[[10.976016,59.960299],[10.982276,59.960299],[10.982276,59.963284],[10.976016,59.963284],[10.976016,59.960299]]]}},{"type":"Feature","properties":{"cell_id":"r114c102","latitude":59.961791,"longitude":10.991667},"geometry":{"type":"Polygon","coordinates":[[[10.988537,59.960299],[10.994797,59.960299],[10.994797,59.963284],[10.988537,59.963284],[10.988537,59.960299]]]}},{"type":"Feature","properties":{"cell_id":"r114c103","latitude":59.961791,"longitude":10.997927},"geometry":{"type":"Polygon","coordinates":[[[10.994797,59.960299],[11.001057,59.960299],[11.001057,59.963284],[10.994797,59.963284],[10.994797,59.960299]]]}},{"type":"Feature","properties":{"cell_id":"r114c104","latitude":59.961791,"longitude":11.004187},"geometry":{"type":"Polygon","coordinates":[[[11.001057,59.960299],[11.007317,59.960299],[11.007317,59.963284],[11.001057,59.963284],[11.001057,59.960299]]]}},{"type":"Feature","properties":{"cell_id":"r114c105","latitude":59.961791,"longitude":11.010447},"geometry":{"type":"Polygon","coordinates":[[[11.007317,59.960299],[11.013577,59.960299],[11.013577,59.963284],[11.007317,59.963284],[11.007317,59.960299]]]}},{"type":"Feature","properties":{"cell_id":"r114c106","latitude":59.961791,"longitude":11.016707},"geometry":{"type":"Polygon","coordinates":[[[11.013577,59.960299],[11.019837,59.960299],[11.019837,59.963284],[11.013577,59.963284],[11.013577,59.960299]]]}},{"type":"Feature","properties":{"cell_id":"r114c108","latitude":59.961791,"longitude":11.029228},"geometry":{"type":"Polygon","coordinates":[[[11.026098,59.960299],[11.032358,59.960299],[11.032358,59.963284],[11.026098,59.963284],[11.026098,59.960299]]]}},{"type":"Feature","properties":{"cell_id":"r114c109","latitude":59.961791,"longitude":11.035488},"geometry":{"type":"Polygon","coordinates":[[[11.032358,59.960299],[11.038618,59.960299],[11.038618,59.963284],[11.032358,59.963284],[11.032358,59.960299]]]}},{"type":"Feature","properties":{"cell_id":"r114c110","latitude":59.961791,"longitude":11.041748},"geometry":{"type":"Polygon","coordinates":[[[11.038618,59.960299],[11.044878,59.960299],[11.044878,59.963284],[11.038618,59.963284],[11.038618,59.960299]]]}},{"type":"Feature","properties":{"cell_id":"r114c111","latitude":59.961791,"longitude":11.048008},"geometry":{"type":"Polygon","coordinates":[[[11.044878,59.960299],[11.051138,59.960299],[11.051138,59.963284],[11.044878,59.963284],[11.044878,59.960299]]]}},{"type":"Feature","properties":{"cell_id":"r114c112","latitude":59.961791,"longitude":11.054268},"geometry":{"type":"Polygon","coordinates":[[[11.051138,59.960299],[11.057398,59.960299],[11.057398,59.963284],[11.051138,59.963284],[11.051138,59.960299]]]}},{"type":"Feature","properties":{"cell_id":"r114c114","latitude":59.961791,"longitude":11.066789},"geometry":{"type":"Polygon","coordinates":[[[11.063659,59.960299],[11.069919,59.960299],[11.069919,59.963284],[11.063659,59.963284],[11.063659,59.960299]]]}},{"type":"Feature","properties":{"cell_id":"r115c018","latitude":59.964776,"longitude":10.465813},"geometry":{"type":"Polygon","coordinates":[[[10.462683,59.963284],[10.468943,59.963284],[10.468943,59.966269],[10.462683,59.966269],[10.462683,59.963284]]]}},{"type":"Feature","properties":{"cell_id":"r115c019","latitude":59.964776,"longitude":10.472073},"geometry":{"type":"Polygon","coordinates":[[[10.468943,59.963284],[10.475203,59.963284],[10.475203,59.966269],[10.468943,59.966269],[10.468943,59.963284]]]}},{"type":"Feature","properties":{"cell_id":"r115c042","latitude":59.964776,"longitude":10.616057},"geometry":{"type":"Polygon","coordinates":[[[10.612927,59.963284],[10.619187,59.963284],[10.619187,59.966269],[10.612927,59.966269],[10.612927,59.963284]]]}},{"type":"Feature","properties":{"cell_id":"r115c043","latitude":59.964776,"longitude":10.622317},"geometry":{"type":"Polygon","coordinates":[[[10.619187,59.963284],[10.625447,59.963284],[10.625447,59.966269],[10.619187,59.966269],[10.619187,59.963284]]]}},{"type":"Feature","properties":{"cell_id":"r115c046","latitude":59.964776,"longitude":10.641098},"geometry":{"type":"Polygon","coordinates":[[[10.637967,59.963284],[10.644228,59.963284],[10.644228,59.966269],[10.637967,59.966269],[10.637967,59.963284]]]}},{"type":"Feature","properties":{"cell_id":"r115c047","latitude":59.964776,"longitude":10.647358},"geometry":{"type":"Polygon","coordinates":[[[10.644228,59.963284],[10.650488,59.963284],[10.650488,59.966269],[10.644228,59.966269],[10.644228,59.963284]]]}},{"type":"Feature","properties":{"cell_id":"r115c048","latitude":59.964776,"longitude":10.653618},"geometry":{"type":"Polygon","coordinates":[[[10.650488,59.963284],[10.656748,59.963284],[10.656748,59.966269],[10.650488,59.966269],[10.650488,59.963284]]]}},{"type":"Feature","properties":{"cell_id":"r115c049","latitude":59.964776,"longitude":10.659878},"geometry":{"type":"Polygon","coordinates":[[[10.656748,59.963284],[10.663008,59.963284],[10.663008,59.966269],[10.656748,59.966269],[10.656748,59.963284]]]}},{"type":"Feature","properties":{"cell_id":"r115c050","latitude":59.964776,"longitude":10.666138},"geometry":{"type":"Polygon","coordinates":[[[10.663008,59.963284],[10.669268,59.963284],[10.669268,59.966269],[10.663008,59.966269],[10.663008,59.963284]]]}},{"type":"Feature","properties":{"cell_id":"r115c051","latitude":59.964776,"longitude":10.672398},"geometry":{"type":"Polygon","coordinates":[[[10.669268,59.963284],[10.675528,59.963284],[10.675528,59.966269],[10.669268,59.966269],[10.669268,59.963284]]]}},{"type":"Feature","properties":{"cell_id":"r115c060","latitude":59.964776,"longitude":10.72874},"geometry":{"type":"Polygon","coordinates":[[[10.72561,59.963284],[10.73187,59.963284],[10.73187,59.966269],[10.72561,59.966269],[10.72561,59.963284]]]}},{"type":"Feature","properties":{"cell_id":"r115c061","latitude":59.964776,"longitude":10.735},"geometry":{"type":"Polygon","coordinates":[[[10.73187,59.963284],[10.73813,59.963284],[10.73813,59.966269],[10.73187,59.966269],[10.73187,59.963284]]]}},{"type":"Feature","properties":{"cell_id":"r115c062","latitude":59.964776,"longitude":10.74126},"geometry":{"type":"Polygon","coordinates":[[[10.73813,59.963284],[10.74439,59.963284],[10.74439,59.966269],[10.73813,59.966269],[10.73813,59.963284]]]}},{"type":"Feature","properties":{"cell_id":"r115c063","latitude":59.964776,"longitude":10.74752},"geometry":{"type":"Polygon","coordinates":[[[10.74439,59.963284],[10.75065,59.963284],[10.75065,59.966269],[10.74439,59.966269],[10.74439,59.963284]]]}},{"type":"Feature","properties":{"cell_id":"r115c064","latitude":59.964776,"longitude":10.75378},"geometry":{"type":"Polygon","coordinates":[[[10.75065,59.963284],[10.756911,59.963284],[10.756911,59.966269],[10.75065,59.966269],[10.75065,59.963284]]]}},{"type":"Feature","properties":{"cell_id":"r115c065","latitude":59.964776,"longitude":10.760041},"geometry":{"type":"Polygon","coordinates":[[[10.756911,59.963284],[10.763171,59.963284],[10.763171,59.966269],[10.756911,59.966269],[10.756911,59.963284]]]}},{"type":"Feature","properties":{"cell_id":"r115c066","latitude":59.964776,"longitude":10.766301},"geometry":{"type":"Polygon","coordinates":[[[10.763171,59.963284],[10.769431,59.963284],[10.769431,59.966269],[10.763171,59.966269],[10.763171,59.963284]]]}},{"type":"Feature","properties":{"cell_id":"r115c067","latitude":59.964776,"longitude":10.772561},"geometry":{"type":"Polygon","coordinates":[[[10.769431,59.963284],[10.775691,59.963284],[10.775691,59.966269],[10.769431,59.966269],[10.769431,59.963284]]]}},{"type":"Feature","properties":{"cell_id":"r115c068","latitude":59.964776,"longitude":10.778821},"geometry":{"type":"Polygon","coordinates":[[[10.775691,59.963284],[10.781951,59.963284],[10.781951,59.966269],[10.775691,59.966269],[10.775691,59.963284]]]}},{"type":"Feature","properties":{"cell_id":"r115c069","latitude":59.964776,"longitude":10.785081},"geometry":{"type":"Polygon","coordinates":[[[10.781951,59.963284],[10.788211,59.963284],[10.788211,59.966269],[10.781951,59.966269],[10.781951,59.963284]]]}},{"type":"Feature","properties":{"cell_id":"r115c070","latitude":59.964776,"longitude":10.791341},"geometry":{"type":"Polygon","coordinates":[[[10.788211,59.963284],[10.794472,59.963284],[10.794472,59.966269],[10.788211,59.966269],[10.788211,59.963284]]]}},{"type":"Feature","properties":{"cell_id":"r115c071","latitude":59.964776,"longitude":10.797602},"geometry":{"type":"Polygon","coordinates":[[[10.794472,59.963284],[10.800732,59.963284],[10.800732,59.966269],[10.794472,59.966269],[10.794472,59.963284]]]}},{"type":"Feature","properties":{"cell_id":"r115c081","latitude":59.964776,"longitude":10.860203},"geometry":{"type":"Polygon","coordinates":[[[10.857073,59.963284],[10.863333,59.963284],[10.863333,59.966269],[10.857073,59.966269],[10.857073,59.963284]]]}},{"type":"Feature","properties":{"cell_id":"r115c082","latitude":59.964776,"longitude":10.866463},"geometry":{"type":"Polygon","coordinates":[[[10.863333,59.963284],[10.869593,59.963284],[10.869593,59.966269],[10.863333,59.966269],[10.863333,59.963284]]]}},{"type":"Feature","properties":{"cell_id":"r115c083","latitude":59.964776,"longitude":10.872724},"geometry":{"type":"Polygon","coordinates":[[[10.869593,59.963284],[10.875854,59.963284],[10.875854,59.966269],[10.869593,59.966269],[10.869593,59.963284]]]}},{"type":"Feature","properties":{"cell_id":"r115c084","latitude":59.964776,"longitude":10.878984},"geometry":{"type":"Polygon","coordinates":[[[10.875854,59.963284],[10.882114,59.963284],[10.882114,59.966269],[10.875854,59.966269],[10.875854,59.963284]]]}},{"type":"Feature","properties":{"cell_id":"r115c086","latitude":59.964776,"longitude":10.891504},"geometry":{"type":"Polygon","coordinates":[[[10.888374,59.963284],[10.894634,59.963284],[10.894634,59.966269],[10.888374,59.966269],[10.888374,59.963284]]]}},{"type":"Feature","properties":{"cell_id":"r115c087","latitude":59.964776,"longitude":10.897764},"geometry":{"type":"Polygon","coordinates":[[[10.894634,59.963284],[10.900894,59.963284],[10.900894,59.966269],[10.894634,59.966269],[10.894634,59.963284]]]}},{"type":"Feature","properties":{"cell_id":"r115c088","latitude":59.964776,"longitude":10.904024},"geometry":{"type":"Polygon","coordinates":[[[10.900894,59.963284],[10.907154,59.963284],[10.907154,59.966269],[10.900894,59.966269],[10.900894,59.963284]]]}},{"type":"Feature","properties":{"cell_id":"r115c089","latitude":59.964776,"longitude":10.910285},"geometry":{"type":"Polygon","coordinates":[[[10.907154,59.963284],[10.913415,59.963284],[10.913415,59.966269],[10.907154,59.966269],[10.907154,59.963284]]]}},{"type":"Feature","properties":{"cell_id":"r115c090","latitude":59.964776,"longitude":10.916545},"geometry":{"type":"Polygon","coordinates":[[[10.913415,59.963284],[10.919675,59.963284],[10.919675,59.966269],[10.913415,59.966269],[10.913415,59.963284]]]}},{"type":"Feature","properties":{"cell_id":"r115c091","latitude":59.964776,"longitude":10.922805},"geometry":{"type":"Polygon","coordinates":[[[10.919675,59.963284],[10.925935,59.963284],[10.925935,59.966269],[10.919675,59.966269],[10.919675,59.963284]]]}},{"type":"Feature","properties":{"cell_id":"r115c103","latitude":59.964776,"longitude":10.997927},"geometry":{"type":"Polygon","coordinates":[[[10.994797,59.963284],[11.001057,59.963284],[11.001057,59.966269],[10.994797,59.966269],[10.994797,59.963284]]]}},{"type":"Feature","properties":{"cell_id":"r115c104","latitude":59.964776,"longitude":11.004187},"geometry":{"type":"Polygon","coordinates":[[[11.001057,59.963284],[11.007317,59.963284],[11.007317,59.966269],[11.001057,59.966269],[11.001057,59.963284]]]}},{"type":"Feature","properties":{"cell_id":"r115c109","latitude":59.964776,"longitude":11.035488},"geometry":{"type":"Polygon","coordinates":[[[11.032358,59.963284],[11.038618,59.963284],[11.038618,59.966269],[11.032358,59.966269],[11.032358,59.963284]]]}},{"type":"Feature","properties":{"cell_id":"r115c110","latitude":59.964776,"longitude":11.041748},"geometry":{"type":"Polygon","coordinates":[[[11.038618,59.963284],[11.044878,59.963284],[11.044878,59.966269],[11.038618,59.966269],[11.038618,59.963284]]]}},{"type":"Feature","properties":{"cell_id":"r115c113","latitude":59.964776,"longitude":11.060528},"geometry":{"type":"Polygon","coordinates":[[[11.057398,59.963284],[11.063659,59.963284],[11.063659,59.966269],[11.057398,59.966269],[11.057398,59.963284]]]}},{"type":"Feature","properties":{"cell_id":"r115c114","latitude":59.964776,"longitude":11.066789},"geometry":{"type":"Polygon","coordinates":[[[11.063659,59.963284],[11.069919,59.963284],[11.069919,59.966269],[11.063659,59.966269],[11.063659,59.963284]]]}},{"type":"Feature","properties":{"cell_id":"r115c115","latitude":59.964776,"longitude":11.073049},"geometry":{"type":"Polygon","coordinates":[[[11.069919,59.963284],[11.076179,59.963284],[11.076179,59.966269],[11.069919,59.966269],[11.069919,59.963284]]]}},{"type":"Feature","properties":{"cell_id":"r116c042","latitude":59.967761,"longitude":10.616057},"geometry":{"type":"Polygon","coordinates":[[[10.612927,59.966269],[10.619187,59.966269],[10.619187,59.969254],[10.612927,59.969254],[10.612927,59.966269]]]}},{"type":"Feature","properties":{"cell_id":"r116c046","latitude":59.967761,"longitude":10.641098},"geometry":{"type":"Polygon","coordinates":[[[10.637967,59.966269],[10.644228,59.966269],[10.644228,59.969254],[10.637967,59.969254],[10.637967,59.966269]]]}},{"type":"Feature","properties":{"cell_id":"r116c047","latitude":59.967761,"longitude":10.647358},"geometry":{"type":"Polygon","coordinates":[[[10.644228,59.966269],[10.650488,59.966269],[10.650488,59.969254],[10.644228,59.969254],[10.644228,59.966269]]]}},{"type":"Feature","properties":{"cell_id":"r116c048","latitude":59.967761,"longitude":10.653618},"geometry":{"type":"Polygon","coordinates":[[[10.650488,59.966269],[10.656748,59.966269],[10.656748,59.969254],[10.650488,59.969254],[10.650488,59.966269]]]}},{"type":"Feature","properties":{"cell_id":"r116c049","latitude":59.967761,"longitude":10.659878},"geometry":{"type":"Polygon","coordinates":[[[10.656748,59.966269],[10.663008,59.966269],[10.663008,59.969254],[10.656748,59.969254],[10.656748,59.966269]]]}},{"type":"Feature","properties":{"cell_id":"r116c060","latitude":59.967761,"longitude":10.72874},"geometry":{"type":"Polygon","coordinates":[[[10.72561,59.966269],[10.73187,59.966269],[10.73187,59.969254],[10.72561,59.969254],[10.72561,59.966269]]]}},{"type":"Feature","properties":{"cell_id":"r116c063","latitude":59.967761,"longitude":10.74752},"geometry":{"type":"Polygon","coordinates":[[[10.74439,59.966269],[10.75065,59.966269],[10.75065,59.969254],[10.74439,59.969254],[10.74439,59.966269]]]}},{"type":"Feature","properties":{"cell_id":"r116c067","latitude":59.967761,"longitude":10.772561},"geometry":{"type":"Polygon","coordinates":[[[10.769431,59.966269],[10.775691,59.966269],[10.775691,59.969254],[10.769431,59.969254],[10.769431,59.966269]]]}},{"type":"Feature","properties":{"cell_id":"r116c068","latitude":59.967761,"longitude":10.778821},"geometry":{"type":"Polygon","coordinates":[[[10.775691,59.966269],[10.781951,59.966269],[10.781951,59.969254],[10.775691,59.969254],[10.775691,59.966269]]]}},{"type":"Feature","properties":{"cell_id":"r116c070","latitude":59.967761,"longitude":10.791341},"geometry":{"type":"Polygon","coordinates":[[[10.788211,59.966269],[10.794472,59.966269],[10.794472,59.969254],[10.788211,59.969254],[10.788211,59.966269]]]}},{"type":"Feature","properties":{"cell_id":"r116c071","latitude":59.967761,"longitude":10.797602},"geometry":{"type":"Polygon","coordinates":[[[10.794472,59.966269],[10.800732,59.966269],[10.800732,59.969254],[10.794472,59.969254],[10.794472,59.966269]]]}},{"type":"Feature","properties":{"cell_id":"r116c083","latitude":59.967761,"longitude":10.872724},"geometry":{"type":"Polygon","coordinates":[[[10.869593,59.966269],[10.875854,59.966269],[10.875854,59.969254],[10.869593,59.969254],[10.869593,59.966269]]]}},{"type":"Feature","properties":{"cell_id":"r116c084","latitude":59.967761,"longitude":10.878984},"geometry":{"type":"Polygon","coordinates":[[[10.875854,59.966269],[10.882114,59.966269],[10.882114,59.969254],[10.875854,59.969254],[10.875854,59.966269]]]}},{"type":"Feature","properties":{"cell_id":"r116c086","latitude":59.967761,"longitude":10.891504},"geometry":{"type":"Polygon","coordinates":[[[10.888374,59.966269],[10.894634,59.966269],[10.894634,59.969254],[10.888374,59.969254],[10.888374,59.966269]]]}},{"type":"Feature","properties":{"cell_id":"r116c087","latitude":59.967761,"longitude":10.897764},"geometry":{"type":"Polygon","coordinates":[[[10.894634,59.966269],[10.900894,59.966269],[10.900894,59.969254],[10.894634,59.969254],[10.894634,59.966269]]]}},{"type":"Feature","properties":{"cell_id":"r116c089","latitude":59.967761,"longitude":10.910285},"geometry":{"type":"Polygon","coordinates":[[[10.907154,59.966269],[10.913415,59.966269],[10.913415,59.969254],[10.907154,59.969254],[10.907154,59.966269]]]}},{"type":"Feature","properties":{"cell_id":"r116c090","latitude":59.967761,"longitude":10.916545},"geometry":{"type":"Polygon","coordinates":[[[10.913415,59.966269],[10.919675,59.966269],[10.919675,59.969254],[10.913415,59.969254],[10.913415,59.966269]]]}},{"type":"Feature","properties":{"cell_id":"r116c091","latitude":59.967761,"longitude":10.922805},"geometry":{"type":"Polygon","coordinates":[[[10.919675,59.966269],[10.925935,59.966269],[10.925935,59.969254],[10.919675,59.969254],[10.919675,59.966269]]]}},{"type":"Feature","properties":{"cell_id":"r116c092","latitude":59.967761,"longitude":10.929065},"geometry":{"type":"Polygon","coordinates":[[[10.925935,59.966269],[10.932195,59.966269],[10.932195,59.969254],[10.925935,59.969254],[10.925935,59.966269]]]}},{"type":"Feature","properties":{"cell_id":"r116c103","latitude":59.967761,"longitude":10.997927},"geometry":{"type":"Polygon","coordinates":[[[10.994797,59.966269],[11.001057,59.966269],[11.001057,59.969254],[10.994797,59.969254],[10.994797,59.966269]]]}},{"type":"Feature","properties":{"cell_id":"r116c104","latitude":59.967761,"longitude":11.004187},"geometry":{"type":"Polygon","coordinates":[[[11.001057,59.966269],[11.007317,59.966269],[11.007317,59.969254],[11.001057,59.969254],[11.001057,59.966269]]]}},{"type":"Feature","properties":{"cell_id":"r116c109","latitude":59.967761,"longitude":11.035488},"geometry":{"type":"Polygon","coordinates":[[[11.032358,59.966269],[11.038618,59.966269],[11.038618,59.969254],[11.032358,59.969254],[11.032358,59.966269]]]}},{"type":"Feature","properties":{"cell_id":"r116c112","latitude":59.967761,"longitude":11.054268},"geometry":{"type":"Polygon","coordinates":[[[11.051138,59.966269],[11.057398,59.966269],[11.057398,59.969254],[11.051138,59.969254],[11.051138,59.966269]]]}},{"type":"Feature","properties":{"cell_id":"r116c113","latitude":59.967761,"longitude":11.060528},"geometry":{"type":"Polygon","coordinates":[[[11.057398,59.966269],[11.063659,59.966269],[11.063659,59.969254],[11.057398,59.969254],[11.057398,59.966269]]]}},{"type":"Feature","properties":{"cell_id":"r116c114","latitude":59.967761,"longitude":11.066789},"geometry":{"type":"Polygon","coordinates":[[[11.063659,59.966269],[11.069919,59.966269],[11.069919,59.969254],[11.063659,59.969254],[11.063659,59.966269]]]}},{"type":"Feature","properties":{"cell_id":"r116c115","latitude":59.967761,"longitude":11.073049},"geometry":{"type":"Polygon","coordinates":[[[11.069919,59.966269],[11.076179,59.966269],[11.076179,59.969254],[11.069919,59.969254],[11.069919,59.966269]]]}},{"type":"Feature","properties":{"cell_id":"r117c047","latitude":59.970746,"longitude":10.647358},"geometry":{"type":"Polygon","coordinates":[[[10.644228,59.969254],[10.650488,59.969254],[10.650488,59.972239],[10.644228,59.972239],[10.644228,59.969254]]]}},{"type":"Feature","properties":{"cell_id":"r117c048","latitude":59.970746,"longitude":10.653618},"geometry":{"type":"Polygon","coordinates":[[[10.650488,59.969254],[10.656748,59.969254],[10.656748,59.972239],[10.650488,59.972239],[10.650488,59.969254]]]}},{"type":"Feature","properties":{"cell_id":"r117c049","latitude":59.970746,"longitude":10.659878},"geometry":{"type":"Polygon","coordinates":[[[10.656748,59.969254],[10.663008,59.969254],[10.663008,59.972239],[10.656748,59.972239],[10.656748,59.969254]]]}},{"type":"Feature","properties":{"cell_id":"r117c050","latitude":59.970746,"longitude":10.666138},"geometry":{"type":"Polygon","coordinates":[[[10.663008,59.969254],[10.669268,59.969254],[10.669268,59.972239],[10.663008,59.972239],[10.663008,59.969254]]]}},{"type":"Feature","properties":{"cell_id":"r117c051","latitude":59.970746,"longitude":10.672398},"geometry":{"type":"Polygon","coordinates":[[[10.669268,59.969254],[10.675528,59.969254],[10.675528,59.972239],[10.669268,59.972239],[10.669268,59.969254]]]}},{"type":"Feature","properties":{"cell_id":"r117c084","latitude":59.970746,"longitude":10.878984},"geometry":{"type":"Polygon","coordinates":[[[10.875854,59.969254],[10.882114,59.969254],[10.882114,59.972239],[10.875854,59.972239],[10.875854,59.969254]]]}},{"type":"Feature","properties":{"cell_id":"r117c087","latitude":59.970746,"longitude":10.897764},"geometry":{"type":"Polygon","coordinates":[[[10.894634,59.969254],[10.900894,59.969254],[10.900894,59.972239],[10.894634,59.972239],[10.894634,59.969254]]]}},{"type":"Feature","properties":{"cell_id":"r117c088","latitude":59.970746,"longitude":10.904024},"geometry":{"type":"Polygon","coordinates":[[[10.900894,59.969254],[10.907154,59.969254],[10.907154,59.972239],[10.900894,59.972239],[10.900894,59.969254]]]}},{"type":"Feature","properties":{"cell_id":"r117c092","latitude":59.970746,"longitude":10.929065},"geometry":{"type":"Polygon","coordinates":[[[10.925935,59.969254],[10.932195,59.969254],[10.932195,59.972239],[10.925935,59.972239],[10.925935,59.969254]]]}},{"type":"Feature","properties":{"cell_id":"r117c102","latitude":59.970746,"longitude":10.991667},"geometry":{"type":"Polygon","coordinates":[[[10.988537,59.969254],[10.994797,59.969254],[10.994797,59.972239],[10.988537,59.972239],[10.988537,59.969254]]]}},{"type":"Feature","properties":{"cell_id":"r117c103","latitude":59.970746,"longitude":10.997927},"geometry":{"type":"Polygon","coordinates":[[[10.994797,59.969254],[11.001057,59.969254],[11.001057,59.972239],[10.994797,59.972239],[10.994797,59.969254]]]}},{"type":"Feature","properties":{"cell_id":"r117c104","latitude":59.970746,"longitude":11.004187},"geometry":{"type":"Polygon","coordinates":[[[11.001057,59.969254],[11.007317,59.969254],[11.007317,59.972239],[11.001057,59.972239],[11.001057,59.969254]]]}},{"type":"Feature","properties":{"cell_id":"r117c105","latitude":59.970746,"longitude":11.010447},"geometry":{"type":"Polygon","coordinates":[[[11.007317,59.969254],[11.013577,59.969254],[11.013577,59.972239],[11.007317,59.972239],[11.007317,59.969254]]]}},{"type":"Feature","properties":{"cell_id":"r117c110","latitude":59.970746,"longitude":11.041748},"geometry":{"type":"Polygon","coordinates":[[[11.038618,59.969254],[11.044878,59.969254],[11.044878,59.972239],[11.038618,59.972239],[11.038618,59.969254]]]}},{"type":"Feature","properties":{"cell_id":"r117c112","latitude":59.970746,"longitude":11.054268},"geometry":{"type":"Polygon","coordinates":[[[11.051138,59.969254],[11.057398,59.969254],[11.057398,59.972239],[11.051138,59.972239],[11.051138,59.969254]]]}},{"type":"Feature","properties":{"cell_id":"r117c114","latitude":59.970746,"longitude":11.066789},"geometry":{"type":"Polygon","coordinates":[[[11.063659,59.969254],[11.069919,59.969254],[11.069919,59.972239],[11.063659,59.972239],[11.063659,59.969254]]]}},{"type":"Feature","properties":{"cell_id":"r117c115","latitude":59.970746,"longitude":11.073049},"geometry":{"type":"Polygon","coordinates":[[[11.069919,59.969254],[11.076179,59.969254],[11.076179,59.972239],[11.069919,59.972239],[11.069919,59.969254]]]}},{"type":"Feature","properties":{"cell_id":"r118c047","latitude":59.973731,"longitude":10.647358},"geometry":{"type":"Polygon","coordinates":[[[10.644228,59.972239],[10.650488,59.972239],[10.650488,59.975224],[10.644228,59.975224],[10.644228,59.972239]]]}},{"type":"Feature","properties":{"cell_id":"r118c083","latitude":59.973731,"longitude":10.872724},"geometry":{"type":"Polygon","coordinates":[[[10.869593,59.972239],[10.875854,59.972239],[10.875854,59.975224],[10.869593,59.975224],[10.869593,59.972239]]]}},{"type":"Feature","properties":{"cell_id":"r118c092","latitude":59.973731,"longitude":10.929065},"geometry":{"type":"Polygon","coordinates":[[[10.925935,59.972239],[10.932195,59.972239],[10.932195,59.975224],[10.925935,59.975224],[10.925935,59.972239]]]}},{"type":"Feature","properties":{"cell_id":"r118c103","latitude":59.973731,"longitude":10.997927},"geometry":{"type":"Polygon","coordinates":[[[10.994797,59.972239],[11.001057,59.972239],[11.001057,59.975224],[10.994797,59.975224],[10.994797,59.972239]]]}},{"type":"Feature","properties":{"cell_id":"r118c109","latitude":59.973731,"longitude":11.035488},"geometry":{"type":"Polygon","coordinates":[[[11.032358,59.972239],[11.038618,59.972239],[11.038618,59.975224],[11.032358,59.975224],[11.032358,59.972239]]]}},{"type":"Feature","properties":{"cell_id":"r118c110","latitude":59.973731,"longitude":11.041748},"geometry":{"type":"Polygon","coordinates":[[[11.038618,59.972239],[11.044878,59.972239],[11.044878,59.975224],[11.038618,59.975224],[11.038618,59.972239]]]}},{"type":"Feature","properties":{"cell_id":"r118c111","latitude":59.973731,"longitude":11.048008},"geometry":{"type":"Polygon","coordinates":[[[11.044878,59.972239],[11.051138,59.972239],[11.051138,59.975224],[11.044878,59.975224],[11.044878,59.972239]]]}},{"type":"Feature","properties":{"cell_id":"r118c112","latitude":59.973731,"longitude":11.054268},"geometry":{"type":"Polygon","coordinates":[[[11.051138,59.972239],[11.057398,59.972239],[11.057398,59.975224],[11.051138,59.975224],[11.051138,59.972239]]]}},{"type":"Feature","properties":{"cell_id":"r119c047","latitude":59.976716,"longitude":10.647358},"geometry":{"type":"Polygon","coordinates":[[[10.644228,59.975224],[10.650488,59.975224],[10.650488,59.978209],[10.644228,59.978209],[10.644228,59.975224]]]}},{"type":"Feature","properties":{"cell_id":"r119c083","latitude":59.976716,"longitude":10.872724},"geometry":{"type":"Polygon","coordinates":[[[10.869593,59.975224],[10.875854,59.975224],[10.875854,59.978209],[10.869593,59.978209],[10.869593,59.975224]]]}},{"type":"Feature","properties":{"cell_id":"r119c091","latitude":59.976716,"longitude":10.922805},"geometry":{"type":"Polygon","coordinates":[[[10.919675,59.975224],[10.925935,59.975224],[10.925935,59.978209],[10.919675,59.978209],[10.919675,59.975224]]]}},{"type":"Feature","properties":{"cell_id":"r119c092","latitude":59.976716,"longitude":10.929065},"geometry":{"type":"Polygon","coordinates":[[[10.925935,59.975224],[10.932195,59.975224],[10.932195,59.978209],[10.925935,59.978209],[10.925935,59.975224]]]}},{"type":"Feature","properties":{"cell_id":"r119c093","latitude":59.976716,"longitude":10.935325},"geometry":{"type":"Polygon","coordinates":[[[10.932195,59.975224],[10.938455,59.975224],[10.938455,59.978209],[10.932195,59.978209],[10.932195,59.975224]]]}},{"type":"Feature","properties":{"cell_id":"r119c103","latitude":59.976716,"longitude":10.997927},"geometry":{"type":"Polygon","coordinates":[[[10.994797,59.975224],[11.001057,59.975224],[11.001057,59.978209],[10.994797,59.978209],[10.994797,59.975224]]]}},{"type":"Feature","properties":{"cell_id":"r119c104","latitude":59.976716,"longitude":11.004187},"geometry":{"type":"Polygon","coordinates":[[[11.001057,59.975224],[11.007317,59.975224],[11.007317,59.978209],[11.001057,59.978209],[11.001057,59.975224]]]}},{"type":"Feature","properties":{"cell_id":"r119c108","latitude":59.976716,"longitude":11.029228},"geometry":{"type":"Polygon","coordinates":[[[11.026098,59.975224],[11.032358,59.975224],[11.032358,59.978209],[11.026098,59.978209],[11.026098,59.975224]]]}},{"type":"Feature","properties":{"cell_id":"r119c109","latitude":59.976716,"longitude":11.035488},"geometry":{"type":"Polygon","coordinates":[[[11.032358,59.975224],[11.038618,59.975224],[11.038618,59.978209],[11.032358,59.978209],[11.032358,59.975224]]]}},{"type":"Feature","properties":{"cell_id":"r119c110","latitude":59.976716,"longitude":11.041748},"geometry":{"type":"Polygon","coordinates":[[[11.038618,59.975224],[11.044878,59.975224],[11.044878,59.978209],[11.038618,59.978209],[11.038618,59.975224]]]}},{"type":"Feature","properties":{"cell_id":"r119c112","latitude":59.976716,"longitude":11.054268},"geometry":{"type":"Polygon","coordinates":[[[11.051138,59.975224],[11.057398,59.975224],[11.057398,59.978209],[11.051138,59.978209],[11.051138,59.975224]]]}},{"type":"Feature","properties":{"cell_id":"r120c048","latitude":59.979701,"longitude":10.653618},"geometry":{"type":"Polygon","coordinates":[[[10.650488,59.978209],[10.656748,59.978209],[10.656748,59.981194],[10.650488,59.981194],[10.650488,59.978209]]]}},{"type":"Feature","properties":{"cell_id":"r120c049","latitude":59.979701,"longitude":10.659878},"geometry":{"type":"Polygon","coordinates":[[[10.656748,59.978209],[10.663008,59.978209],[10.663008,59.981194],[10.656748,59.981194],[10.656748,59.978209]]]}},{"type":"Feature","properties":{"cell_id":"r120c091","latitude":59.979701,"longitude":10.922805},"geometry":{"type":"Polygon","coordinates":[[[10.919675,59.978209],[10.925935,59.978209],[10.925935,59.981194],[10.919675,59.981194],[10.919675,59.978209]]]}},{"type":"Feature","properties":{"cell_id":"r120c092","latitude":59.979701,"longitude":10.929065},"geometry":{"type":"Polygon","coordinates":[[[10.925935,59.978209],[10.932195,59.978209],[10.932195,59.981194],[10.925935,59.981194],[10.925935,59.978209]]]}},{"type":"Feature","properties":{"cell_id":"r120c093","latitude":59.979701,"longitude":10.935325},"geometry":{"type":"Polygon","coordinates":[[[10.932195,59.978209],[10.938455,59.978209],[10.938455,59.981194],[10.932195,59.981194],[10.932195,59.978209]]]}},{"type":"Feature","properties":{"cell_id":"r120c094","latitude":59.979701,"longitude":10.941585},"geometry":{"type":"Polygon","coordinates":[[[10.938455,59.978209],[10.944715,59.978209],[10.944715,59.981194],[10.938455,59.981194],[10.938455,59.978209]]]}},{"type":"Feature","properties":{"cell_id":"r120c102","latitude":59.979701,"longitude":10.991667},"geometry":{"type":"Polygon","coordinates":[[[10.988537,59.978209],[10.994797,59.978209],[10.994797,59.981194],[10.988537,59.981194],[10.988537,59.978209]]]}},{"type":"Feature","properties":{"cell_id":"r120c103","latitude":59.979701,"longitude":10.997927},"geometry":{"type":"Polygon","coordinates":[[[10.994797,59.978209],[11.001057,59.978209],[11.001057,59.981194],[10.994797,59.981194],[10.994797,59.978209]]]}},{"type":"Feature","properties":{"cell_id":"r120c104","latitude":59.979701,"longitude":11.004187},"geometry":{"type":"Polygon","coordinates":[[[11.001057,59.978209],[11.007317,59.978209],[11.007317,59.981194],[11.001057,59.981194],[11.001057,59.978209]]]}},{"type":"Feature","properties":{"cell_id":"r120c106","latitude":59.979701,"longitude":11.016707},"geometry":{"type":"Polygon","coordinates":[[[11.013577,59.978209],[11.019837,59.978209],[11.019837,59.981194],[11.013577,59.981194],[11.013577,59.978209]]]}},{"type":"Feature","properties":{"cell_id":"r121c048","latitude":59.982687,"longitude":10.653618},"geometry":{"type":"Polygon","coordinates":[[[10.650488,59.981194],[10.656748,59.981194],[10.656748,59.984179],[10.650488,59.984179],[10.650488,59.981194]]]}},{"type":"Feature","properties":{"cell_id":"r121c092","latitude":59.982687,"longitude":10.929065},"geometry":{"type":"Polygon","coordinates":[[[10.925935,59.981194],[10.932195,59.981194],[10.932195,59.984179],[10.925935,59.984179],[10.925935,59.981194]]]}},{"type":"Feature","properties":{"cell_id":"r121c093","latitude":59.982687,"longitude":10.935325},"geometry":{"type":"Polygon","coordinates":[[[10.932195,59.981194],[10.938455,59.981194],[10.938455,59.984179],[10.932195,59.984179],[10.932195,59.981194]]]}},{"type":"Feature","properties":{"cell_id":"r121c105","latitude":59.982687,"longitude":11.010447},"geometry":{"type":"Polygon","coordinates":[[[11.007317,59.981194],[11.013577,59.981194],[11.013577,59.984179],[11.007317,59.984179],[11.007317,59.981194]]]}},{"type":"Feature","properties":{"cell_id":"r121c106","latitude":59.982687,"longitude":11.016707},"geometry":{"type":"Polygon","coordinates":[[[11.013577,59.981194],[11.019837,59.981194],[11.019837,59.984179],[11.013577,59.984179],[11.013577,59.981194]]]}},{"type":"Feature","properties":{"cell_id":"r121c108","latitude":59.982687,"longitude":11.029228},"geometry":{"type":"Polygon","coordinates":[[[11.026098,59.981194],[11.032358,59.981194],[11.032358,59.984179],[11.026098,59.984179],[11.026098,59.981194]]]}},{"type":"Feature","properties":{"cell_id":"r121c111","latitude":59.982687,"longitude":11.048008},"geometry":{"type":"Polygon","coordinates":[[[11.044878,59.981194],[11.051138,59.981194],[11.051138,59.984179],[11.044878,59.984179],[11.044878,59.981194]]]}},{"type":"Feature","properties":{"cell_id":"r121c112","latitude":59.982687,"longitude":11.054268},"geometry":{"type":"Polygon","coordinates":[[[11.051138,59.981194],[11.057398,59.981194],[11.057398,59.984179],[11.051138,59.984179],[11.051138,59.981194]]]}},{"type":"Feature","properties":{"cell_id":"r122c093","latitude":59.985672,"longitude":10.935325},"geometry":{"type":"Polygon","coordinates":[[[10.932195,59.984179],[10.938455,59.984179],[10.938455,59.987164],[10.932195,59.987164],[10.932195,59.984179]]]}},{"type":"Feature","properties":{"cell_id":"r122c094","latitude":59.985672,"longitude":10.941585},"geometry":{"type":"Polygon","coordinates":[[[10.938455,59.984179],[10.944715,59.984179],[10.944715,59.987164],[10.938455,59.987164],[10.938455,59.984179]]]}},{"type":"Feature","properties":{"cell_id":"r122c106","latitude":59.985672,"longitude":11.016707},"geometry":{"type":"Polygon","coordinates":[[[11.013577,59.984179],[11.019837,59.984179],[11.019837,59.987164],[11.013577,59.987164],[11.013577,59.984179]]]}},{"type":"Feature","properties":{"cell_id":"r122c107","latitude":59.985672,"longitude":11.022967},"geometry":{"type":"Polygon","coordinates":[[[11.019837,59.984179],[11.026098,59.984179],[11.026098,59.987164],[11.019837,59.987164],[11.019837,59.984179]]]}},{"type":"Feature","properties":{"cell_id":"r122c108","latitude":59.985672,"longitude":11.029228},"geometry":{"type":"Polygon","coordinates":[[[11.026098,59.984179],[11.032358,59.984179],[11.032358,59.987164],[11.026098,59.987164],[11.026098,59.984179]]]}},{"type":"Feature","properties":{"cell_id":"r122c109","latitude":59.985672,"longitude":11.035488},"geometry":{"type":"Polygon","coordinates":[[[11.032358,59.984179],[11.038618,59.984179],[11.038618,59.987164],[11.032358,59.987164],[11.032358,59.984179]]]}},{"type":"Feature","properties":{"cell_id":"r122c110","latitude":59.985672,"longitude":11.041748},"geometry":{"type":"Polygon","coordinates":[[[11.038618,59.984179],[11.044878,59.984179],[11.044878,59.987164],[11.038618,59.987164],[11.038618,59.984179]]]}},{"type":"Feature","properties":{"cell_id":"r123c093","latitude":59.988657,"longitude":10.935325},"geometry":{"type":"Polygon","coordinates":[[[10.932195,59.987164],[10.938455,59.987164],[10.938455,59.990149],[10.932195,59.990149],[10.932195,59.987164]]]}},{"type":"Feature","properties":{"cell_id":"r123c094","latitude":59.988657,"longitude":10.941585},"geometry":{"type":"Polygon","coordinates":[[[10.938455,59.987164],[10.944715,59.987164],[10.944715,59.990149],[10.938455,59.990149],[10.938455,59.987164]]]}},{"type":"Feature","properties":{"cell_id":"r123c095","latitude":59.988657,"longitude":10.947846},"geometry":{"type":"Polygon","coordinates":[[[10.944715,59.987164],[10.950976,59.987164],[10.950976,59.990149],[10.944715,59.990149],[10.944715,59.987164]]]}},{"type":"Feature","properties":{"cell_id":"r123c108","latitude":59.988657,"longitude":11.029228},"geometry":{"type":"Polygon","coordinates":[[[11.026098,59.987164],[11.032358,59.987164],[11.032358,59.990149],[11.026098,59.990149],[11.026098,59.987164]]]}},{"type":"Feature","properties":{"cell_id":"r123c109","latitude":59.988657,"longitude":11.035488},"geometry":{"type":"Polygon","coordinates":[[[11.032358,59.987164],[11.038618,59.987164],[11.038618,59.990149],[11.032358,59.990149],[11.032358,59.987164]]]}},{"type":"Feature","properties":{"cell_id":"r123c110","latitude":59.988657,"longitude":11.041748},"geometry":{"type":"Polygon","coordinates":[[[11.038618,59.987164],[11.044878,59.987164],[11.044878,59.990149],[11.038618,59.990149],[11.038618,59.987164]]]}},{"type":"Feature","properties":{"cell_id":"r123c120","latitude":59.988657,"longitude":11.10435},"geometry":{"type":"Polygon","coordinates":[[[11.10122,59.987164],[11.10748,59.987164],[11.10748,59.990149],[11.10122,59.990149],[11.10122,59.987164]]]}},{"type":"Feature","properties":{"cell_id":"r123c121","latitude":59.988657,"longitude":11.11061},"geometry":{"type":"Polygon","coordinates":[[[11.10748,59.987164],[11.11374,59.987164],[11.11374,59.990149],[11.10748,59.990149],[11.10748,59.987164]]]}},{"type":"Feature","properties":{"cell_id":"r124c088","latitude":59.991642,"longitude":10.904024},"geometry":{"type":"Polygon","coordinates":[[[10.900894,59.990149],[10.907154,59.990149],[10.907154,59.993134],[10.900894,59.993134],[10.900894,59.990149]]]}},{"type":"Feature","properties":{"cell_id":"r124c089","latitude":59.991642,"longitude":10.910285},"geometry":{"type":"Polygon","coordinates":[[[10.907154,59.990149],[10.913415,59.990149],[10.913415,59.993134],[10.907154,59.993134],[10.907154,59.990149]]]}},{"type":"Feature","properties":{"cell_id":"r124c090","latitude":59.991642,"longitude":10.916545},"geometry":{"type":"Polygon","coordinates":[[[10.913415,59.990149],[10.919675,59.990149],[10.919675,59.993134],[10.913415,59.993134],[10.913415,59.990149]]]}},{"type":"Feature","properties":{"cell_id":"r124c091","latitude":59.991642,"longitude":10.922805},"geometry":{"type":"Polygon","coordinates":[[[10.919675,59.990149],[10.925935,59.990149],[10.925935,59.993134],[10.919675,59.993134],[10.919675,59.990149]]]}},{"type":"Feature","properties":{"cell_id":"r124c092","latitude":59.991642,"longitude":10.929065},"geometry":{"type":"Polygon","coordinates":[[[10.925935,59.990149],[10.932195,59.990149],[10.932195,59.993134],[10.925935,59.993134],[10.925935,59.990149]]]}},{"type":"Feature","properties":{"cell_id":"r124c093","latitude":59.991642,"longitude":10.935325},"geometry":{"type":"Polygon","coordinates":[[[10.932195,59.990149],[10.938455,59.990149],[10.938455,59.993134],[10.932195,59.993134],[10.932195,59.990149]]]}},{"type":"Feature","properties":{"cell_id":"r124c094","latitude":59.991642,"longitude":10.941585},"geometry":{"type":"Polygon","coordinates":[[[10.938455,59.990149],[10.944715,59.990149],[10.944715,59.993134],[10.938455,59.993134],[10.938455,59.990149]]]}},{"type":"Feature","properties":{"cell_id":"r124c108","latitude":59.991642,"longitude":11.029228},"geometry":{"type":"Polygon","coordinates":[[[11.026098,59.990149],[11.032358,59.990149],[11.032358,59.993134],[11.026098,59.993134],[11.026098,59.990149]]]}},{"type":"Feature","properties":{"cell_id":"r124c109","latitude":59.991642,"longitude":11.035488},"geometry":{"type":"Polygon","coordinates":[[[11.032358,59.990149],[11.038618,59.990149],[11.038618,59.993134],[11.032358,59.993134],[11.032358,59.990149]]]}},{"type":"Feature","properties":{"cell_id":"r124c110","latitude":59.991642,"longitude":11.041748},"geometry":{"type":"Polygon","coordinates":[[[11.038618,59.990149],[11.044878,59.990149],[11.044878,59.993134],[11.038618,59.993134],[11.038618,59.990149]]]}},{"type":"Feature","properties":{"cell_id":"r124c111","latitude":59.991642,"longitude":11.048008},"geometry":{"type":"Polygon","coordinates":[[[11.044878,59.990149],[11.051138,59.990149],[11.051138,59.993134],[11.044878,59.993134],[11.044878,59.990149]]]}},{"type":"Feature","properties":{"cell_id":"r125c088","latitude":59.994627,"longitude":10.904024},"geometry":{"type":"Polygon","coordinates":[[[10.900894,59.993134],[10.907154,59.993134],[10.907154,59.996119],[10.900894,59.996119],[10.900894,59.993134]]]}},{"type":"Feature","properties":{"cell_id":"r125c089","latitude":59.994627,"longitude":10.910285},"geometry":{"type":"Polygon","coordinates":[[[10.907154,59.993134],[10.913415,59.993134],[10.913415,59.996119],[10.907154,59.996119],[10.907154,59.993134]]]}},{"type":"Feature","properties":{"cell_id":"r125c090","latitude":59.994627,"longitude":10.916545},"geometry":{"type":"Polygon","coordinates":[[[10.913415,59.993134],[10.919675,59.993134],[10.919675,59.996119],[10.913415,59.996119],[10.913415,59.993134]]]}},{"type":"Feature","properties":{"cell_id":"r125c091","latitude":59.994627,"longitude":10.922805},"geometry":{"type":"Polygon","coordinates":[[[10.919675,59.993134],[10.925935,59.993134],[10.925935,59.996119],[10.919675,59.996119],[10.919675,59.993134]]]}},{"type":"Feature","properties":{"cell_id":"r125c106","latitude":59.994627,"longitude":11.016707},"geometry":{"type":"Polygon","coordinates":[[[11.013577,59.993134],[11.019837,59.993134],[11.019837,59.996119],[11.013577,59.996119],[11.013577,59.993134]]]}},{"type":"Feature","properties":{"cell_id":"r125c107","latitude":59.994627,"longitude":11.022967},"geometry":{"type":"Polygon","coordinates":[[[11.019837,59.993134],[11.026098,59.993134],[11.026098,59.996119],[11.019837,59.996119],[11.019837,59.993134]]]}},{"type":"Feature","properties":{"cell_id":"r125c108","latitude":59.994627,"longitude":11.029228},"geometry":{"type":"Polygon","coordinates":[[[11.026098,59.993134],[11.032358,59.993134],[11.032358,59.996119],[11.026098,59.996119],[11.026098,59.993134]]]}},{"type":"Feature","properties":{"cell_id":"r125c109","latitude":59.994627,"longitude":11.035488},"geometry":{"type":"Polygon","coordinates":[[[11.032358,59.993134],[11.038618,59.993134],[11.038618,59.996119],[11.032358,59.996119],[11.032358,59.993134]]]}},{"type":"Feature","properties":{"cell_id":"r125c110","latitude":59.994627,"longitude":11.041748},"geometry":{"type":"Polygon","coordinates":[[[11.038618,59.993134],[11.044878,59.993134],[11.044878,59.996119],[11.038618,59.996119],[11.038618,59.993134]]]}},{"type":"Feature","properties":{"cell_id":"r125c117","latitude":59.994627,"longitude":11.085569},"geometry":{"type":"Polygon","coordinates":[[[11.082439,59.993134],[11.088699,59.993134],[11.088699,59.996119],[11.082439,59.996119],[11.082439,59.993134]]]}},{"type":"Feature","properties":{"cell_id":"r125c120","latitude":59.994627,"longitude":11.10435},"geometry":{"type":"Polygon","coordinates":[[[11.10122,59.993134],[11.10748,59.993134],[11.10748,59.996119],[11.10122,59.996119],[11.10122,59.993134]]]}},{"type":"Feature","properties":{"cell_id":"r126c089","latitude":59.997612,"longitude":10.910285},"geometry":{"type":"Polygon","coordinates":[[[10.907154,59.996119],[10.913415,59.996119],[10.913415,59.999104],[10.907154,59.999104],[10.907154,59.996119]]]}},{"type":"Feature","properties":{"cell_id":"r126c090","latitude":59.997612,"longitude":10.916545},"geometry":{"type":"Polygon","coordinates":[[[10.913415,59.996119],[10.919675,59.996119],[10.919675,59.999104],[10.913415,59.999104],[10.913415,59.996119]]]}},{"type":"Feature","properties":{"cell_id":"r126c091","latitude":59.997612,"longitude":10.922805},"geometry":{"type":"Polygon","coordinates":[[[10.919675,59.996119],[10.925935,59.996119],[10.925935,59.999104],[10.919675,59.999104],[10.919675,59.996119]]]}},{"type":"Feature","properties":{"cell_id":"r126c106","latitude":59.997612,"longitude":11.016707},"geometry":{"type":"Polygon","coordinates":[[[11.013577,59.996119],[11.019837,59.996119],[11.019837,59.999104],[11.013577,59.999104],[11.013577,59.996119]]]}},{"type":"Feature","properties":{"cell_id":"r126c107","latitude":59.997612,"longitude":11.022967},"geometry":{"type":"Polygon","coordinates":[[[11.019837,59.996119],[11.026098,59.996119],[11.026098,59.999104],[11.019837,59.999104],[11.019837,59.996119]]]}},{"type":"Feature","properties":{"cell_id":"r126c108","latitude":59.997612,"longitude":11.029228},"geometry":{"type":"Polygon","coordinates":[[[11.026098,59.996119],[11.032358,59.996119],[11.032358,59.999104],[11.026098,59.999104],[11.026098,59.996119]]]}},{"type":"Feature","properties":{"cell_id":"r126c109","latitude":59.997612,"longitude":11.035488},"geometry":{"type":"Polygon","coordinates":[[[11.032358,59.996119],[11.038618,59.996119],[11.038618,59.999104],[11.032358,59.999104],[11.032358,59.996119]]]}},{"type":"Feature","properties":{"cell_id":"r126c117","latitude":59.997612,"longitude":11.085569},"geometry":{"type":"Polygon","coordinates":[[[11.082439,59.996119],[11.088699,59.996119],[11.088699,59.999104],[11.082439,59.999104],[11.082439,59.996119]]]}},{"type":"Feature","properties":{"cell_id":"r126c119","latitude":59.997612,"longitude":11.098089},"geometry":{"type":"Polygon","coordinates":[[[11.094959,59.996119],[11.10122,59.996119],[11.10122,59.999104],[11.094959,59.999104],[11.094959,59.996119]]]}},{"type":"Feature","properties":{"cell_id":"r127c089","latitude":60.000597,"longitude":10.910285},"geometry":{"type":"Polygon","coordinates":[[[10.907154,59.999104],[10.913415,59.999104],[10.913415,60.00209],[10.907154,60.00209],[10.907154,59.999104]]]}},{"type":"Feature","properties":{"cell_id":"r127c090","latitude":60.000597,"longitude":10.916545},"geometry":{"type":"Polygon","coordinates":[[[10.913415,59.999104],[10.919675,59.999104],[10.919675,60.00209],[10.913415,60.00209],[10.913415,59.999104]]]}},{"type":"Feature","properties":{"cell_id":"r127c091","latitude":60.000597,"longitude":10.922805},"geometry":{"type":"Polygon","coordinates":[[[10.919675,59.999104],[10.925935,59.999104],[10.925935,60.00209],[10.919675,60.00209],[10.919675,59.999104]]]}},{"type":"Feature","properties":{"cell_id":"r127c092","latitude":60.000597,"longitude":10.929065},"geometry":{"type":"Polygon","coordinates":[[[10.925935,59.999104],[10.932195,59.999104],[10.932195,60.00209],[10.925935,60.00209],[10.925935,59.999104]]]}},{"type":"Feature","properties":{"cell_id":"r127c107","latitude":60.000597,"longitude":11.022967},"geometry":{"type":"Polygon","coordinates":[[[11.019837,59.999104],[11.026098,59.999104],[11.026098,60.00209],[11.019837,60.00209],[11.019837,59.999104]]]}},{"type":"Feature","properties":{"cell_id":"r127c108","latitude":60.000597,"longitude":11.029228},"geometry":{"type":"Polygon","coordinates":[[[11.026098,59.999104],[11.032358,59.999104],[11.032358,60.00209],[11.026098,60.00209],[11.026098,59.999104]]]}},{"type":"Feature","properties":{"cell_id":"r127c109","latitude":60.000597,"longitude":11.035488},"geometry":{"type":"Polygon","coordinates":[[[11.032358,59.999104],[11.038618,59.999104],[11.038618,60.00209],[11.032358,60.00209],[11.032358,59.999104]]]}},{"type":"Feature","properties":{"cell_id":"r127c110","latitude":60.000597,"longitude":11.041748},"geometry":{"type":"Polygon","coordinates":[[[11.038618,59.999104],[11.044878,59.999104],[11.044878,60.00209],[11.038618,60.00209],[11.038618,59.999104]]]}},{"type":"Feature","properties":{"cell_id":"r127c117","latitude":60.000597,"longitude":11.085569},"geometry":{"type":"Polygon","coordinates":[[[11.082439,59.999104],[11.088699,59.999104],[11.088699,60.00209],[11.082439,60.00209],[11.082439,59.999104]]]}},{"type":"Feature","properties":{"cell_id":"r127c119","latitude":60.000597,"longitude":11.098089},"geometry":{"type":"Polygon","coordinates":[[[11.094959,59.999104],[11.10122,59.999104],[11.10122,60.00209],[11.094959,60.00209],[11.094959,59.999104]]]}},{"type":"Feature","properties":{"cell_id":"r128c091","latitude":60.003582,"longitude":10.922805},"geometry":{"type":"Polygon","coordinates":[[[10.919675,60.00209],[10.925935,60.00209],[10.925935,60.005075],[10.919675,60.005075],[10.919675,60.00209]]]}},{"type":"Feature","properties":{"cell_id":"r128c092","latitude":60.003582,"longitude":10.929065},"geometry":{"type":"Polygon","coordinates":[[[10.925935,60.00209],[10.932195,60.00209],[10.932195,60.005075],[10.925935,60.005075],[10.925935,60.00209]]]}},{"type":"Feature","properties":{"cell_id":"r128c107","latitude":60.003582,"longitude":11.022967},"geometry":{"type":"Polygon","coordinates":[[[11.019837,60.00209],[11.026098,60.00209],[11.026098,60.005075],[11.019837,60.005075],[11.019837,60.00209]]]}},{"type":"Feature","properties":{"cell_id":"r128c108","latitude":60.003582,"longitude":11.029228},"geometry":{"type":"Polygon","coordinates":[[[11.026098,60.00209],[11.032358,60.00209],[11.032358,60.005075],[11.026098,60.005075],[11.026098,60.00209]]]}},{"type":"Feature","properties":{"cell_id":"r128c109","latitude":60.003582,"longitude":11.035488},"geometry":{"type":"Polygon","coordinates":[[[11.032358,60.00209],[11.038618,60.00209],[11.038618,60.005075],[11.032358,60.005075],[11.032358,60.00209]]]}},{"type":"Feature","properties":{"cell_id":"r128c110","latitude":60.003582,"longitude":11.041748},"geometry":{"type":"Polygon","coordinates":[[[11.038618,60.00209],[11.044878,60.00209],[11.044878,60.005075],[11.038618,60.005075],[11.038618,60.00209]]]}},{"type":"Feature","properties":{"cell_id":"r129c091","latitude":60.006567,"longitude":10.922805},"geometry":{"type":"Polygon","coordinates":[[[10.919675,60.005075],[10.925935,60.005075],[10.925935,60.00806],[10.919675,60.00806],[10.919675,60.005075]]]}},{"type":"Feature","properties":{"cell_id":"r129c092","latitude":60.006567,"longitude":10.929065},"geometry":{"type":"Polygon","coordinates":[[[10.925935,60.005075],[10.932195,60.005075],[10.932195,60.00806],[10.925935,60.00806],[10.925935,60.005075]]]}},{"type":"Feature","properties":{"cell_id":"r129c107","latitude":60.006567,"longitude":11.022967},"geometry":{"type":"Polygon","coordinates":[[[11.019837,60.005075],[11.026098,60.005075],[11.026098,60.00806],[11.019837,60.00806],[11.019837,60.005075]]]}},{"type":"Feature","properties":{"cell_id":"r129c108","latitude":60.006567,"longitude":11.029228},"geometry":{"type":"Polygon","coordinates":[[[11.026098,60.005075],[11.032358,60.005075],[11.032358,60.00806],[11.026098,60.00806],[11.026098,60.005075]]]}},{"type":"Feature","properties":{"cell_id":"r129c109","latitude":60.006567,"longitude":11.035488},"geometry":{"type":"Polygon","coordinates":[[[11.032358,60.005075],[11.038618,60.005075],[11.038618,60.00806],[11.032358,60.00806],[11.032358,60.005075]]]}},{"type":"Feature","properties":{"cell_id":"r129c110","latitude":60.006567,"longitude":11.041748},"geometry":{"type":"Polygon","coordinates":[[[11.038618,60.005075],[11.044878,60.005075],[11.044878,60.00806],[11.038618,60.00806],[11.038618,60.005075]]]}},{"type":"Feature","properties":{"cell_id":"r129c111","latitude":60.006567,"longitude":11.048008},"geometry":{"type":"Polygon","coordinates":[[[11.044878,60.005075],[11.051138,60.005075],[11.051138,60.00806],[11.044878,60.00806],[11.044878,60.005075]]]}},{"type":"Feature","properties":{"cell_id":"r129c114","latitude":60.006567,"longitude":11.066789},"geometry":{"type":"Polygon","coordinates":[[[11.063659,60.005075],[11.069919,60.005075],[11.069919,60.00806],[11.063659,60.00806],[11.063659,60.005075]]]}},{"type":"Feature","properties":{"cell_id":"r130c090","latitude":60.009552,"longitude":10.916545},"geometry":{"type":"Polygon","coordinates":[[[10.913415,60.00806],[10.919675,60.00806],[10.919675,60.011045],[10.913415,60.011045],[10.913415,60.00806]]]}},{"type":"Feature","properties":{"cell_id":"r130c091","latitude":60.009552,"longitude":10.922805},"geometry":{"type":"Polygon","coordinates":[[[10.919675,60.00806],[10.925935,60.00806],[10.925935,60.011045],[10.919675,60.011045],[10.919675,60.00806]]]}},{"type":"Feature","properties":{"cell_id":"r130c092","latitude":60.009552,"longitude":10.929065},"geometry":{"type":"Polygon","coordinates":[[[10.925935,60.00806],[10.932195,60.00806],[10.932195,60.011045],[10.925935,60.011045],[10.925935,60.00806]]]}},{"type":"Feature","properties":{"cell_id":"r130c106","latitude":60.009552,"longitude":11.016707},"geometry":{"type":"Polygon","coordinates":[[[11.013577,60.00806],[11.019837,60.00806],[11.019837,60.011045],[11.013577,60.011045],[11.013577,60.00806]]]}},{"type":"Feature","properties":{"cell_id":"r130c107","latitude":60.009552,"longitude":11.022967},"geometry":{"type":"Polygon","coordinates":[[[11.019837,60.00806],[11.026098,60.00806],[11.026098,60.011045],[11.019837,60.011045],[11.019837,60.00806]]]}},{"type":"Feature","properties":{"cell_id":"r130c108","latitude":60.009552,"longitude":11.029228},"geometry":{"type":"Polygon","coordinates":[[[11.026098,60.00806],[11.032358,60.00806],[11.032358,60.011045],[11.026098,60.011045],[11.026098,60.00806]]]}},{"type":"Feature","properties":{"cell_id":"r130c109","latitude":60.009552,"longitude":11.035488},"geometry":{"type":"Polygon","coordinates":[[[11.032358,60.00806],[11.038618,60.00806],[11.038618,60.011045],[11.032358,60.011045],[11.032358,60.00806]]]}},{"type":"Feature","properties":{"cell_id":"r130c110","latitude":60.009552,"longitude":11.041748},"geometry":{"type":"Polygon","coordinates":[[[11.038618,60.00806],[11.044878,60.00806],[11.044878,60.011045],[11.038618,60.011045],[11.038618,60.00806]]]}},{"type":"Feature","properties":{"cell_id":"r130c111","latitude":60.009552,"longitude":11.048008},"geometry":{"type":"Polygon","coordinates":[[[11.044878,60.00806],[11.051138,60.00806],[11.051138,60.011045],[11.044878,60.011045],[11.044878,60.00806]]]}},{"type":"Feature","properties":{"cell_id":"r130c112","latitude":60.009552,"longitude":11.054268},"geometry":{"type":"Polygon","coordinates":[[[11.051138,60.00806],[11.057398,60.00806],[11.057398,60.011045],[11.051138,60.011045],[11.051138,60.00806]]]}},{"type":"Feature","properties":{"cell_id":"r130c113","latitude":60.009552,"longitude":11.060528},"geometry":{"type":"Polygon","coordinates":[[[11.057398,60.00806],[11.063659,60.00806],[11.063659,60.011045],[11.057398,60.011045],[11.057398,60.00806]]]}},{"type":"Feature","properties":{"cell_id":"r130c114","latitude":60.009552,"longitude":11.066789},"geometry":{"type":"Polygon","coordinates":[[[11.063659,60.00806],[11.069919,60.00806],[11.069919,60.011045],[11.063659,60.011045],[11.063659,60.00806]]]}},{"type":"Feature","properties":{"cell_id":"r130c115","latitude":60.009552,"longitude":11.073049},"geometry":{"type":"Polygon","coordinates":[[[11.069919,60.00806],[11.076179,60.00806],[11.076179,60.011045],[11.069919,60.011045],[11.069919,60.00806]]]}},{"type":"Feature","properties":{"cell_id":"r131c092","latitude":60.012537,"longitude":10.929065},"geometry":{"type":"Polygon","coordinates":[[[10.925935,60.011045],[10.932195,60.011045],[10.932195,60.01403],[10.925935,60.01403],[10.925935,60.011045]]]}},{"type":"Feature","properties":{"cell_id":"r131c106","latitude":60.012537,"longitude":11.016707},"geometry":{"type":"Polygon","coordinates":[[[11.013577,60.011045],[11.019837,60.011045],[11.019837,60.01403],[11.013577,60.01403],[11.013577,60.011045]]]}},{"type":"Feature","properties":{"cell_id":"r131c107","latitude":60.012537,"longitude":11.022967},"geometry":{"type":"Polygon","coordinates":[[[11.019837,60.011045],[11.026098,60.011045],[11.026098,60.01403],[11.019837,60.01403],[11.019837,60.011045]]]}},{"type":"Feature","properties":{"cell_id":"r131c108","latitude":60.012537,"longitude":11.029228},"geometry":{"type":"Polygon","coordinates":[[[11.026098,60.011045],[11.032358,60.011045],[11.032358,60.01403],[11.026098,60.01403],[11.026098,60.011045]]]}},{"type":"Feature","properties":{"cell_id":"r131c109","latitude":60.012537,"longitude":11.035488},"geometry":{"type":"Polygon","coordinates":[[[11.032358,60.011045],[11.038618,60.011045],[11.038618,60.01403],[11.032358,60.01403],[11.032358,60.011045]]]}},{"type":"Feature","properties":{"cell_id":"r131c110","latitude":60.012537,"longitude":11.041748},"geometry":{"type":"Polygon","coordinates":[[[11.038618,60.011045],[11.044878,60.011045],[11.044878,60.01403],[11.038618,60.01403],[11.038618,60.011045]]]}},{"type":"Feature","properties":{"cell_id":"r131c111","latitude":60.012537,"longitude":11.048008},"geometry":{"type":"Polygon","coordinates":[[[11.044878,60.011045],[11.051138,60.011045],[11.051138,60.01403],[11.044878,60.01403],[11.044878,60.011045]]]}},{"type":"Feature","properties":{"cell_id":"r131c112","latitude":60.012537,"longitude":11.054268},"geometry":{"type":"Polygon","coordinates":[[[11.051138,60.011045],[11.057398,60.011045],[11.057398,60.01403],[11.051138,60.01403],[11.051138,60.011045]]]}},{"type":"Feature","properties":{"cell_id":"r131c113","latitude":60.012537,"longitude":11.060528},"geometry":{"type":"Polygon","coordinates":[[[11.057398,60.011045],[11.063659,60.011045],[11.063659,60.01403],[11.057398,60.01403],[11.057398,60.011045]]]}},{"type":"Feature","properties":{"cell_id":"r131c114","latitude":60.012537,"longitude":11.066789},"geometry":{"type":"Polygon","coordinates":[[[11.063659,60.011045],[11.069919,60.011045],[11.069919,60.01403],[11.063659,60.01403],[11.063659,60.011045]]]}},{"type":"Feature","properties":{"cell_id":"r131c115","latitude":60.012537,"longitude":11.073049},"geometry":{"type":"Polygon","coordinates":[[[11.069919,60.011045],[11.076179,60.011045],[11.076179,60.01403],[11.069919,60.01403],[11.069919,60.011045]]]}},{"type":"Feature","properties":{"cell_id":"r132c089","latitude":60.015522,"longitude":10.910285},"geometry":{"type":"Polygon","coordinates":[[[10.907154,60.01403],[10.913415,60.01403],[10.913415,60.017015],[10.907154,60.017015],[10.907154,60.01403]]]}},{"type":"Feature","properties":{"cell_id":"r132c110","latitude":60.015522,"longitude":11.041748},"geometry":{"type":"Polygon","coordinates":[[[11.038618,60.01403],[11.044878,60.01403],[11.044878,60.017015],[11.038618,60.017015],[11.038618,60.01403]]]}},{"type":"Feature","properties":{"cell_id":"r132c111","latitude":60.015522,"longitude":11.048008},"geometry":{"type":"Polygon","coordinates":[[[11.044878,60.01403],[11.051138,60.01403],[11.051138,60.017015],[11.044878,60.017015],[11.044878,60.01403]]]}},{"type":"Feature","properties":{"cell_id":"r132c112","latitude":60.015522,"longitude":11.054268},"geometry":{"type":"Polygon","coordinates":[[[11.051138,60.01403],[11.057398,60.01403],[11.057398,60.017015],[11.051138,60.017015],[11.051138,60.01403]]]}},{"type":"Feature","properties":{"cell_id":"r132c113","latitude":60.015522,"longitude":11.060528},"geometry":{"type":"Polygon","coordinates":[[[11.057398,60.01403],[11.063659,60.01403],[11.063659,60.017015],[11.057398,60.017015],[11.057398,60.01403]]]}},{"type":"Feature","properties":{"cell_id":"r132c114","latitude":60.015522,"longitude":11.066789},"geometry":{"type":"Polygon","coordinates":[[[11.063659,60.01403],[11.069919,60.01403],[11.069919,60.017015],[11.063659,60.017015],[11.063659,60.01403]]]}},{"type":"Feature","properties":{"cell_id":"r133c088","latitude":60.018507,"longitude":10.904024},"geometry":{"type":"Polygon","coordinates":[[[10.900894,60.017015],[10.907154,60.017015],[10.907154,60.02],[10.900894,60.02],[10.900894,60.017015]]]}},{"type":"Feature","properties":{"cell_id":"r133c111","latitude":60.018507,"longitude":11.048008},"geometry":{"type":"Polygon","coordinates":[[[11.044878,60.017015],[11.051138,60.017015],[11.051138,60.02],[11.044878,60.02],[11.044878,60.017015]]]}},{"type":"Feature","properties":{"cell_id":"r133c112","latitude":60.018507,"longitude":11.054268},"geometry":{"type":"Polygon","coordinates":[[[11.051138,60.017015],[11.057398,60.017015],[11.057398,60.02],[11.051138,60.02],[11.051138,60.017015]]]}}]}
