{"type":"FeatureCollection","name":"Oslo commuter-region urban settlements","source":{"organization":"Statistics Norway","collection":"tettsted_2026","date":"2026-01-01","url":"https://kart.ssb.no/api/ogc/v1/tettsted_ogc_api/collections/tettsted_2026/items"},"features":[{"type":"Feature","properties":{"settlement_id":"0511","name":"Siggerud","population":1545},"geometry":{"type":"MultiPolygon","coordinates":[[[[10.88701,59.78688],[10.89364,59.78797],[10.89534,59.78701],[10.89475,59.7865],[10.89133,59.78717],[10.88957,59.78634],[10.88958,59.78554],[10.888,59.7854],[10.88701,59.78688]]],[[[10.87242,59.79181],[10.87227,59.7931],[10.87745,59.79297],[10.87942,59.79395],[10.88431,59.79477],[10.88489,59.7948],[10.88543,59.79401],[10.88697,59.79411],[10.88752,59.79509],[10.88609,59.7964],[10.88678,59.79657],[10.89025,59.7939],[10.89731,59.79082],[10.90005,59.78844],[10.90551,59.78859],[10.9047,59.78701],[10.90194,59.78675],[10.90048,59.7882],[10.89794,59.78773],[10.89602,59.78908],[10.89305,59.7892],[10.8919,59.7899],[10.8901,59.78921],[10.88651,59.78902],[10.88513,59.78992],[10.8799,59.78914],[10.87702,59.78935],[10.87242,59.79181]]]]}},{"type":"Feature","properties":{"settlement_id":"0512","name":"Ski","population":23480},"geometry":{"type":"MultiPolygon","coordinates":[[[[10.74798,59.72812],[10.74823,59.72954],[10.74866,59.72964],[10.74972,59.72707],[10.74935,59.72607],[10.74848,59.72597],[10.74862,59.72655],[10.74761,59.72774],[10.74798,59.72812]]],[[[10.74074,59.73794],[10.74124,59.73831],[10.74116,59.7394],[10.74208,59.73986],[10.74127,59.74079],[10.74596,59.7414],[10.74737,59.74067],[10.74458,59.73928],[10.74451,59.73829],[10.74523,59.73759],[10.7447,59.73666],[10.74254,59.73691],[10.74102,59.73648],[10.74039,59.73766],[10.74074,59.73794]]],[[[10.73027,59.74205],[10.73138,59.74274],[10.73113,59.74343],[10.73276,59.74389],[10.73401,59.74297],[10.73602,59.74307],[10.73644,59.74239],[10.73584,59.74193],[10.73629,59.7412],[10.73302,59.74232],[10.72987,59.74194],[10.73027,59.74205]]],[[[10.72803,59.73215],[10.7298,59.73124],[10.7337,59.73057],[10.73562,59.73141],[10.73571,59.73215],[10.73765,59.73211],[10.74021,59.7334],[10.7408,59.73249],[10.74213,59.73231],[10.74308,59.73314],[10.74664,59.73362],[10.748,59.73475],[10.75098,59.73509],[10.75152,59.73617],[10.75839,59.73677],[10.75876,59.73717],[10.75823,59.73874],[10.7591,59.74059],[10.75802,59.74103],[10.75803,59.74152],[10.75915,59.74336],[10.76052,59.7438],[10.76106,59.74562],[10.76405,59.74555],[10.7653,59.74688],[10.76801,59.74789],[10.76895,59.74718],[10.76979,59.74526],[10.77162,59.74512],[10.77206,59.74555],[10.77149,59.74622],[10.77244,59.74665],[10.77237,59.74719],[10.77521,59.74826],[10.77773,59.75064],[10.77982,59.75075],[10.78041,59.75172],[10.77498,59.75376],[10.77236,59.75347],[10.77073,59.7539],[10.77031,59.75493],[10.7759,59.75777],[10.77906,59.75688],[10.77876,59.75626],[10.78047,59.75547],[10.77946,59.75486],[10.78002,59.75343],[10.78202,59.75313],[10.78242,59.75469],[10.78337,59.75399],[10.78345,59.75121],[10.78104,59.75093],[10.78232,59.75039],[10.78203,59.74702],[10.78168,59.74859],[10.78055,59.74885],[10.77881,59.74736],[10.77857,59.74644],[10.78002,59.74513],[10.78189,59.74562],[10.78188,59.7441],[10.77797,59.74369],[10.77815,59.74257],[10.77731,59.74218],[10.7769,59.74069],[10.77589,59.74017],[10.77691,59.7396],[10.77658,59.73937],[10.7755,59.73962],[10.77203,59.73857],[10.76626,59.73789],[10.76511,59.73564],[10.76545,59.73489],[10.7641,59.73372],[10.76146,59.73417],[10.75888,59.7339],[10.759,59.73129],[10.75816,59.73028],[10.75566,59.73044],[10.75477,59.72995],[10.75099,59.73047],[10.74799,59.73194],[10.74347,59.73083],[10.74383,59.73125],[10.74335,59.73168],[10.74094,59.73178],[10.73838,59.73079],[10.73688,59.73105],[10.73533,59.72919],[10.73271,59.72874],[10.73305,59.72908],[10.73244,59.72956],[10.73102,59.73009],[10.73058,59.73082],[10.72932,59.73088],[10.72788,59.73179],[10.72803,59.73215]]],[[[10.73828,59.74471],[10.73965,59.74482],[10.74073,59.74559],[10.74282,59.74316],[10.74159,59.74269],[10.73962,59.74392],[10.73768,59.74436],[10.73781,59.74493],[10.73828,59.74471]]],[[[10.74075,59.74641],[10.7402,59.74722],[10.7412,59.74754],[10.74267,59.74686],[10.74075,59.74641]]],[[[10.7249,59.75129],[10.72638,59.75116],[10.72928,59.75268],[10.73034,59.75222],[10.73013,59.75133],[10.73164,59.75056],[10.73169,59.74935],[10.73424,59.74769],[10.73328,59.747],[10.73101,59.74734],[10.73045,59.74692],[10.7308,59.74623],[10.72955,59.74578],[10.728,59.74592],[10.72788,59.7465],[10.72847,59.74694],[10.72812,59.748],[10.72511,59.75051],[10.7249,59.75129]]],[[[10.78473,59.72416],[10.78895,59.72303],[10.79128,59.72351],[10.79399,59.72181],[10.79478,59.72083],[10.79396,59.71973],[10.79559,59.71896],[10.79705,59.72006],[10.7966,59.72069],[10.79777,59.72124],[10.79676,59.72231],[10.79855,59.72179],[10.80006,59.72206],[10.79997,59.72287],[10.80058,59.72304],[10.80136,59.72255],[10.80357,59.72273],[10.80435,59.72416],[10.80807,59.72428],[10.81224,59.72631],[10.81674,59.72737],[10.81891,59.72712],[10.81972,59.72786],[10.82257,59.72795],[10.82321,59.72865],[10.82535,59.72737],[10.82772,59.72821],[10.8272,59.72732],[10.82777,59.7266],[10.83058,59.72677],[10.83155,59.7266],[10.83178,59.72595],[10.83371,59.72579],[10.83401,59.72514],[10.83332,59.72389],[10.83406,59.72288],[10.83814,59.72302],[10.83831,59.72251],[10.83959,59.72216],[10.8413,59.72294],[10.84301,59.72269],[10.84395,59.72377],[10.84133,59.72566],[10.84245,59.72767],[10.84499,59.72806],[10.847,59.72741],[10.84809,59.7287],[10.8487,59.72863],[10.8486,59.7279],[10.84582,59.72237],[10.84834,59.72145],[10.85433,59.72224],[10.85567,59.72159],[10.85971,59.72252],[10.85968,59.72331],[10.86154,59.72395],[10.86121,59.72519],[10.86224,59.72681],[10.86474,59.72644],[10.86514,59.72789],[10.86663,59.72931],[10.86796,59.72894],[10.8685,59.72742],[10.86556,59.7262],[10.86869,59.72548],[10.86575,59.72476],[10.86534,59.72424],[10.86573,59.72291],[10.8642,59.72264],[10.86426,59.72181],[10.86303,59.72142],[10.86323,59.72066],[10.86773,59.72076],[10.86817,59.72124],[10.86737,59.72175],[10.86851,59.72235],[10.87332,59.72175],[10.87227,59.72108],[10.87255,59.71949],[10.87183,59.71899],[10.87248,59.71833],[10.86957,59.71709],[10.86782,59.71442],[10.86669,59.71435],[10.86628,59.7136],[10.86417,59.71297],[10.86307,59.71199],[10.85604,59.71228],[10.85461,59.71174],[10.85097,59.71185],[10.85094,59.7112],[10.85229,59.71096],[10.85233,59.70999],[10.85312,59.70959],[10.85258,59.70884],[10.85103,59.70854],[10.85151,59.70668],[10.85408,59.70589],[10.85242,59.70605],[10.85113,59.7051],[10.84742,59.70496],[10.84617,59.70399],[10.84653,59.7031],[10.84853,59.70285],[10.84966,59.70202],[10.84743,59.69965],[10.84828,59.6989],[10.84779,59.69865],[10.8449,59.70151],[10.84129,59.70156],[10.83969,59.70293],[10.84045,59.70346],[10.84041,59.70442],[10.83869,59.7051],[10.83931,59.70587],[10.83665,59.7075],[10.83201,59.70759],[10.83065,59.70813],[10.8306,59.70966],[10.82989,59.71001],[10.82556,59.70823],[10.82391,59.70856],[10.82334,59.70953],[10.8236,59.71055],[10.82976,59.71144],[10.83095,59.71233],[10.83036,59.71332],[10.82903,59.71352],[10.82864,59.71418],[10.82389,59.71425],[10.82371,59.71477],[10.82262,59.71484],[10.82221,59.71429],[10.82354,59.71405],[10.82448,59.71268],[10.82419,59.71186],[10.82232,59.71165],[10.82108,59.7109],[10.81638,59.71042],[10.81654,59.71097],[10.81845,59.71143],[10.81739,59.71277],[10.80797,59.71292],[10.80925,59.71646],[10.80672,59.71689],[10.80592,59.71645],[10.80284,59.71791],[10.80109,59.71801],[10.80034,59.71748],[10.80489,59.71558],[10.80367,59.71486],[10.79697,59.71776],[10.79345,59.71695],[10.79047,59.7173],[10.78882,59.71667],[10.78784,59.71549],[10.7846,59.71503],[10.7833,59.71541],[10.78496,59.71884],[10.78556,59.72222],[10.78371,59.72267],[10.78391,59.72414],[10.78473,59.72416]]],[[[10.77438,59.71509],[10.77545,59.71621],[10.77686,59.71566],[10.77554,59.71405],[10.7743,59.71467],[10.77438,59.71509]]],[[[10.87459,59.72615],[10.8796,59.72632],[10.88023,59.72529],[10.87459,59.72578],[10.87459,59.72615]]],[[[10.7892,59.72464],[10.79041,59.72556],[10.79187,59.72513],[10.79129,59.7238],[10.78881,59.72422],[10.7892,59.72464]]],[[[10.75398,59.72426],[10.75468,59.7252],[10.75422,59.7259],[10.75798,59.72685],[10.75888,59.72822],[10.76061,59.72794],[10.7596,59.72759],[10.75988,59.72703],[10.7645,59.7267],[10.76449,59.7258],[10.76617,59.72532],[10.76254,59.72281],[10.76181,59.72281],[10.7623,59.72447],[10.76058,59.72471],[10.76046,59.72401],[10.75927,59.72318],[10.75763,59.72332],[10.7562,59.72254],[10.75591,59.72172],[10.75458,59.72171],[10.75398,59.72426]]],[[[10.77095,59.73482],[10.77448,59.73471],[10.77554,59.73518],[10.77625,59.73698],[10.77607,59.73827],[10.78046,59.73803],[10.78191,59.73489],[10.78121,59.73396],[10.78434,59.72898],[10.78328,59.72961],[10.78148,59.72884],[10.78443,59.72844],[10.78391,59.72667],[10.78466,59.72612],[10.78433,59.72526],[10.78339,59.72443],[10.77831,59.72466],[10.77841,59.72625],[10.78104,59.72659],[10.78112,59.72844],[10.77658,59.72854],[10.7769,59.72969],[10.77831,59.73029],[10.77754,59.73115],[10.77191,59.72996],[10.77081,59.73083],[10.77083,59.73173],[10.76991,59.73303],[10.77095,59.73482]]],[[[10.78325,59.74385],[10.78544,59.7443],[10.78452,59.7438],[10.78455,59.74327],[10.78319,59.74289],[10.78362,59.74196],[10.78499,59.74145],[10.78253,59.74188],[10.78246,59.74383],[10.78325,59.74385]]]]}},{"type":"Feature","properties":{"settlement_id":"0513","name":"Kråkstad","population":1213},"geometry":{"type":"MultiPolygon","coordinates":[[[[10.88877,59.67204],[10.89003,59.67201],[10.88959,59.67155],[10.88877,59.67204]]],[[[10.87492,59.68304],[10.87828,59.68467],[10.87987,59.68421],[10.87942,59.6835],[10.88062,59.68304],[10.88239,59.68399],[10.88375,59.68265],[10.88937,59.68327],[10.89055,59.68519],[10.89391,59.68588],[10.89327,59.68451],[10.89477,59.68385],[10.89243,59.68251],[10.89404,59.68127],[10.88875,59.67987],[10.88825,59.67728],[10.88896,59.67564],[10.88907,59.67309],[10.88742,59.67277],[10.88824,59.67201],[10.88726,59.67095],[10.8863,59.67133],[10.88714,59.6727],[10.8864,59.67348],[10.88686,59.67477],[10.88436,59.6788],[10.88164,59.67959],[10.87925,59.68191],[10.87492,59.68304]]]]}},{"type":"Feature","properties":{"settlement_id":"0514","name":"Skotbu","population":451},"geometry":{"type":"MultiPolygon","coordinates":[[[[10.94141,59.65911],[10.94329,59.66011],[10.94554,59.65932],[10.9503,59.65956],[10.94903,59.65796],[10.95013,59.65718],[10.95003,59.6564],[10.94865,59.65616],[10.94498,59.65705],[10.94313,59.65652],[10.9429,59.65685],[10.94389,59.65762],[10.94141,59.65911]]],[[[10.94327,59.66847],[10.94727,59.66808],[10.94751,59.66677],[10.94695,59.6662],[10.94854,59.66487],[10.9479,59.664],[10.94865,59.66351],[10.94837,59.66307],[10.94603,59.66366],[10.9466,59.66585],[10.94327,59.66847]]]]}},{"type":"Feature","properties":{"settlement_id":"0523","name":"Ås","population":11672},"geometry":{"type":"MultiPolygon","coordinates":[[[[10.75447,59.66736],[10.7573,59.6683],[10.75729,59.66953],[10.76115,59.66977],[10.76521,59.67284],[10.76712,59.67203],[10.76977,59.67331],[10.77081,59.67107],[10.77258,59.67042],[10.77256,59.66963],[10.77333,59.66923],[10.77303,59.66878],[10.77367,59.66824],[10.77603,59.66799],[10.78041,59.66921],[10.78825,59.66862],[10.78883,59.66898],[10.78813,59.66968],[10.78862,59.66985],[10.79084,59.66883],[10.7901,59.66801],[10.79088,59.66723],[10.79302,59.66707],[10.7937,59.66743],[10.79521,59.67205],[10.79744,59.67342],[10.80583,59.67342],[10.80768,59.67499],[10.81023,59.67516],[10.81058,59.67276],[10.80943,59.672],[10.81156,59.66783],[10.81313,59.6668],[10.81317,59.66503],[10.81569,59.66448],[10.81666,59.66489],[10.81633,59.6639],[10.81854,59.66296],[10.81832,59.6625],[10.81904,59.66182],[10.8217,59.66067],[10.82231,59.65796],[10.82328,59.65745],[10.82277,59.65717],[10.81998,59.65807],[10.8197,59.65907],[10.81837,59.65948],[10.81855,59.66022],[10.81676,59.66083],[10.81319,59.66074],[10.81262,59.65937],[10.80945,59.6609],[10.80272,59.66125],[10.80299,59.6636],[10.80148,59.66569],[10.80019,59.66582],[10.79754,59.66469],[10.79874,59.66197],[10.7958,59.66145],[10.79575,59.66054],[10.79397,59.66009],[10.79351,59.65823],[10.7952,59.65541],[10.797,59.65525],[10.79627,59.65417],[10.79795,59.65349],[10.79913,59.65459],[10.79747,59.65793],[10.79798,59.658],[10.80003,59.65507],[10.80733,59.65488],[10.808,59.65394],[10.80967,59.65371],[10.81109,59.65231],[10.81271,59.65171],[10.80928,59.64975],[10.80645,59.65051],[10.80711,59.65131],[10.80628,59.6519],[10.80323,59.65166],[10.8029,59.65008],[10.804,59.64954],[10.80518,59.64723],[10.8041,59.64694],[10.80231,59.64702],[10.80073,59.64873],[10.80192,59.64889],[10.80211,59.64945],[10.79899,59.65109],[10.79744,59.65081],[10.79751,59.65025],[10.79838,59.64999],[10.79825,59.64893],[10.79634,59.64802],[10.79369,59.6488],[10.7945,59.64925],[10.79422,59.65023],[10.79243,59.65041],[10.79133,59.64897],[10.78873,59.64904],[10.78789,59.64859],[10.78764,59.64754],[10.78925,59.64725],[10.78992,59.64606],[10.78966,59.64537],[10.78724,59.64579],[10.78522,59.64462],[10.78485,59.64482],[10.78629,59.64569],[10.78684,59.64692],[10.78645,59.64886],[10.78766,59.64958],[10.78744,59.65365],[10.78602,59.6545],[10.7817,59.65417],[10.78151,59.65512],[10.77958,59.65717],[10.78172,59.65802],[10.78379,59.65742],[10.78706,59.65787],[10.78721,59.65985],[10.78536,59.6608],[10.78536,59.66197],[10.78457,59.66229],[10.7845,59.66289],[10.78543,59.66326],[10.78519,59.66394],[10.78041,59.66394],[10.77845,59.66287],[10.77408,59.66301],[10.77364,59.66353],[10.77195,59.66355],[10.77357,59.6637],[10.77441,59.66438],[10.77617,59.66411],[10.77665,59.66468],[10.77527,59.66517],[10.77146,59.66494],[10.76784,59.6659],[10.76618,59.6658],[10.76544,59.66489],[10.76432,59.66562],[10.76168,59.66561],[10.76066,59.66493],[10.75786,59.66481],[10.75592,59.66554],[10.75447,59.66736]]],[[[10.76827,59.66163],[10.77026,59.66265],[10.77598,59.66152],[10.77381,59.66038],[10.77501,59.65805],[10.77617,59.65779],[10.7759,59.65721],[10.77411,59.65686],[10.77374,59.65613],[10.77242,59.65628],[10.77282,59.6574],[10.76968,59.65803],[10.76932,59.65945],[10.76807,59.66078],[10.76827,59.66163]]],[[[10.75245,59.65987],[10.75684,59.66064],[10.7541,59.65956],[10.75202,59.65956],[10.75245,59.65987]]],[[[10.74317,59.65646],[10.74397,59.65812],[10.74667,59.65847],[10.74464,59.65948],[10.74501,59.66024],[10.7471,59.66107],[10.7474,59.66199],[10.74621,59.66351],[10.74753,59.66372],[10.74856,59.66321],[10.75049,59.66372],[10.74999,59.66501],[10.7491,59.66564],[10.74962,59.66665],[10.74829,59.66957],[10.74895,59.66995],[10.75209,59.66808],[10.75036,59.66726],[10.75311,59.66396],[10.75141,59.66351],[10.75238,59.66228],[10.75084,59.66178],[10.75087,59.66121],[10.75022,59.66103],[10.74931,59.66195],[10.74804,59.66166],[10.748,59.65943],[10.74985,59.65882],[10.74775,59.65862],[10.74599,59.65774],[10.74395,59.65602],[10.74397,59.65542],[10.74286,59.65592],[10.74317,59.65646]]],[[[10.76208,59.66432],[10.76393,59.66397],[10.76406,59.66329],[10.76188,59.66384],[10.76208,59.66432]]],[[[10.76126,59.67732],[10.76399,59.67845],[10.76569,59.67762],[10.76601,59.6767],[10.76402,59.67403],[10.76378,59.67531],[10.762,59.67526],[10.76126,59.67732]]],[[[10.79782,59.64431],[10.79864,59.64527],[10.79838,59.64438],[10.79709,59.64404],[10.79782,59.64431]]],[[[10.80339,59.64591],[10.80486,59.64536],[10.80226,59.64535],[10.8024,59.64587],[10.80339,59.64591]]],[[[10.80046,59.64646],[10.80063,59.64599],[10.79958,59.6461],[10.80046,59.64646]]],[[[10.82611,59.64864],[10.82611,59.65134],[10.8323,59.6519],[10.83309,59.65089],[10.83252,59.65037],[10.83273,59.64974],[10.8339,59.64932],[10.83305,59.6476],[10.83223,59.64724],[10.83225,59.64641],[10.83005,59.64678],[10.82909,59.64566],[10.8268,59.64601],[10.82709,59.64748],[10.82611,59.64864]]],[[[10.82631,59.65746],[10.83032,59.65755],[10.8303,59.6567],[10.82934,59.65599],[10.83237,59.65552],[10.83178,59.65498],[10.83299,59.6538],[10.83081,59.65354],[10.82954,59.65514],[10.82812,59.65516],[10.82651,59.65629],[10.82631,59.65746]]],[[[10.80693,59.67802],[10.80761,59.67772],[10.80674,59.67721],[10.80597,59.67773],[10.80693,59.67802]]]]}},{"type":"Feature","properties":{"settlement_id":"0531","name":"Drøbak","population":13912},"geometry":{"type":"MultiPolygon","coordinates":[[[[10.66981,59.66818],[10.67187,59.66838],[10.67195,59.66952],[10.67136,59.66992],[10.6718,59.67073],[10.67282,59.67129],[10.67374,59.67049],[10.67342,59.66826],[10.67084,59.66771],[10.67059,59.66566],[10.66974,59.66584],[10.66926,59.6669],[10.66905,59.66814],[10.66981,59.66818]]],[[[10.61971,59.6739],[10.62216,59.6747],[10.62119,59.67671],[10.62343,59.67681],[10.6234,59.67611],[10.62453,59.67539],[10.62541,59.6755],[10.6244,59.67865],[10.62568,59.67908],[10.62478,59.67991],[10.62555,59.68171],[10.62324,59.68461],[10.62401,59.68598],[10.62446,59.6855],[10.6243,59.68352],[10.62661,59.68209],[10.62656,59.68074],[10.62801,59.6799],[10.62612,59.67905],[10.62571,59.67781],[10.62768,59.67729],[10.62969,59.67907],[10.63231,59.67916],[10.63107,59.67791],[10.63102,59.67627],[10.63161,59.67526],[10.6307,59.67262],[10.62975,59.67192],[10.63008,59.66966],[10.63231,59.66793],[10.63336,59.66786],[10.63411,59.6689],[10.63333,59.67015],[10.6349,59.66942],[10.63768,59.66988],[10.64547,59.67401],[10.64645,59.67284],[10.64632,59.67177],[10.64509,59.66995],[10.64375,59.66974],[10.64329,59.66912],[10.64468,59.66728],[10.64587,59.66714],[10.64833,59.66964],[10.64796,59.67017],[10.65041,59.67172],[10.6508,59.67283],[10.65504,59.67388],[10.65879,59.67598],[10.65636,59.6766],[10.65495,59.67604],[10.65531,59.67505],[10.65429,59.67534],[10.65397,59.67614],[10.6566,59.67816],[10.65494,59.67913],[10.65732,59.67987],[10.6571,59.68097],[10.65473,59.68176],[10.65345,59.68095],[10.65386,59.68013],[10.65143,59.67939],[10.65313,59.67855],[10.65139,59.6773],[10.65319,59.67622],[10.6502,59.67485],[10.64959,59.67363],[10.64928,59.6745],[10.64789,59.67535],[10.64863,59.67869],[10.6512,59.68082],[10.64974,59.68267],[10.65078,59.6839],[10.65065,59.68509],[10.64845,59.68662],[10.64871,59.68795],[10.64794,59.68863],[10.65003,59.68765],[10.65419,59.68782],[10.65738,59.68693],[10.65803,59.6855],[10.65937,59.68519],[10.6614,59.68524],[10.66389,59.68664],[10.66416,59.68808],[10.66535,59.68792],[10.66582,59.6869],[10.66748,59.68723],[10.66732,59.68876],[10.66573,59.68937],[10.66113,59.68869],[10.65943,59.69075],[10.65716,59.69006],[10.656,59.6904],[10.65796,59.6917],[10.6572,59.69234],[10.65784,59.69286],[10.6589,59.69278],[10.66049,59.69374],[10.66436,59.69299],[10.66331,59.6913],[10.66188,59.69186],[10.66027,59.69132],[10.66074,59.69043],[10.66666,59.68977],[10.66906,59.69019],[10.67163,59.68888],[10.66937,59.68696],[10.671,59.68621],[10.66918,59.68545],[10.6696,59.68282],[10.66898,59.68234],[10.66718,59.68246],[10.6662,59.6818],[10.66625,59.68231],[10.66539,59.68267],[10.66538,59.68401],[10.66384,59.68404],[10.66327,59.68227],[10.66415,59.68119],[10.6639,59.68064],[10.66114,59.67878],[10.65934,59.67679],[10.66041,59.67622],[10.66472,59.6771],[10.66629,59.67661],[10.66657,59.67605],[10.66319,59.67466],[10.66361,59.67318],[10.66312,59.6714],[10.6659,59.67054],[10.66563,59.66925],[10.66639,59.66833],[10.66205,59.66777],[10.66105,59.66693],[10.65924,59.66657],[10.65898,59.66547],[10.65963,59.66463],[10.6572,59.66148],[10.65213,59.66093],[10.65206,59.65782],[10.64943,59.65658],[10.64962,59.65538],[10.65028,59.65482],[10.65323,59.65433],[10.65567,59.65244],[10.65554,59.65181],[10.65399,59.65087],[10.65479,59.65008],[10.65252,59.64974],[10.6524,59.65031],[10.6515,59.65053],[10.65148,59.65145],[10.65013,59.65189],[10.65218,59.65244],[10.65162,59.65334],[10.6489,59.65377],[10.64726,59.65339],[10.64665,59.65226],[10.64514,59.65204],[10.64459,59.65011],[10.64532,59.64975],[10.64679,59.65008],[10.64697,59.65205],[10.64815,59.65186],[10.64788,59.6509],[10.64879,59.65022],[10.64811,59.64992],[10.64775,59.64884],[10.64599,59.6488],[10.64417,59.64671],[10.6424,59.64585],[10.64269,59.64496],[10.64187,59.6436],[10.64203,59.64287],[10.64122,59.64214],[10.63858,59.64369],[10.63705,59.64353],[10.63721,59.6442],[10.63554,59.64566],[10.63552,59.6462],[10.6368,59.64671],[10.63677,59.64748],[10.63568,59.64812],[10.63327,59.64826],[10.63415,59.64922],[10.63268,59.64998],[10.63316,59.65018],[10.63237,59.65241],[10.63413,59.65302],[10.63487,59.65401],[10.6339,59.65434],[10.63237,59.65383],[10.62956,59.65764],[10.63012,59.65801],[10.62968,59.65827],[10.63016,59.65836],[10.6297,59.65853],[10.62995,59.65883],[10.62758,59.65904],[10.62846,59.65969],[10.62789,59.66018],[10.62764,59.66178],[10.62556,59.6621],[10.62813,59.66189],[10.62768,59.66255],[10.62496,59.66261],[10.62599,59.6628],[10.62572,59.66325],[10.6263,59.6637],[10.62633,59.66491],[10.6254,59.66562],[10.62648,59.66694],[10.62638,59.66832],[10.62336,59.66918],[10.62273,59.66978],[10.62313,59.67046],[10.62264,59.6714],[10.62448,59.67119],[10.62622,59.67312],[10.62202,59.67349],[10.62161,59.67303],[10.62219,59.6716],[10.62149,59.67161],[10.61971,59.6739]]],[[[10.66579,59.67345],[10.66744,59.67499],[10.66988,59.67473],[10.67106,59.67381],[10.67066,59.67308],[10.6698,59.6737],[10.66695,59.6738],[10.66674,59.67327],[10.66793,59.67263],[10.66759,59.67126],[10.66679,59.67233],[10.66698,59.67304],[10.66579,59.67345]]],[[[10.63344,59.67265],[10.63588,59.67265],[10.63655,59.67368],[10.63644,59.67458],[10.63717,59.67331],[10.63706,59.67281],[10.63566,59.67247],[10.6359,59.67182],[10.634,59.67125],[10.63344,59.67265]]]]}},{"type":"Feature","properties":{"settlement_id":"0541","name":"Nesoddtangen","population":13502},"geometry":{"type":"MultiPolygon","coordinates":[[[[10.60847,59.8159],[10.61156,59.81677],[10.60927,59.81563],[10.60802,59.81559],[10.60847,59.8159]]],[[[10.61269,59.81705],[10.61438,59.81676],[10.61522,59.81715],[10.61538,59.81677],[10.61497,59.81637],[10.61269,59.81705]]],[[[10.67125,59.82575],[10.67246,59.82596],[10.67277,59.82723],[10.6747,59.82743],[10.67467,59.82348],[10.67327,59.82347],[10.67125,59.82575]]],[[[10.62014,59.81676],[10.62088,59.81882],[10.61906,59.81917],[10.61984,59.81976],[10.61995,59.82102],[10.62222,59.82039],[10.62619,59.82121],[10.62656,59.82166],[10.62585,59.82204],[10.62638,59.82311],[10.62824,59.82368],[10.62944,59.82496],[10.6312,59.82481],[10.63274,59.82645],[10.63439,59.82691],[10.63426,59.82821],[10.63367,59.82868],[10.63505,59.83013],[10.63527,59.83155],[10.63781,59.83162],[10.6379,59.83214],[10.63701,59.83243],[10.63726,59.83324],[10.63826,59.83466],[10.6412,59.83667],[10.64228,59.83831],[10.64427,59.83915],[10.64535,59.84032],[10.64643,59.84006],[10.64592,59.83941],[10.64627,59.83878],[10.64805,59.8389],[10.64579,59.83828],[10.64553,59.83712],[10.64942,59.83752],[10.65035,59.83691],[10.64944,59.83622],[10.64976,59.83562],[10.64835,59.83535],[10.64421,59.83137],[10.64285,59.83085],[10.64347,59.82997],[10.64317,59.82894],[10.64091,59.82781],[10.63826,59.82764],[10.63674,59.82687],[10.63556,59.82547],[10.63522,59.82368],[10.63379,59.82226],[10.63428,59.82017],[10.63092,59.82101],[10.62794,59.8193],[10.62574,59.8167],[10.62408,59.81677],[10.62333,59.81587],[10.62155,59.81607],[10.61947,59.81464],[10.61974,59.81513],[10.61875,59.81555],[10.62014,59.81676]]],[[[10.64678,59.84609],[10.64624,59.84489],[10.64636,59.84602],[10.64678,59.84609]]],[[[10.64377,59.84637],[10.64471,59.84669],[10.64591,59.84625],[10.64523,59.84539],[10.64435,59.84625],[10.64348,59.84612],[10.64377,59.84637]]],[[[10.64795,59.84257],[10.65045,59.84351],[10.64941,59.84451],[10.64959,59.8451],[10.64882,59.84542],[10.65018,59.84663],[10.64932,59.84799],[10.64988,59.84896],[10.64861,59.84939],[10.65207,59.85063],[10.65238,59.85133],[10.65132,59.85201],[10.64938,59.85217],[10.65062,59.85343],[10.65006,59.85525],[10.651,59.85692],[10.65005,59.85774],[10.65196,59.85919],[10.65221,59.85892],[10.65302,59.86059],[10.65397,59.86106],[10.65369,59.86183],[10.65554,59.86252],[10.65553,59.86334],[10.65455,59.8636],[10.65579,59.86436],[10.65523,59.86482],[10.65564,59.86531],[10.65543,59.8671],[10.65473,59.86752],[10.65733,59.86899],[10.65486,59.87002],[10.65614,59.8711],[10.65775,59.87123],[10.65748,59.87044],[10.65825,59.86984],[10.65974,59.86932],[10.66132,59.87006],[10.66112,59.86895],[10.66247,59.86873],[10.6625,59.86816],[10.66507,59.86615],[10.66991,59.86374],[10.67087,59.86234],[10.67211,59.86225],[10.67454,59.86092],[10.67471,59.86014],[10.67606,59.85986],[10.67577,59.85869],[10.67732,59.85723],[10.67605,59.85689],[10.67594,59.85569],[10.67728,59.85544],[10.67784,59.8545],[10.67935,59.85435],[10.67866,59.85282],[10.68105,59.85208],[10.68085,59.85113],[10.67885,59.85089],[10.67967,59.84939],[10.67897,59.84887],[10.67888,59.84778],[10.6805,59.84741],[10.68225,59.84781],[10.68251,59.84854],[10.68129,59.84931],[10.68152,59.84973],[10.68362,59.84881],[10.68584,59.84996],[10.6869,59.8495],[10.68665,59.84888],[10.68735,59.84837],[10.68951,59.84861],[10.68983,59.84758],[10.69094,59.84682],[10.69052,59.84605],[10.69174,59.84573],[10.69224,59.84463],[10.69162,59.84361],[10.69315,59.84281],[10.69402,59.84164],[10.69375,59.84113],[10.6945,59.84079],[10.69476,59.83806],[10.69632,59.83459],[10.69528,59.83392],[10.69623,59.83303],[10.6958,59.83245],[10.69342,59.83199],[10.69337,59.83074],[10.6951,59.83001],[10.69658,59.82833],[10.69283,59.82739],[10.69063,59.82605],[10.6902,59.82493],[10.68739,59.8251],[10.68583,59.82726],[10.6829,59.82706],[10.68228,59.83015],[10.68086,59.83042],[10.68024,59.83011],[10.68012,59.82897],[10.68089,59.8262],[10.68004,59.82549],[10.67876,59.82957],[10.67669,59.8301],[10.67667,59.83102],[10.67866,59.83214],[10.67878,59.83275],[10.68258,59.83322],[10.68431,59.83412],[10.68457,59.83465],[10.68351,59.8353],[10.68375,59.83641],[10.6828,59.83827],[10.68105,59.83838],[10.68,59.83779],[10.68022,59.83712],[10.67964,59.83679],[10.67667,59.83671],[10.67656,59.83442],[10.67349,59.83426],[10.67296,59.83532],[10.67413,59.83622],[10.67353,59.83714],[10.67574,59.8376],[10.6761,59.83842],[10.67704,59.83877],[10.67693,59.83948],[10.675,59.83973],[10.67399,59.84138],[10.67265,59.84132],[10.66999,59.8423],[10.67337,59.84252],[10.67337,59.84326],[10.67098,59.84436],[10.66982,59.84611],[10.67242,59.84786],[10.67393,59.84783],[10.67368,59.84851],[10.67604,59.84915],[10.67584,59.85026],[10.67781,59.8514],[10.6771,59.85202],[10.67498,59.85123],[10.67534,59.85039],[10.67202,59.84967],[10.67319,59.84858],[10.67228,59.84818],[10.66983,59.84901],[10.66913,59.85037],[10.66931,59.85166],[10.66794,59.85255],[10.66564,59.85191],[10.66395,59.85271],[10.66085,59.85257],[10.66024,59.85207],[10.66088,59.85082],[10.66034,59.85033],[10.66128,59.84895],[10.66386,59.84822],[10.66513,59.84848],[10.66503,59.84938],[10.66605,59.8496],[10.66732,59.84902],[10.66694,59.84794],[10.66852,59.84622],[10.66728,59.84539],[10.66518,59.84699],[10.66412,59.84708],[10.66341,59.84545],[10.66162,59.84502],[10.66165,59.84404],[10.65863,59.84381],[10.65817,59.84689],[10.65668,59.84813],[10.65472,59.84868],[10.65394,59.84799],[10.65555,59.84627],[10.65509,59.84289],[10.65269,59.84305],[10.65237,59.84181],[10.65009,59.84206],[10.64966,59.8417],[10.65006,59.84114],[10.64833,59.8406],[10.64668,59.84113],[10.64795,59.84257]]]]}},{"type":"Feature","properties":{"settlement_id":"0542","name":"Fjellstrand","population":1445},"geometry":{"type":"MultiPolygon","coordinates":[[[[10.60554,59.78808],[10.60608,59.78891],[10.60545,59.78935],[10.60618,59.79047],[10.60821,59.79149],[10.60899,59.79251],[10.60876,59.79331],[10.60755,59.79357],[10.60598,59.79281],[10.60651,59.79329],[10.60647,59.79428],[10.60884,59.79488],[10.60887,59.79611],[10.61097,59.79705],[10.61098,59.79799],[10.61291,59.79842],[10.61152,59.79903],[10.61291,59.80123],[10.61444,59.80114],[10.61517,59.80186],[10.61956,59.80072],[10.62003,59.80126],[10.6186,59.80261],[10.62091,59.80383],[10.62337,59.80361],[10.62236,59.80186],[10.6235,59.80089],[10.62009,59.79984],[10.61953,59.79921],[10.61989,59.79818],[10.62197,59.79821],[10.62229,59.79908],[10.62779,59.79801],[10.62835,59.79848],[10.62749,59.79906],[10.62767,59.79978],[10.62854,59.79957],[10.62833,59.7986],[10.62957,59.7984],[10.62947,59.79656],[10.63057,59.79545],[10.63025,59.795],[10.6268,59.7947],[10.62499,59.79543],[10.62293,59.79507],[10.62023,59.79545],[10.61888,59.79392],[10.61768,59.79355],[10.6181,59.79218],[10.61524,59.79263],[10.61455,59.79169],[10.61282,59.79126],[10.61242,59.79063],[10.61029,59.79041],[10.61017,59.78987],[10.61144,59.78878],[10.60706,59.78839],[10.6064,59.78772],[10.60554,59.78808]]],[[[10.62368,59.80562],[10.62586,59.80682],[10.62593,59.80736],[10.62744,59.80763],[10.62792,59.8087],[10.6287,59.80886],[10.62781,59.80779],[10.62839,59.80723],[10.62653,59.80652],[10.6262,59.80575],[10.62429,59.80525],[10.62368,59.80562]]],[[[10.63022,59.80938],[10.63109,59.81058],[10.63164,59.81052],[10.63102,59.80968],[10.63132,59.80923],[10.63022,59.80938]]]]}},{"type":"Feature","properties":{"settlement_id":"0543","name":"Fagerstrand","population":3138},"geometry":{"type":"MultiPolygon","coordinates":[[[[10.60266,59.73178],[10.60663,59.73213],[10.60914,59.73044],[10.60746,59.72982],[10.60582,59.73109],[10.60266,59.73178]]],[[[10.58306,59.73992],[10.5852,59.74131],[10.58498,59.74209],[10.58751,59.74133],[10.5885,59.74172],[10.58843,59.7425],[10.59042,59.74243],[10.59163,59.74312],[10.59227,59.74293],[10.59136,59.74255],[10.59131,59.74181],[10.59312,59.74145],[10.59583,59.74319],[10.59465,59.74404],[10.59481,59.74487],[10.59619,59.74469],[10.59699,59.74329],[10.59793,59.74304],[10.60121,59.74429],[10.6028,59.74599],[10.60412,59.746],[10.60382,59.74542],[10.60445,59.74507],[10.60658,59.7453],[10.60702,59.74617],[10.60932,59.7463],[10.61095,59.74752],[10.6108,59.74804],[10.6096,59.74828],[10.60991,59.74881],[10.61204,59.74853],[10.61459,59.74915],[10.61554,59.74836],[10.61816,59.74805],[10.61978,59.74896],[10.62204,59.74902],[10.62283,59.74952],[10.62313,59.75065],[10.62437,59.75063],[10.62433,59.74928],[10.62531,59.74893],[10.63128,59.74934],[10.63298,59.75031],[10.63441,59.75032],[10.63582,59.75142],[10.63636,59.75119],[10.63395,59.74879],[10.63133,59.74885],[10.62414,59.74734],[10.62335,59.74616],[10.62212,59.74573],[10.62262,59.74466],[10.62221,59.74435],[10.62066,59.74449],[10.61747,59.74613],[10.61609,59.74547],[10.6143,59.74545],[10.61267,59.74311],[10.61172,59.74415],[10.61029,59.7438],[10.60768,59.7446],[10.60629,59.7443],[10.60637,59.74367],[10.60923,59.74303],[10.60904,59.74211],[10.60587,59.74007],[10.6036,59.74025],[10.60042,59.7393],[10.6032,59.73758],[10.6035,59.73696],[10.60256,59.73629],[10.60303,59.7358],[10.60454,59.73589],[10.60483,59.73637],[10.6043,59.73691],[10.60586,59.73687],[10.60666,59.73756],[10.60812,59.73719],[10.60889,59.73578],[10.60657,59.73574],[10.6055,59.73512],[10.60456,59.73347],[10.60106,59.73306],[10.60005,59.73215],[10.6001,59.73087],[10.60105,59.72931],[10.59988,59.72867],[10.59207,59.73064],[10.59179,59.7312],[10.59263,59.73202],[10.59445,59.73188],[10.59524,59.73256],[10.59495,59.73303],[10.59131,59.73349],[10.59029,59.73307],[10.58704,59.73369],[10.58605,59.73461],[10.58512,59.73439],[10.58427,59.73606],[10.58524,59.73462],[10.58594,59.73465],[10.58545,59.73732],[10.58343,59.7383],[10.58376,59.73847],[10.58269,59.73971],[10.58306,59.73992]],[[10.58389,59.73836],[10.58449,59.73806],[10.58389,59.73836]]]]}},{"type":"Feature","properties":{"settlement_id":"0544","name":"Torvvik","population":473},"geometry":{"type":"MultiPolygon","coordinates":[[[[10.69285,59.80631],[10.69418,59.80546],[10.69599,59.80564],[10.69536,59.80467],[10.69564,59.80321],[10.69354,59.80156],[10.69347,59.80045],[10.69012,59.79883],[10.69142,59.80022],[10.69057,59.80141],[10.69236,59.80144],[10.69377,59.80278],[10.69354,59.80349],[10.69211,59.80389],[10.6926,59.80507],[10.69226,59.80628],[10.69285,59.80631]]],[[[10.67998,59.8025],[10.68233,59.80298],[10.68218,59.80369],[10.6805,59.80382],[10.68244,59.80427],[10.68303,59.80369],[10.68487,59.80407],[10.68589,59.80345],[10.68505,59.80254],[10.68146,59.80273],[10.68022,59.80173],[10.67902,59.80181],[10.67938,59.80251],[10.67998,59.8025]]],[[[10.67591,59.80363],[10.67917,59.80374],[10.67883,59.80282],[10.67616,59.8031],[10.67591,59.80363]]],[[[10.67246,59.80467],[10.67487,59.80538],[10.67638,59.80505],[10.67326,59.80413],[10.67246,59.80467]]],[[[10.68789,59.80641],[10.68938,59.80654],[10.6897,59.8057],[10.68766,59.80481],[10.68722,59.80591],[10.68789,59.80641]]],[[[10.68229,59.80735],[10.68264,59.80828],[10.68487,59.80864],[10.6841,59.80942],[10.68643,59.80983],[10.6858,59.81079],[10.68667,59.81152],[10.68533,59.8124],[10.68548,59.81358],[10.68634,59.81361],[10.68812,59.81154],[10.69067,59.81144],[10.69166,59.81024],[10.69309,59.81041],[10.69425,59.80962],[10.69401,59.80919],[10.69461,59.8086],[10.69393,59.80771],[10.69209,59.80695],[10.68636,59.80772],[10.68594,59.80663],[10.68491,59.80608],[10.68392,59.80666],[10.68216,59.80661],[10.68172,59.80702],[10.68229,59.80735]]],[[[10.69691,59.81324],[10.69928,59.8133],[10.69784,59.81216],[10.69691,59.81324]]],[[[10.68412,59.81696],[10.68388,59.81865],[10.68508,59.81872],[10.68551,59.81741],[10.68441,59.81625],[10.68412,59.81696]]]]}},{"type":"Feature","properties":{"settlement_id":"0545","name":"Bomansvik","population":338},"geometry":{"type":"MultiPolygon","coordinates":[[[[10.69309,59.78367],[10.69353,59.78402],[10.69328,59.78509],[10.6946,59.78539],[10.69451,59.78365],[10.69625,59.78332],[10.69426,59.78229],[10.69309,59.78367]]],[[[10.69517,59.78578],[10.69566,59.78607],[10.69588,59.78568],[10.69517,59.78578]]],[[[10.68834,59.79175],[10.68908,59.79237],[10.68958,59.79231],[10.68986,59.7914],[10.69266,59.79128],[10.68963,59.78983],[10.68871,59.79055],[10.68895,59.79097],[10.68834,59.79175]]],[[[10.69319,59.79131],[10.69378,59.79164],[10.69383,59.79245],[10.69214,59.79284],[10.69149,59.79358],[10.69171,59.79467],[10.69251,59.79503],[10.69405,59.79458],[10.69525,59.79506],[10.69733,59.79432],[10.69706,59.79346],[10.69851,59.79258],[10.70261,59.79392],[10.70494,59.79352],[10.70361,59.79329],[10.70285,59.7923],[10.70091,59.7927],[10.69977,59.79229],[10.70148,59.79076],[10.70087,59.78927],[10.70171,59.78848],[10.70103,59.78771],[10.70031,59.78785],[10.70018,59.78944],[10.69746,59.79017],[10.69674,59.78988],[10.69646,59.78899],[10.69561,59.78911],[10.69427,59.79019],[10.69454,59.79088],[10.69271,59.79128],[10.69319,59.79131]]]]}},{"type":"Feature","properties":{"settlement_id":"0546","name":"Spro","population":298},"geometry":{"type":"MultiPolygon","coordinates":[[[[10.58755,59.75647],[10.59113,59.75678],[10.5905,59.75604],[10.59101,59.75497],[10.5931,59.75454],[10.59063,59.75407],[10.59011,59.75516],[10.58759,59.75598],[10.58755,59.75647]]],[[[10.58197,59.76227],[10.58609,59.76468],[10.58776,59.76384],[10.59,59.76395],[10.58916,59.76298],[10.59014,59.76206],[10.58926,59.76138],[10.58949,59.76066],[10.58719,59.75951],[10.58714,59.7578],[10.58538,59.75775],[10.58359,59.75632],[10.5831,59.75639],[10.5833,59.75824],[10.58271,59.75871],[10.58617,59.76017],[10.58197,59.76227]]]]}},{"type":"Feature","properties":{"settlement_id":"0612","name":"Ytre Enebakk","population":4759},"geometry":{"type":"MultiPolygon","coordinates":[[[[11.0762,59.72333],[11.07782,59.72303],[11.08146,59.72439],[11.08235,59.7236],[11.08075,59.72313],[11.08091,59.72143],[11.0799,59.72061],[11.0762,59.72333]]],[[[11.01325,59.73931],[11.01301,59.74079],[11.01809,59.74078],[11.01861,59.7414],[11.0222,59.74238],[11.02411,59.74094],[11.02602,59.74165],[11.02675,59.7414],[11.02634,59.74028],[11.02896,59.74014],[11.03033,59.73944],[11.03028,59.73813],[11.03144,59.7376],[11.03089,59.73722],[11.03118,59.73629],[11.03625,59.73266],[11.0357,59.7321],[11.03641,59.73149],[11.04088,59.73125],[11.04228,59.73238],[11.04622,59.73165],[11.04756,59.7296],[11.04608,59.72917],[11.0456,59.72836],[11.05,59.7274],[11.05003,59.72649],[11.05172,59.72564],[11.05321,59.72558],[11.0536,59.72443],[11.05542,59.72374],[11.05838,59.72452],[11.05537,59.72708],[11.05533,59.7279],[11.05633,59.72869],[11.05549,59.72958],[11.05394,59.72993],[11.05547,59.73149],[11.05427,59.73304],[11.0611,59.73293],[11.06151,59.73144],[11.06396,59.73179],[11.06484,59.73063],[11.06198,59.72902],[11.06269,59.72833],[11.06298,59.72609],[11.06518,59.72608],[11.06665,59.72519],[11.06915,59.72566],[11.06989,59.72391],[11.07321,59.72411],[11.07368,59.72358],[11.06629,59.72417],[11.06443,59.72372],[11.06389,59.72445],[11.06205,59.72473],[11.06024,59.72371],[11.05541,59.7229],[11.05541,59.72218],[11.05761,59.72157],[11.05751,59.72097],[11.0561,59.72027],[11.05612,59.7189],[11.05328,59.71813],[11.05516,59.71882],[11.05578,59.71973],[11.05543,59.72088],[11.05395,59.721],[11.05062,59.71956],[11.04949,59.71975],[11.04883,59.7205],[11.04935,59.72168],[11.05466,59.72173],[11.05524,59.72211],[11.05484,59.72274],[11.05288,59.72234],[11.04752,59.72415],[11.04482,59.72439],[11.04207,59.72338],[11.04273,59.72461],[11.0348,59.72726],[11.03421,59.72876],[11.03258,59.72955],[11.03247,59.73071],[11.02824,59.73367],[11.02519,59.73434],[11.02219,59.73775],[11.02007,59.73763],[11.01815,59.73836],[11.01555,59.73769],[11.01313,59.73879],[11.01325,59.73931]]],[[[11.00297,59.73087],[11.00334,59.73126],[11.00288,59.73193],[11.00336,59.73204],[11.00634,59.73042],[11.00476,59.72931],[11.00267,59.73013],[11.00241,59.73072],[11.00297,59.73087]]],[[[11.00011,59.73116],[11.00126,59.73082],[11.00014,59.73078],[11.00011,59.73116]]],[[[11.03214,59.73782],[11.03288,59.73757],[11.03171,59.73764],[11.03214,59.73782]]],[[[10.98673,59.74029],[10.98978,59.74082],[10.99202,59.73907],[10.99113,59.73856],[10.99215,59.738],[10.99696,59.73854],[10.99815,59.73932],[11.00166,59.74008],[11.00183,59.74123],[11.00343,59.74248],[11.00367,59.74346],[11.00639,59.74455],[11.00784,59.74341],[11.00775,59.74177],[11.00852,59.74107],[11.00726,59.73942],[11.0094,59.73797],[11.00905,59.73721],[11.0065,59.73642],[11.00353,59.7366],[11.00292,59.73555],[11.00345,59.73481],[11.00294,59.73453],[11.00018,59.73703],[10.99507,59.73712],[10.99449,59.73673],[10.99474,59.73626],[10.99384,59.73596],[10.98751,59.73771],[10.98699,59.73821],[10.98673,59.74029]]],[[[10.99555,59.74769],[10.99544,59.74851],[10.99763,59.74821],[10.99993,59.749],[11.00016,59.7497],[10.99959,59.75085],[11.00095,59.75137],[11.00124,59.75025],[11.00449,59.74946],[11.00528,59.74786],[11.00491,59.74701],[11.00228,59.74713],[11.00052,59.74621],[10.99922,59.74727],[10.99562,59.74707],[10.99555,59.74769]]]]}},{"type":"Feature","properties":{"settlement_id":"0801","name":"Oslo","population":1119478},"geometry":{"type":"MultiPolygon","coordinates":[[[[10.4472,59.75794],[10.44768,59.75723],[10.44619,59.75607],[10.44533,59.75707],[10.44361,59.75754],[10.44524,59.75825],[10.44515,59.75914],[10.44763,59.75874],[10.4472,59.75794]]],[[[10.43918,59.7678],[10.44074,59.76748],[10.44256,59.76861],[10.44469,59.76905],[10.44551,59.76848],[10.44455,59.76799],[10.44505,59.76687],[10.4466,59.76652],[10.44455,59.76562],[10.44671,59.7646],[10.44307,59.76266],[10.44368,59.76132],[10.4431,59.76127],[10.44223,59.76256],[10.44242,59.76332],[10.44326,59.76374],[10.44301,59.7643],[10.4439,59.76483],[10.44296,59.7657],[10.443,59.76651],[10.43911,59.76703],[10.43918,59.7678]]],[[[10.44971,59.76582],[10.44916,59.7655],[10.44799,59.76601],[10.44853,59.76631],[10.44971,59.76582]]],[[[10.44748,59.7674],[10.44682,59.76767],[10.447,59.76803],[10.44909,59.76802],[10.44836,59.76683],[10.44748,59.7674]]],[[[10.45715,59.77627],[10.45851,59.77671],[10.45757,59.77545],[10.45589,59.77562],[10.45715,59.77627]]],[[[10.41687,59.77557],[10.4174,59.77639],[10.41959,59.77684],[10.42014,59.77816],[10.41894,59.77869],[10.41757,59.7779],[10.41674,59.78027],[10.4182,59.77938],[10.42005,59.77948],[10.42268,59.77873],[10.42061,59.77662],[10.41915,59.77611],[10.4199,59.77549],[10.41935,59.77455],[10.41955,59.77378],[10.41869,59.77308],[10.41931,59.77266],[10.41888,59.77135],[10.41962,59.77052],[10.41783,59.77045],[10.41818,59.77328],[10.41775,59.77423],[10.41615,59.77473],[10.41687,59.77557]]],[[[10.45599,59.78294],[10.45849,59.78336],[10.45744,59.78236],[10.45528,59.78264],[10.45599,59.78294]]],[[[10.42692,59.77564],[10.42686,59.77624],[10.42529,59.77667],[10.42581,59.77732],[10.4253,59.77779],[10.42643,59.77924],[10.42525,59.77985],[10.42848,59.78132],[10.42842,59.782],[10.43084,59.78423],[10.43021,59.78496],[10.4292,59.78508],[10.4272,59.78317],[10.42489,59.78291],[10.42486,59.78408],[10.42989,59.78637],[10.42968,59.78806],[10.43096,59.7875],[10.43196,59.78784],[10.4322,59.7884],[10.43147,59.78882],[10.43189,59.78992],[10.43009,59.79029],[10.4309,59.7916],[10.43412,59.79315],[10.43474,59.79434],[10.43667,59.79544],[10.43611,59.79446],[10.43639,59.79236],[10.43464,59.79055],[10.43248,59.78958],[10.43277,59.78889],[10.4357,59.78868],[10.43682,59.78793],[10.43689,59.78711],[10.43893,59.78653],[10.44245,59.78695],[10.44422,59.78798],[10.44411,59.78882],[10.44145,59.79038],[10.4407,59.79169],[10.44077,59.79224],[10.44383,59.79408],[10.44274,59.79529],[10.44394,59.7962],[10.44362,59.79825],[10.44431,59.79883],[10.44362,59.80028],[10.44505,59.80093],[10.44539,59.79939],[10.44677,59.79799],[10.4456,59.79705],[10.44627,59.79467],[10.44998,59.79383],[10.45585,59.79357],[10.45215,59.79272],[10.45243,59.79147],[10.45158,59.78917],[10.45296,59.78727],[10.44915,59.78552],[10.44899,59.78472],[10.44976,59.78358],[10.44842,59.7824],[10.44698,59.78215],[10.44552,59.78027],[10.44408,59.78026],[10.44353,59.7795],[10.44622,59.77889],[10.44198,59.77727],[10.43851,59.77736],[10.43838,59.77976],[10.4394,59.78069],[10.43958,59.78269],[10.43654,59.78309],[10.43536,59.78498],[10.43411,59.78519],[10.43346,59.78478],[10.43428,59.78304],[10.43359,59.78183],[10.43371,59.77987],[10.43271,59.77933],[10.43286,59.7785],[10.43101,59.77805],[10.43244,59.77723],[10.432,59.77653],[10.43086,59.77514],[10.4289,59.77432],[10.42811,59.77339],[10.42597,59.77356],[10.42644,59.7742],[10.42554,59.77462],[10.42692,59.77564]]],[[[10.45944,59.79196],[10.46103,59.79292],[10.46435,59.79234],[10.47084,59.79428],[10.47103,59.79353],[10.47246,59.79266],[10.46707,59.79092],[10.46653,59.7897],[10.46454,59.78905],[10.46265,59.78721],[10.46161,59.78698],[10.46053,59.78736],[10.46106,59.79004],[10.46279,59.79067],[10.46164,59.79147],[10.45884,59.79126],[10.45944,59.79196]]],[[[10.42291,59.79532],[10.42654,59.79549],[10.42693,59.7961],[10.42578,59.79655],[10.42762,59.79683],[10.42823,59.79795],[10.43204,59.79661],[10.43111,59.79563],[10.42921,59.79556],[10.42778,59.79397],[10.42757,59.79232],[10.42589,59.79138],[10.42434,59.79129],[10.42357,59.79241],[10.422,59.79275],[10.42207,59.79353],[10.4205,59.79428],[10.42291,59.79532]]],[[[10.4531,59.79813],[10.45664,59.79891],[10.45476,59.79821],[10.45434,59.7973],[10.45201,59.79786],[10.4531,59.79813]]],[[[10.41905,59.80062],[10.42069,59.80059],[10.42011,59.80006],[10.42104,59.79929],[10.42457,59.799],[10.42358,59.79823],[10.42413,59.79723],[10.4212,59.79786],[10.42108,59.79845],[10.41742,59.80093],[10.41905,59.80062]]],[[[10.38653,59.80103],[10.3885,59.80103],[10.38925,59.80021],[10.38522,59.80047],[10.38483,59.80098],[10.38653,59.80103]]],[[[10.36728,59.80031],[10.36983,59.80198],[10.36922,59.80252],[10.36954,59.80345],[10.36878,59.80406],[10.36998,59.80352],[10.37095,59.8039],[10.37007,59.80564],[10.37022,59.80656],[10.36835,59.80752],[10.3711,59.80773],[10.3713,59.80831],[10.36981,59.80919],[10.36988,59.80996],[10.37095,59.80994],[10.37078,59.80944],[10.37148,59.8091],[10.37316,59.80955],[10.37376,59.80868],[10.37324,59.80809],[10.37373,59.80775],[10.37655,59.80801],[10.3779,59.80688],[10.37995,59.80719],[10.38236,59.80639],[10.38193,59.80559],[10.3828,59.8051],[10.3844,59.80561],[10.38823,59.80536],[10.39058,59.80599],[10.39187,59.80554],[10.39983,59.80687],[10.40294,59.80662],[10.39668,59.80589],[10.39604,59.80538],[10.39619,59.80446],[10.39375,59.80362],[10.39093,59.8042],[10.38634,59.80326],[10.38673,59.80461],[10.38597,59.805],[10.38231,59.80415],[10.37595,59.80415],[10.37564,59.8029],[10.37319,59.80317],[10.37275,59.80254],[10.37304,59.80173],[10.37022,59.80153],[10.37057,59.80039],[10.37299,59.79989],[10.3718,59.79919],[10.37214,59.79827],[10.3698,59.79829],[10.36896,59.79903],[10.36681,59.79941],[10.36677,59.80019],[10.36728,59.80031]]],[[[10.28936,59.80767],[10.29847,59.80929],[10.29946,59.80997],[10.30918,59.81256],[10.30932,59.8135],[10.30833,59.81392],[10.31043,59.81553],[10.31112,59.81527],[10.31088,59.81462],[10.30941,59.81415],[10.30951,59.81355],[10.31132,59.81356],[10.31145,59.81435],[10.31292,59.81436],[10.31395,59.8151],[10.31579,59.81459],[10.31709,59.81519],[10.31662,59.81608],[10.32054,59.81698],[10.32207,59.81815],[10.32346,59.81754],[10.32269,59.81685],[10.32321,59.81633],[10.322,59.81556],[10.31734,59.81478],[10.31808,59.81288],[10.31718,59.81253],[10.31741,59.81162],[10.31569,59.80948],[10.3147,59.80934],[10.31398,59.81114],[10.31126,59.81108],[10.30753,59.80873],[10.3054,59.80901],[10.30513,59.8083],[10.29828,59.80578],[10.29721,59.80442],[10.29314,59.80265],[10.29099,59.80399],[10.2912,59.80498],[10.2894,59.80535],[10.28863,59.80731],[10.28936,59.80767]]],[[[10.37689,59.81403],[10.37866,59.81331],[10.37342,59.81123],[10.37322,59.81273],[10.37457,59.81399],[10.37699,59.81492],[10.37689,59.81403]]],[[[10.46068,59.81706],[10.46175,59.81708],[10.46004,59.81679],[10.46068,59.81706]]],[[[10.34719,59.81897],[10.34793,59.81834],[10.34716,59.8178],[10.34776,59.81702],[10.34643,59.816],[10.34715,59.81488],[10.3465,59.81432],[10.34511,59.81442],[10.34402,59.81595],[10.34238,59.81614],[10.3428,59.81654],[10.34403,59.81598],[10.34571,59.81614],[10.34705,59.81805],[10.34567,59.81874],[10.34719,59.81897]]],[[[10.34248,59.81942],[10.34394,59.81987],[10.34248,59.82067],[10.34336,59.82198],[10.34445,59.82225],[10.34438,59.8228],[10.34598,59.82304],[10.34671,59.82383],[10.34916,59.82415],[10.34696,59.82277],[10.34708,59.82187],[10.34564,59.82156],[10.34444,59.82046],[10.34463,59.81973],[10.34343,59.81947],[10.34433,59.81847],[10.34157,59.81759],[10.34029,59.81872],[10.34248,59.81942]]],[[[10.32567,59.81756],[10.32554,59.81848],[10.32338,59.81904],[10.32191,59.81845],[10.31784,59.81912],[10.31838,59.82062],[10.31959,59.82084],[10.32052,59.82173],[10.31834,59.82249],[10.31928,59.8238],[10.3242,59.82483],[10.32381,59.82731],[10.32503,59.8275],[10.32521,59.82815],[10.32804,59.8275],[10.32883,59.8278],[10.32883,59.82842],[10.33014,59.82845],[10.3309,59.8265],[10.33033,59.82558],[10.32879,59.82505],[10.32907,59.82344],[10.33016,59.82223],[10.33252,59.82199],[10.33247,59.82105],[10.33387,59.8204],[10.33539,59.82129],[10.33475,59.82393],[10.33788,59.82503],[10.33669,59.82653],[10.34069,59.82668],[10.33873,59.82513],[10.33853,59.82382],[10.34011,59.82314],[10.34105,59.82158],[10.33705,59.82116],[10.33751,59.81989],[10.33663,59.81926],[10.33674,59.81868],[10.33297,59.81791],[10.33406,59.81711],[10.33402,59.81641],[10.33187,59.81631],[10.33265,59.81711],[10.3319,59.8176],[10.32999,59.81688],[10.3247,59.81689],[10.32567,59.81756]]],[[[10.31937,59.83198],[10.32073,59.83168],[10.32068,59.83036],[10.31816,59.83165],[10.31937,59.83198]]],[[[10.40503,59.83865],[10.40853,59.83981],[10.41037,59.83987],[10.41099,59.83924],[10.40991,59.83814],[10.40891,59.83864],[10.40454,59.83849],[10.40503,59.83865]]],[[[10.40007,59.84009],[10.40104,59.84047],[10.40007,59.84009]]],[[[10.44604,59.8461],[10.44739,59.84532],[10.4448,59.84502],[10.44478,59.8458],[10.44604,59.8461]]],[[[10.40146,59.84381],[10.40166,59.84428],[10.4001,59.84546],[10.40326,59.84619],[10.40322,59.84687],[10.40254,59.84717],[10.40317,59.84776],[10.40538,59.84697],[10.40833,59.84749],[10.40921,59.84703],[10.40617,59.84657],[10.4057,59.84573],[10.40397,59.84558],[10.40221,59.84439],[10.40203,59.8432],[10.40099,59.84366],[10.40146,59.84381]]],[[[10.41714,59.84671],[10.41982,59.84702],[10.41748,59.84616],[10.41714,59.84671]]],[[[10.41262,59.85315],[10.41441,59.85367],[10.41652,59.85322],[10.41957,59.85371],[10.4169,59.85254],[10.41467,59.85247],[10.41424,59.85196],[10.41243,59.85193],[10.41262,59.85315]]],[[[10.4429,59.85451],[10.44393,59.85552],[10.44688,59.85568],[10.44754,59.85485],[10.44688,59.85419],[10.44231,59.85337],[10.44212,59.8541],[10.4429,59.85451]]],[[[10.45404,59.916],[10.45585,59.9157],[10.45558,59.91498],[10.45708,59.9146],[10.45705,59.91362],[10.45557,59.91373],[10.45539,59.91433],[10.45416,59.91447],[10.45291,59.91562],[10.45404,59.916]]],[[[10.43518,59.93609],[10.43535,59.93726],[10.43692,59.93778],[10.43541,59.93813],[10.43557,59.93873],[10.43444,59.9392],[10.43358,59.94046],[10.43632,59.94097],[10.43969,59.9404],[10.43911,59.93988],[10.43916,59.93881],[10.43761,59.93787],[10.43816,59.93689],[10.43674,59.93655],[10.43633,59.93556],[10.43518,59.93609]]],[[[10.4335,59.9383],[10.4329,59.93872],[10.43345,59.9388],[10.4335,59.9383]]],[[[10.42929,59.94141],[10.43037,59.94135],[10.43139,59.9405],[10.42848,59.94107],[10.42929,59.94141]]],[[[10.42795,59.94529],[10.43067,59.94536],[10.43118,59.94397],[10.43006,59.94478],[10.42838,59.94472],[10.42798,59.94433],[10.42837,59.94319],[10.42754,59.94297],[10.42763,59.94477],[10.42685,59.94549],[10.42736,59.94579],[10.42795,59.94529]]],[[[10.48165,59.78138],[10.48296,59.78106],[10.48062,59.78035],[10.47801,59.78115],[10.48165,59.78138]]],[[[10.47854,59.83648],[10.4788,59.83618],[10.47637,59.83513],[10.47578,59.83547],[10.47854,59.83648]]],[[[10.53375,59.85785],[10.53683,59.85875],[10.53736,59.8583],[10.53726,59.8572],[10.53795,59.85673],[10.53239,59.85699],[10.53218,59.85768],[10.53375,59.85785]]],[[[10.50957,59.86674],[10.51027,59.86682],[10.50957,59.86674]]],[[[10.50977,59.86787],[10.50925,59.86749],[10.50895,59.86801],[10.50977,59.86787]]],[[[10.50704,59.87605],[10.51227,59.87772],[10.51805,59.87828],[10.52097,59.87959],[10.52191,59.87905],[10.51966,59.87848],[10.51978,59.87764],[10.5175,59.87674],[10.51738,59.8762],[10.51849,59.87593],[10.52636,59.87784],[10.52698,59.87839],[10.52629,59.87896],[10.52299,59.87901],[10.52666,59.88051],[10.52612,59.88226],[10.5266,59.88249],[10.52818,59.88133],[10.53053,59.88177],[10.53285,59.88101],[10.5315,59.88003],[10.52833,59.87922],[10.52902,59.87853],[10.53119,59.8787],[10.5291,59.87773],[10.52889,59.87631],[10.52301,59.87534],[10.52098,59.87434],[10.5168,59.87345],[10.5166,59.87201],[10.51742,59.87165],[10.51928,59.87253],[10.52482,59.87365],[10.52886,59.87546],[10.53095,59.8757],[10.53377,59.87449],[10.53744,59.87614],[10.53937,59.87563],[10.53991,59.87474],[10.54133,59.8749],[10.5411,59.8745],[10.5422,59.87403],[10.54118,59.87315],[10.54254,59.87298],[10.54137,59.87255],[10.54132,59.87204],[10.54262,59.87179],[10.54244,59.87128],[10.54305,59.871],[10.54548,59.87086],[10.54518,59.87058],[10.54583,59.86996],[10.54283,59.86808],[10.53572,59.86657],[10.53561,59.86575],[10.53771,59.86391],[10.53594,59.86272],[10.52801,59.8601],[10.52421,59.85939],[10.52187,59.85825],[10.52017,59.85785],[10.5183,59.85819],[10.51785,59.8574],[10.51562,59.8571],[10.51608,59.85743],[10.51581,59.85778],[10.51266,59.85878],[10.5147,59.86049],[10.51157,59.8603],[10.51123,59.86067],[10.51121,59.86138],[10.51199,59.86193],[10.51162,59.86237],[10.51296,59.86324],[10.51084,59.86326],[10.5108,59.86383],[10.51317,59.86497],[10.51141,59.86514],[10.51067,59.86591],[10.51108,59.86781],[10.51016,59.86929],[10.51133,59.86961],[10.51171,59.87108],[10.51447,59.87222],[10.51229,59.87266],[10.50898,59.87201],[10.50726,59.8737],[10.50704,59.87605]]],[[[10.46263,59.86869],[10.46181,59.86885],[10.4635,59.86979],[10.46396,59.86953],[10.46263,59.86869]]],[[[10.61829,59.87469],[10.62245,59.87616],[10.62324,59.87578],[10.62079,59.87455],[10.61829,59.87469]]],[[[10.60256,59.88195],[10.60443,59.88223],[10.60256,59.88195]]],[[[10.61308,59.885],[10.6142,59.88529],[10.61308,59.885]]],[[[10.46564,59.87918],[10.46034,59.88005],[10.45984,59.88088],[10.46056,59.88109],[10.46209,59.88035],[10.46466,59.88066],[10.46673,59.87961],[10.46564,59.87918]]],[[[10.53874,59.88589],[10.53976,59.88553],[10.53823,59.88515],[10.53756,59.88568],[10.53874,59.88589]]],[[[10.53525,59.88555],[10.53646,59.88626],[10.53702,59.88584],[10.5346,59.88543],[10.53525,59.88555]]],[[[10.45793,59.88882],[10.45936,59.88897],[10.45972,59.88815],[10.46141,59.88808],[10.46221,59.88878],[10.46475,59.88901],[10.46483,59.8897],[10.46644,59.8897],[10.46662,59.88898],[10.46528,59.88837],[10.46665,59.88795],[10.46708,59.88657],[10.46619,59.88636],[10.46605,59.88578],[10.4621,59.88653],[10.46315,59.88729],[10.46212,59.88784],[10.45976,59.88677],[10.45799,59.88672],[10.4574,59.88705],[10.45741,59.88843],[10.45793,59.88882]]],[[[10.45895,59.91156],[10.45982,59.91093],[10.46132,59.91091],[10.46253,59.90995],[10.46002,59.90925],[10.45985,59.91022],[10.45838,59.91079],[10.45835,59.91148],[10.45895,59.91156]]],[[[10.45744,59.92698],[10.46,59.92733],[10.45767,59.92618],[10.45578,59.92719],[10.45744,59.92698]]],[[[10.55995,59.93305],[10.56075,59.93383],[10.55953,59.93465],[10.55968,59.93519],[10.56101,59.93588],[10.5621,59.93562],[10.56197,59.9339],[10.56359,59.93201],[10.56155,59.9309],[10.55887,59.93227],[10.55995,59.93305]]],[[[10.4906,59.93287],[10.49015,59.93231],[10.48942,59.93251],[10.4906,59.93287]]],[[[10.50199,59.9349],[10.50315,59.93427],[10.50251,59.93328],[10.5016,59.93336],[10.50091,59.93469],[10.50132,59.93525],[10.50199,59.9349]]],[[[10.52118,59.9365],[10.524,59.93548],[10.52121,59.93568],[10.52118,59.9365]]],[[[10.49676,59.93683],[10.49817,59.93784],[10.49875,59.93656],[10.49676,59.93683]]],[[[10.57822,59.94226],[10.57992,59.94212],[10.57983,59.94143],[10.58053,59.9411],[10.57808,59.94026],[10.57882,59.94156],[10.57743,59.94227],[10.57822,59.94226]]],[[[10.52802,59.94126],[10.52912,59.94048],[10.53109,59.94068],[10.53283,59.93986],[10.53173,59.9396],[10.52857,59.94023],[10.52802,59.94126]]],[[[10.58977,59.94542],[10.58836,59.94549],[10.58929,59.94642],[10.59065,59.94609],[10.58977,59.94542]]],[[[10.48663,59.94355],[10.48766,59.94513],[10.48961,59.94499],[10.49087,59.94589],[10.49148,59.94684],[10.49123,59.94881],[10.4977,59.95071],[10.50061,59.9497],[10.50119,59.9502],[10.50053,59.95112],[10.50166,59.95109],[10.5019,59.95001],[10.50022,59.94942],[10.50005,59.94882],[10.50401,59.94659],[10.50537,59.94496],[10.50697,59.94494],[10.50762,59.94542],[10.50741,59.94596],[10.50491,59.94763],[10.50699,59.9481],[10.50694,59.94884],[10.50822,59.94951],[10.50841,59.95055],[10.51214,59.94961],[10.51365,59.9513],[10.51002,59.95309],[10.50791,59.95285],[10.50832,59.95161],[10.50732,59.95146],[10.5048,59.95186],[10.50512,59.95265],[10.50568,59.9532],[10.50769,59.95329],[10.50979,59.95512],[10.51296,59.95613],[10.51301,59.95556],[10.5142,59.95517],[10.51622,59.95552],[10.51856,59.95472],[10.51914,59.95388],[10.5181,59.95323],[10.51753,59.95106],[10.51608,59.95018],[10.51819,59.94967],[10.51732,59.94874],[10.51795,59.94764],[10.51733,59.94641],[10.5194,59.94504],[10.51928,59.9443],[10.51787,59.94343],[10.52051,59.94204],[10.52247,59.94172],[10.52485,59.93945],[10.52648,59.93907],[10.52773,59.93719],[10.52728,59.93657],[10.52322,59.93709],[10.522,59.93768],[10.52214,59.93816],[10.52106,59.9386],[10.52107,59.93908],[10.5179,59.94087],[10.51394,59.94131],[10.51323,59.94102],[10.51336,59.94052],[10.51712,59.93899],[10.51672,59.93768],[10.51417,59.93828],[10.51275,59.93775],[10.51276,59.93706],[10.51414,59.93618],[10.51236,59.93682],[10.51034,59.93622],[10.50658,59.93756],[10.50615,59.93789],[10.50666,59.93888],[10.50322,59.94046],[10.50239,59.94017],[10.5019,59.93851],[10.50266,59.938],[10.50271,59.93712],[10.50125,59.93701],[10.50053,59.93587],[10.49993,59.93632],[10.50112,59.93767],[10.50099,59.93913],[10.50033,59.9395],[10.50089,59.94004],[10.50014,59.94166],[10.50028,59.94366],[10.49836,59.94364],[10.49873,59.94229],[10.49801,59.94192],[10.49801,59.9409],[10.4959,59.93978],[10.49572,59.93886],[10.49122,59.93815],[10.49014,59.93839],[10.4894,59.93997],[10.48793,59.94011],[10.48798,59.94112],[10.48666,59.94214],[10.48663,59.94355]]],[[[10.59914,59.95015],[10.60061,59.94962],[10.59933,59.94931],[10.59914,59.95015]]],[[[10.60622,59.95659],[10.60646,59.95745],[10.60523,59.95783],[10.60635,59.95875],[10.6112,59.95675],[10.61253,59.9571],[10.61378,59.95666],[10.61097,59.95641],[10.61073,59.95564],[10.61212,59.95514],[10.61107,59.95473],[10.61103,59.9537],[10.60708,59.9549],[10.60553,59.95598],[10.60622,59.95659]]],[[[10.50025,59.95398],[10.50132,59.95412],[10.50171,59.95479],[10.50345,59.95438],[10.50174,59.95318],[10.49956,59.9534],[10.50025,59.95398]]],[[[10.6118,59.95807],[10.61276,59.95838],[10.6118,59.95807]]],[[[10.46079,59.95888],[10.46679,59.96002],[10.46677,59.9605],[10.46551,59.96111],[10.46331,59.96033],[10.46292,59.96083],[10.4634,59.96129],[10.46219,59.96295],[10.46403,59.96436],[10.4641,59.96537],[10.47027,59.96596],[10.47166,59.96757],[10.47096,59.96843],[10.47121,59.96878],[10.47226,59.96746],[10.47357,59.96725],[10.47418,59.96562],[10.47344,59.9651],[10.47482,59.96378],[10.47729,59.96396],[10.47772,59.9632],[10.47906,59.96299],[10.4795,59.96241],[10.47922,59.96111],[10.48287,59.96077],[10.48566,59.95838],[10.48553,59.95767],[10.48692,59.95741],[10.48808,59.9562],[10.49102,59.95589],[10.49214,59.95654],[10.49139,59.95766],[10.48854,59.95787],[10.48931,59.95829],[10.49239,59.95778],[10.49353,59.9568],[10.49633,59.95601],[10.49783,59.95629],[10.49345,59.95829],[10.49212,59.96042],[10.48993,59.96036],[10.48897,59.96129],[10.49045,59.96141],[10.49587,59.95953],[10.49765,59.95742],[10.50097,59.95695],[10.50267,59.95597],[10.49892,59.95659],[10.49816,59.95619],[10.49749,59.95443],[10.49381,59.95603],[10.4921,59.95608],[10.49176,59.95556],[10.49305,59.9547],[10.49049,59.95404],[10.49015,59.95341],[10.49198,59.95238],[10.49203,59.95183],[10.49131,59.95164],[10.49073,59.95186],[10.4907,59.95255],[10.4894,59.95268],[10.48477,59.9511],[10.48467,59.95158],[10.48645,59.95255],[10.48861,59.95292],[10.48822,59.95361],[10.48907,59.95488],[10.48665,59.95557],[10.48563,59.95458],[10.48603,59.95289],[10.4848,59.95285],[10.48297,59.95187],[10.4829,59.95135],[10.48122,59.95102],[10.48033,59.94983],[10.48043,59.94913],[10.47774,59.94801],[10.47526,59.94778],[10.47691,59.94894],[10.47476,59.95062],[10.47446,59.95144],[10.47747,59.95318],[10.47737,59.9543],[10.47622,59.95445],[10.47416,59.9535],[10.47242,59.95467],[10.47054,59.95451],[10.46668,59.95648],[10.46205,59.95571],[10.46173,59.95609],[10.46248,59.95716],[10.46119,59.95766],[10.4602,59.95883],[10.46079,59.95888]]],[[[10.4989,59.95967],[10.5025,59.96024],[10.50323,59.96004],[10.50294,59.95961],[10.50356,59.95924],[10.49784,59.95931],[10.49784,59.95971],[10.4989,59.95967]]],[[[10.48176,59.96767],[10.48382,59.96713],[10.48164,59.96679],[10.48075,59.96586],[10.48231,59.96458],[10.48122,59.96504],[10.47961,59.96474],[10.47784,59.96667],[10.48176,59.96767]]],[[[10.4775,59.97013],[10.47918,59.97042],[10.48038,59.96877],[10.47955,59.96783],[10.47737,59.96779],[10.47716,59.96924],[10.47632,59.96964],[10.47606,59.97046],[10.4775,59.97013]]],[[[10.82613,59.74545],[10.82743,59.74455],[10.82787,59.74345],[10.8293,59.74323],[10.82954,59.74246],[10.82799,59.7419],[10.82831,59.7426],[10.82701,59.74332],[10.82565,59.74527],[10.82613,59.74545]]],[[[10.82745,59.76083],[10.82848,59.7607],[10.82949,59.75957],[10.82669,59.76027],[10.82745,59.76083]]],[[[10.80636,59.78803],[10.80628,59.78689],[10.80377,59.78677],[10.80323,59.78626],[10.80453,59.78375],[10.80668,59.78322],[10.80736,59.78225],[10.80561,59.78142],[10.80575,59.78071],[10.80675,59.78046],[10.80688,59.77966],[10.80786,59.7789],[10.80754,59.77836],[10.8088,59.77685],[10.81134,59.77548],[10.81061,59.7747],[10.81057,59.77071],[10.8128,59.77074],[10.8139,59.77168],[10.81374,59.77257],[10.81455,59.77294],[10.81537,59.77577],[10.81396,59.7777],[10.81552,59.77752],[10.81677,59.77448],[10.81763,59.77411],[10.8177,59.77313],[10.81633,59.7726],[10.8167,59.77213],[10.82103,59.7715],[10.82986,59.7725],[10.83079,59.77158],[10.82869,59.76874],[10.82519,59.7655],[10.82331,59.76414],[10.82042,59.76371],[10.82063,59.76272],[10.82449,59.76125],[10.82422,59.76072],[10.82511,59.75993],[10.82448,59.75855],[10.8247,59.7572],[10.82705,59.757],[10.83126,59.75804],[10.83815,59.75695],[10.84013,59.75795],[10.83927,59.75918],[10.83789,59.75861],[10.83671,59.75878],[10.83729,59.75987],[10.83684,59.76034],[10.83101,59.76085],[10.83093,59.76134],[10.83291,59.76175],[10.8352,59.7613],[10.83605,59.76193],[10.8335,59.76318],[10.83358,59.76466],[10.83462,59.76562],[10.83197,59.76624],[10.83197,59.76717],[10.83109,59.76753],[10.83147,59.76824],[10.83611,59.76912],[10.83597,59.76966],[10.83455,59.77007],[10.83603,59.77212],[10.83796,59.77329],[10.84013,59.77559],[10.84306,59.77705],[10.84168,59.77796],[10.84345,59.77936],[10.84247,59.78017],[10.84467,59.77942],[10.84459,59.77885],[10.84569,59.77844],[10.84457,59.7777],[10.84487,59.77689],[10.8463,59.7764],[10.84882,59.77666],[10.85022,59.77509],[10.8517,59.77567],[10.85232,59.77665],[10.86225,59.77129],[10.86183,59.77053],[10.85782,59.76941],[10.85492,59.76985],[10.85189,59.76909],[10.84977,59.77003],[10.84709,59.76929],[10.84473,59.76753],[10.84299,59.76717],[10.8432,59.76668],[10.84446,59.7665],[10.84485,59.76541],[10.84607,59.76533],[10.84668,59.76661],[10.85013,59.76751],[10.85188,59.76694],[10.85585,59.76797],[10.85623,59.7678],[10.85529,59.76675],[10.85616,59.76599],[10.85582,59.76412],[10.8589,59.76318],[10.86244,59.76488],[10.86246,59.76629],[10.86377,59.7672],[10.86363,59.768],[10.86603,59.76874],[10.86898,59.76691],[10.87002,59.76578],[10.86982,59.765],[10.86694,59.76455],[10.86621,59.76312],[10.86286,59.76177],[10.86203,59.76089],[10.85802,59.7616],[10.85425,59.76094],[10.85258,59.7615],[10.84961,59.76104],[10.84337,59.76171],[10.84233,59.76123],[10.84236,59.76077],[10.84448,59.75962],[10.84697,59.75989],[10.84654,59.75933],[10.84704,59.75892],[10.84987,59.75917],[10.85072,59.75881],[10.85017,59.75819],[10.85073,59.75782],[10.85183,59.75795],[10.8525,59.75867],[10.8541,59.7587],[10.86287,59.75482],[10.85244,59.75397],[10.84894,59.75407],[10.84857,59.75483],[10.84663,59.75528],[10.84595,59.75497],[10.8456,59.75369],[10.84241,59.75326],[10.84183,59.75423],[10.83948,59.75571],[10.83804,59.75564],[10.83801,59.75331],[10.83668,59.75055],[10.83714,59.7495],[10.83915,59.74838],[10.8412,59.74855],[10.84059,59.74984],[10.84187,59.75021],[10.84208,59.75144],[10.84345,59.75204],[10.84717,59.75304],[10.8492,59.75219],[10.84883,59.74982],[10.84775,59.74782],[10.8482,59.74503],[10.84781,59.74461],[10.84403,59.74518],[10.84149,59.74434],[10.84168,59.74346],[10.83956,59.74338],[10.83768,59.74508],[10.837,59.74754],[10.83398,59.74746],[10.83271,59.74692],[10.83058,59.74907],[10.82936,59.74859],[10.8301,59.74732],[10.82446,59.74681],[10.824,59.74738],[10.82486,59.74805],[10.82433,59.74891],[10.82266,59.75006],[10.82078,59.75252],[10.81941,59.75278],[10.8197,59.75381],[10.8161,59.75672],[10.81614,59.75765],[10.81086,59.75951],[10.8112,59.76036],[10.81487,59.76056],[10.81624,59.76004],[10.81658,59.75915],[10.81778,59.75909],[10.8181,59.76014],[10.81998,59.76047],[10.82149,59.76141],[10.8204,59.76209],[10.82056,59.76274],[10.81862,59.76296],[10.81774,59.76196],[10.8108,59.76255],[10.80896,59.76178],[10.80907,59.76082],[10.80728,59.76199],[10.80207,59.76325],[10.80147,59.76425],[10.80393,59.76451],[10.80437,59.76511],[10.80136,59.76651],[10.80212,59.76854],[10.80104,59.76968],[10.80113,59.77023],[10.79928,59.77132],[10.79455,59.77227],[10.79542,59.77276],[10.79495,59.77382],[10.79567,59.77488],[10.79451,59.77544],[10.79482,59.77636],[10.79333,59.77707],[10.79299,59.77885],[10.79081,59.77913],[10.79136,59.78036],[10.79075,59.78086],[10.79125,59.78164],[10.79081,59.78229],[10.79178,59.7827],[10.79146,59.78339],[10.79409,59.78444],[10.79489,59.78689],[10.79651,59.78744],[10.79546,59.78909],[10.79827,59.78958],[10.79856,59.7906],[10.79803,59.7917],[10.79986,59.79134],[10.79931,59.79069],[10.80009,59.79015],[10.80139,59.79058],[10.80069,59.79132],[10.8013,59.79148],[10.80362,59.79035],[10.80552,59.79095],[10.80641,59.78972],[10.80636,59.78803]]],[[[10.7883,59.78256],[10.78771,59.78305],[10.78842,59.78292],[10.7883,59.78256]]],[[[10.76889,59.81874],[10.77022,59.81861],[10.77008,59.81804],[10.76832,59.81831],[10.76889,59.81874]]],[[[10.77176,59.81927],[10.77222,59.81912],[10.77129,59.81873],[10.77176,59.81927]]],[[[10.77355,59.82],[10.77322,59.8197],[10.77355,59.82]]],[[[10.77307,59.82126],[10.77307,59.82044],[10.77307,59.82126]]],[[[10.82757,59.83668],[10.83235,59.83708],[10.83931,59.83413],[10.83979,59.83322],[10.83946,59.83216],[10.8405,59.83116],[10.84081,59.82958],[10.84239,59.82698],[10.84084,59.82619],[10.84152,59.82538],[10.84308,59.82487],[10.84324,59.82332],[10.84444,59.82169],[10.84374,59.82111],[10.84493,59.81848],[10.84463,59.81805],[10.84313,59.81735],[10.8411,59.81758],[10.84009,59.81677],[10.8377,59.81634],[10.83619,59.8173],[10.83539,59.81969],[10.83278,59.82009],[10.83197,59.82224],[10.83228,59.82318],[10.83078,59.82347],[10.83048,59.8241],[10.83094,59.82649],[10.83016,59.82724],[10.83136,59.82874],[10.82932,59.82973],[10.82632,59.83597],[10.82671,59.83681],[10.82757,59.83668]]],[[[10.84409,59.8368],[10.84459,59.83774],[10.84576,59.83753],[10.84489,59.83623],[10.84409,59.8368]]],[[[10.8455,59.84031],[10.84801,59.83903],[10.84427,59.83957],[10.84374,59.84016],[10.8455,59.84031]]],[[[10.81421,59.84024],[10.81525,59.83936],[10.81351,59.84034],[10.81421,59.84024]]],[[[10.83654,59.85645],[10.8372,59.85725],[10.83812,59.8572],[10.83893,59.85641],[10.84242,59.85657],[10.84266,59.85581],[10.8416,59.85365],[10.84284,59.85122],[10.84284,59.85003],[10.84401,59.84965],[10.84394,59.84773],[10.84564,59.84736],[10.84659,59.8457],[10.8482,59.84542],[10.84796,59.84332],[10.84847,59.84256],[10.8441,59.84113],[10.84321,59.84135],[10.84248,59.84194],[10.84177,59.84489],[10.83888,59.84532],[10.83801,59.84809],[10.83802,59.85108],[10.83702,59.85258],[10.83714,59.85397],[10.83622,59.85575],[10.83654,59.85645]]],[[[10.75183,59.86285],[10.7526,59.86389],[10.75755,59.86608],[10.75565,59.86891],[10.75393,59.86906],[10.7516,59.87021],[10.75344,59.87083],[10.75292,59.87174],[10.75366,59.87271],[10.75612,59.87209],[10.75868,59.87234],[10.7586,59.87105],[10.76047,59.8707],[10.76127,59.86998],[10.76077,59.86904],[10.76272,59.86879],[10.7599,59.86672],[10.76282,59.86626],[10.76319,59.86599],[10.76281,59.86531],[10.76355,59.86493],[10.76057,59.86485],[10.75678,59.86283],[10.75572,59.86334],[10.75304,59.86295],[10.75158,59.86209],[10.7507,59.8625],[10.75183,59.86285]]],[[[10.76777,59.86939],[10.76805,59.87062],[10.76943,59.87094],[10.77025,59.87213],[10.77553,59.87239],[10.77716,59.87127],[10.77564,59.86848],[10.77308,59.8663],[10.77134,59.86625],[10.77094,59.86708],[10.76995,59.86663],[10.7687,59.867],[10.76894,59.86767],[10.7677,59.86791],[10.76777,59.86939]]],[[[10.76444,59.87696],[10.76081,59.87479],[10.75923,59.87444],[10.75707,59.87525],[10.75639,59.87674],[10.75757,59.87764],[10.75978,59.87796],[10.76016,59.87929],[10.76292,59.87975],[10.7632,59.87917],[10.76465,59.87932],[10.76435,59.87807],[10.76508,59.87733],[10.76444,59.87696]]],[[[10.75892,59.88569],[10.75976,59.88603],[10.75892,59.88569]]],[[[10.35472,59.81892],[10.35712,59.81853],[10.36086,59.81885],[10.36145,59.81914],[10.36144,59.81992],[10.36301,59.82018],[10.36352,59.81951],[10.36464,59.81951],[10.36509,59.81988],[10.36499,59.82136],[10.36715,59.82161],[10.36754,59.82258],[10.36845,59.82293],[10.36954,59.82301],[10.37061,59.82177],[10.37552,59.82312],[10.37774,59.82247],[10.38139,59.82264],[10.38421,59.82185],[10.38467,59.82299],[10.38564,59.8234],[10.38583,59.82456],[10.39165,59.82721],[10.39032,59.82755],[10.38849,59.82702],[10.38691,59.82763],[10.38395,59.82632],[10.38394,59.82566],[10.38191,59.82535],[10.3683,59.82493],[10.36786,59.82558],[10.36799,59.82598],[10.371,59.8257],[10.37394,59.82631],[10.37569,59.82594],[10.37767,59.82666],[10.38257,59.82667],[10.38321,59.82746],[10.38104,59.82854],[10.38797,59.82992],[10.388,59.83159],[10.38874,59.83172],[10.38903,59.83013],[10.39101,59.82933],[10.39215,59.82992],[10.3948,59.82986],[10.39578,59.83081],[10.3987,59.82951],[10.40068,59.82973],[10.40162,59.832],[10.40676,59.83319],[10.4067,59.83533],[10.41021,59.83712],[10.41381,59.83727],[10.41461,59.8377],[10.41472,59.83886],[10.41636,59.83925],[10.41704,59.83896],[10.41675,59.83825],[10.41768,59.83802],[10.42284,59.83943],[10.42361,59.84015],[10.4234,59.84056],[10.4209,59.84059],[10.41909,59.84205],[10.41904,59.84271],[10.41757,59.84336],[10.41637,59.84298],[10.41525,59.84388],[10.40989,59.84214],[10.40905,59.84272],[10.40793,59.84258],[10.40716,59.84159],[10.40783,59.84071],[10.40669,59.8406],[10.40623,59.8412],[10.40382,59.84162],[10.40088,59.84105],[10.40229,59.84296],[10.40377,59.8428],[10.4051,59.84345],[10.40751,59.84315],[10.41102,59.8439],[10.41292,59.84455],[10.41298,59.84564],[10.41428,59.84624],[10.4171,59.8458],[10.41754,59.84534],[10.41714,59.8448],[10.41847,59.84397],[10.42341,59.845],[10.42321,59.8477],[10.42213,59.84869],[10.41659,59.84825],[10.41535,59.84722],[10.41293,59.84777],[10.41286,59.84863],[10.41133,59.8496],[10.40978,59.84927],[10.40989,59.84839],[10.40615,59.84881],[10.40783,59.85001],[10.40789,59.851],[10.40899,59.85111],[10.41022,59.85005],[10.41322,59.85054],[10.41433,59.8495],[10.42003,59.84961],[10.4215,59.85111],[10.41716,59.85143],[10.4199,59.85175],[10.42327,59.85304],[10.4232,59.85396],[10.42167,59.85433],[10.42234,59.85516],[10.4235,59.85501],[10.42569,59.85577],[10.4279,59.85536],[10.42479,59.85453],[10.42386,59.85373],[10.42778,59.85251],[10.42889,59.85266],[10.42929,59.85174],[10.43024,59.8515],[10.43333,59.85204],[10.43324,59.85303],[10.43381,59.85363],[10.43232,59.85506],[10.42863,59.85555],[10.42881,59.85593],[10.43049,59.85667],[10.43186,59.85611],[10.43631,59.85689],[10.4373,59.85646],[10.43657,59.85584],[10.43728,59.85515],[10.43474,59.85465],[10.43526,59.85361],[10.43351,59.85285],[10.43371,59.85195],[10.43084,59.85125],[10.42935,59.85132],[10.42839,59.85201],[10.4241,59.85152],[10.42452,59.85057],[10.42559,59.85011],[10.42499,59.84918],[10.42634,59.84733],[10.42788,59.84701],[10.42806,59.84659],[10.42681,59.84638],[10.4266,59.8458],[10.42867,59.84565],[10.42929,59.84463],[10.43262,59.8445],[10.43434,59.84551],[10.43844,59.84578],[10.43806,59.84491],[10.43864,59.84449],[10.43696,59.84249],[10.43835,59.84187],[10.4402,59.84261],[10.44204,59.84239],[10.44602,59.84322],[10.44663,59.84359],[10.44632,59.84405],[10.45025,59.84476],[10.45009,59.84605],[10.45144,59.84716],[10.45058,59.84818],[10.44754,59.84854],[10.44666,59.84774],[10.44515,59.84783],[10.44476,59.84685],[10.44027,59.84635],[10.44152,59.84791],[10.442,59.84955],[10.43951,59.85094],[10.43763,59.85072],[10.43921,59.85109],[10.44058,59.85025],[10.44518,59.84919],[10.44606,59.8495],[10.44556,59.85034],[10.44597,59.85052],[10.4468,59.84989],[10.44867,59.84972],[10.45076,59.85047],[10.45063,59.85175],[10.45451,59.85487],[10.45407,59.85658],[10.45642,59.85814],[10.4542,59.85968],[10.45409,59.86046],[10.45495,59.86086],[10.4554,59.86188],[10.453,59.86277],[10.4531,59.86368],[10.45568,59.8646],[10.4571,59.8644],[10.46114,59.86601],[10.46151,59.86571],[10.45958,59.86483],[10.45895,59.86368],[10.45989,59.86279],[10.46098,59.86271],[10.46502,59.86414],[10.46507,59.86512],[10.46653,59.86554],[10.46698,59.86638],[10.46606,59.86791],[10.46673,59.86857],[10.46539,59.86897],[10.46822,59.87033],[10.46751,59.87133],[10.47276,59.87184],[10.47417,59.87241],[10.47412,59.87309],[10.47545,59.87349],[10.47417,59.87454],[10.47024,59.87414],[10.47134,59.8749],[10.4707,59.87551],[10.47337,59.87624],[10.47118,59.8773],[10.46927,59.87613],[10.46973,59.8755],[10.46929,59.87526],[10.46504,59.8744],[10.46983,59.87845],[10.46921,59.87898],[10.46787,59.87883],[10.46737,59.87953],[10.46904,59.87995],[10.46972,59.87928],[10.47094,59.8794],[10.47197,59.88046],[10.47103,59.88252],[10.4743,59.88359],[10.47529,59.88453],[10.47533,59.88517],[10.47368,59.8862],[10.47629,59.88821],[10.4753,59.88864],[10.47536,59.88939],[10.47392,59.88979],[10.47465,59.8911],[10.47729,59.8926],[10.4757,59.89363],[10.47867,59.89527],[10.47847,59.896],[10.47674,59.89632],[10.47681,59.89714],[10.47842,59.89788],[10.47885,59.89668],[10.48215,59.89621],[10.48257,59.8954],[10.48218,59.89449],[10.47847,59.89395],[10.47745,59.89274],[10.47791,59.8922],[10.48049,59.89177],[10.48089,59.89096],[10.47999,59.89045],[10.48019,59.88975],[10.47873,59.88787],[10.47712,59.88726],[10.47805,59.88631],[10.47802,59.88458],[10.48328,59.88429],[10.48257,59.88328],[10.4846,59.88237],[10.48824,59.88333],[10.48752,59.8842],[10.48515,59.88503],[10.4885,59.88759],[10.48974,59.8892],[10.49049,59.89085],[10.48989,59.89179],[10.49103,59.89177],[10.49087,59.891],[10.4935,59.88971],[10.49418,59.88864],[10.49606,59.88882],[10.49982,59.88724],[10.5012,59.88773],[10.50181,59.8905],[10.50402,59.892],[10.50342,59.89261],[10.50083,59.89256],[10.50189,59.89376],[10.50361,59.89389],[10.50371,59.89466],[10.50197,59.89482],[10.50129,59.89413],[10.50045,59.89421],[10.50003,59.89464],[10.50053,59.89537],[10.49624,59.89789],[10.49504,59.89731],[10.49594,59.8966],[10.49506,59.89541],[10.49728,59.8952],[10.49847,59.89382],[10.49637,59.89428],[10.49445,59.89372],[10.49444,59.89305],[10.49325,59.89262],[10.4895,59.8927],[10.4888,59.89191],[10.48813,59.89268],[10.4864,59.89272],[10.48617,59.89308],[10.488,59.89344],[10.48675,59.89448],[10.48823,59.89535],[10.48483,59.89662],[10.48639,59.89798],[10.48573,59.8988],[10.48284,59.89908],[10.48241,59.90017],[10.48352,59.90121],[10.48332,59.90215],[10.48212,59.90278],[10.48303,59.90424],[10.48212,59.90487],[10.48035,59.90519],[10.47865,59.90467],[10.4781,59.90431],[10.478,59.90271],[10.47272,59.90173],[10.47199,59.90116],[10.46471,59.90388],[10.46425,59.90482],[10.46507,59.90519],[10.46484,59.90596],[10.46758,59.90572],[10.47052,59.90673],[10.46909,59.908],[10.46621,59.90806],[10.46674,59.90989],[10.46865,59.91095],[10.4707,59.91126],[10.47087,59.91182],[10.46827,59.9123],[10.46712,59.91167],[10.46406,59.91169],[10.46402,59.91216],[10.46309,59.91236],[10.46305,59.91304],[10.46483,59.91295],[10.46529,59.91358],[10.4565,59.9167],[10.45652,59.91726],[10.45785,59.91778],[10.45677,59.91983],[10.45567,59.92094],[10.45324,59.92163],[10.4529,59.92321],[10.45215,59.92374],[10.44648,59.92338],[10.44674,59.92451],[10.44554,59.92516],[10.44367,59.92461],[10.44241,59.9261],[10.44088,59.92574],[10.44004,59.92626],[10.43854,59.92608],[10.44321,59.92808],[10.43857,59.92976],[10.43679,59.9318],[10.43532,59.93226],[10.43355,59.93376],[10.43313,59.93463],[10.4355,59.93465],[10.43587,59.93419],[10.43545,59.93361],[10.4365,59.93237],[10.44386,59.92985],[10.44613,59.93012],[10.44632,59.93096],[10.4456,59.9314],[10.44828,59.93211],[10.44855,59.93101],[10.45029,59.93038],[10.45171,59.92847],[10.45049,59.92798],[10.45064,59.92728],[10.45367,59.92473],[10.45531,59.92472],[10.45993,59.9218],[10.46167,59.92238],[10.46496,59.92191],[10.46522,59.92061],[10.46375,59.91976],[10.46798,59.91765],[10.46984,59.91841],[10.46933,59.91966],[10.47082,59.92089],[10.47171,59.92081],[10.47209,59.91936],[10.47334,59.91921],[10.47444,59.91976],[10.47515,59.92184],[10.47631,59.9224],[10.47464,59.92304],[10.47449,59.92373],[10.47329,59.92389],[10.47177,59.92322],[10.47123,59.92223],[10.46877,59.92154],[10.46959,59.92247],[10.46962,59.92369],[10.46781,59.92401],[10.46655,59.92331],[10.4647,59.92397],[10.46428,59.92449],[10.46784,59.92424],[10.46855,59.92501],[10.46704,59.92771],[10.46556,59.92769],[10.46584,59.92645],[10.46517,59.92639],[10.4633,59.92822],[10.46323,59.93014],[10.46268,59.93094],[10.46512,59.93286],[10.46375,59.93366],[10.4641,59.93459],[10.46337,59.93686],[10.46127,59.93747],[10.46099,59.93835],[10.46382,59.93742],[10.4642,59.9368],[10.46954,59.93608],[10.4702,59.93529],[10.47175,59.93559],[10.47352,59.93476],[10.47776,59.93453],[10.47737,59.93389],[10.47393,59.93344],[10.47458,59.93256],[10.48257,59.93278],[10.48779,59.93233],[10.48935,59.9315],[10.49603,59.93141],[10.49468,59.93022],[10.49403,59.92879],[10.49501,59.92746],[10.49614,59.92696],[10.49792,59.92779],[10.49833,59.92908],[10.50105,59.93012],[10.50367,59.92859],[10.50402,59.92717],[10.50502,59.92647],[10.50599,59.9234],[10.50752,59.92247],[10.50746,59.92174],[10.50858,59.92051],[10.50785,59.91955],[10.50936,59.919],[10.50987,59.91729],[10.51531,59.91427],[10.51961,59.91326],[10.51988,59.91233],[10.52087,59.91166],[10.51993,59.91057],[10.52027,59.9101],[10.5197,59.90851],[10.52103,59.90753],[10.52341,59.90769],[10.52605,59.90855],[10.52626,59.90912],[10.5294,59.90968],[10.52925,59.91025],[10.52691,59.91103],[10.52754,59.9119],[10.52984,59.91194],[10.53052,59.9108],[10.53132,59.91058],[10.53506,59.91207],[10.53459,59.91103],[10.53572,59.91071],[10.5405,59.91248],[10.54015,59.91328],[10.54187,59.91312],[10.54349,59.91377],[10.54355,59.9163],[10.54533,59.91758],[10.54406,59.9185],[10.54792,59.92177],[10.54827,59.92263],[10.54765,59.92305],[10.54815,59.92354],[10.54953,59.92365],[10.55146,59.92553],[10.55343,59.92656],[10.55263,59.92937],[10.55122,59.92976],[10.55037,59.93127],[10.55303,59.93293],[10.55338,59.9338],[10.55582,59.93473],[10.55746,59.93362],[10.55661,59.93238],[10.55662,59.93132],[10.55525,59.93033],[10.5555,59.92989],[10.55446,59.92819],[10.55477,59.92766],[10.5573,59.92765],[10.5592,59.92965],[10.56152,59.93077],[10.56169,59.93008],[10.56264,59.92975],[10.56035,59.92931],[10.56011,59.92788],[10.55869,59.92791],[10.55825,59.92667],[10.5558,59.92625],[10.55537,59.92574],[10.55548,59.92502],[10.55625,59.92477],[10.5573,59.925],[10.55764,59.9258],[10.55825,59.92559],[10.55751,59.92408],[10.56062,59.92355],[10.56276,59.92434],[10.56352,59.92519],[10.5648,59.92526],[10.56504,59.92578],[10.56702,59.92565],[10.56786,59.92665],[10.56976,59.92654],[10.57153,59.92763],[10.57165,59.92835],[10.57476,59.92951],[10.5773,59.93119],[10.57699,59.93179],[10.57504,59.9319],[10.57613,59.933],[10.57599,59.93348],[10.57312,59.93355],[10.57396,59.93533],[10.57233,59.93581],[10.57274,59.93704],[10.57191,59.93743],[10.57237,59.93836],[10.5741,59.93828],[10.57612,59.93947],[10.57476,59.93841],[10.57411,59.93617],[10.57693,59.93542],[10.57598,59.93457],[10.57606,59.93393],[10.57913,59.93301],[10.58252,59.93319],[10.58367,59.93552],[10.58293,59.93591],[10.58303,59.93957],[10.58251,59.94127],[10.58388,59.94172],[10.58398,59.94268],[10.5862,59.94241],[10.59283,59.9454],[10.59254,59.94673],[10.59143,59.94736],[10.59176,59.94751],[10.59424,59.94606],[10.60152,59.94854],[10.61158,59.94874],[10.61719,59.94978],[10.61707,59.95033],[10.61337,59.9521],[10.61457,59.95268],[10.61646,59.95247],[10.61751,59.9512],[10.61993,59.95042],[10.62094,59.95095],[10.62086,59.95267],[10.62142,59.95289],[10.62167,59.95186],[10.6226,59.95149],[10.6225,59.95008],[10.62323,59.94973],[10.62701,59.9504],[10.63066,59.95185],[10.63415,59.95192],[10.63485,59.95303],[10.63433,59.95382],[10.63212,59.95478],[10.63185,59.95651],[10.63082,59.95672],[10.62942,59.95612],[10.62754,59.95733],[10.62431,59.95817],[10.62163,59.96083],[10.62324,59.96141],[10.62298,59.9621],[10.62365,59.96221],[10.62684,59.96142],[10.62795,59.9624],[10.63132,59.9611],[10.63559,59.96142],[10.63631,59.96222],[10.63768,59.96208],[10.6398,59.96296],[10.63856,59.96732],[10.64183,59.96842],[10.64191,59.97067],[10.64431,59.97128],[10.64446,59.97662],[10.64513,59.97692],[10.64536,59.97787],[10.64628,59.97797],[10.64652,59.97737],[10.64754,59.97722],[10.64939,59.97858],[10.65153,59.97885],[10.65129,59.9799],[10.6505,59.98035],[10.65061,59.98101],[10.65423,59.98462],[10.65466,59.98454],[10.65412,59.98359],[10.65466,59.98314],[10.65427,59.98193],[10.65505,59.98151],[10.65478,59.98097],[10.65533,59.98049],[10.6608,59.98093],[10.6634,59.98011],[10.66634,59.981],[10.66474,59.97918],[10.66833,59.97657],[10.66513,59.97429],[10.6638,59.97438],[10.66393,59.97546],[10.66598,59.97578],[10.66655,59.97677],[10.66282,59.97663],[10.66209,59.97737],[10.65965,59.97719],[10.65771,59.97611],[10.65737,59.97523],[10.65481,59.97476],[10.65435,59.97724],[10.65506,59.97775],[10.65725,59.97857],[10.65907,59.97778],[10.6608,59.97891],[10.65776,59.97996],[10.64958,59.97683],[10.64936,59.97626],[10.65055,59.97541],[10.6526,59.97501],[10.65235,59.97319],[10.65414,59.97308],[10.65427,59.97223],[10.65553,59.97106],[10.65717,59.9712],[10.65641,59.97213],[10.65743,59.9728],[10.66016,59.97166],[10.66058,59.9702],[10.66158,59.96964],[10.66285,59.96999],[10.66261,59.97126],[10.66453,59.97217],[10.66535,59.97212],[10.66636,59.97111],[10.6689,59.97127],[10.66974,59.97197],[10.66865,59.9738],[10.66998,59.97466],[10.67108,59.97355],[10.6723,59.97351],[10.67217,59.97259],[10.67372,59.97196],[10.67247,59.9704],[10.67084,59.96978],[10.66993,59.96769],[10.66948,59.96778],[10.66956,59.96851],[10.66761,59.96983],[10.66663,59.96968],[10.66566,59.96868],[10.66266,59.96897],[10.66245,59.9685],[10.66347,59.96757],[10.66339,59.9662],[10.66269,59.96594],[10.66229,59.96489],[10.66109,59.96457],[10.66135,59.96385],[10.66306,59.96382],[10.66613,59.966],[10.66845,59.96616],[10.66851,59.96686],[10.67105,59.96626],[10.66998,59.96558],[10.67094,59.96485],[10.67209,59.96502],[10.67187,59.96575],[10.67282,59.9657],[10.67287,59.96515],[10.67043,59.96303],[10.67077,59.96248],[10.67851,59.96213],[10.67973,59.96138],[10.68172,59.96225],[10.68286,59.96174],[10.6842,59.96193],[10.68428,59.9613],[10.68514,59.96095],[10.68883,59.96174],[10.68888,59.96318],[10.69024,59.96336],[10.69351,59.96597],[10.695,59.96509],[10.69693,59.96243],[10.69917,59.96243],[10.6986,59.96133],[10.70116,59.96071],[10.70256,59.96095],[10.70575,59.96288],[10.71089,59.96355],[10.71001,59.96177],[10.71164,59.96039],[10.71015,59.95868],[10.71203,59.95648],[10.70909,59.95442],[10.7104,59.95228],[10.71016,59.95109],[10.71094,59.95052],[10.71021,59.95007],[10.71011,59.94894],[10.71162,59.94769],[10.71282,59.94817],[10.7124,59.94883],[10.71265,59.95006],[10.7116,59.95051],[10.71373,59.95062],[10.71402,59.9516],[10.71319,59.95244],[10.71487,59.95267],[10.71559,59.9536],[10.71417,59.95445],[10.71474,59.95613],[10.71339,59.9566],[10.71421,59.95707],[10.71556,59.957],[10.71628,59.95778],[10.71794,59.95826],[10.71967,59.95745],[10.72276,59.95767],[10.72124,59.95716],[10.72198,59.95652],[10.72618,59.95671],[10.72516,59.95586],[10.72533,59.95472],[10.72281,59.95353],[10.72074,59.95407],[10.71958,59.9534],[10.72153,59.95216],[10.72304,59.95217],[10.72431,59.95147],[10.7275,59.95351],[10.72739,59.95465],[10.72894,59.95415],[10.73046,59.95479],[10.73019,59.95598],[10.73101,59.95635],[10.73119,59.95712],[10.73293,59.95784],[10.73263,59.95871],[10.7279,59.9584],[10.72911,59.95877],[10.72936,59.95936],[10.72565,59.96014],[10.72296,59.9596],[10.72269,59.95882],[10.7204,59.95893],[10.72145,59.96026],[10.7213,59.96084],[10.72423,59.96042],[10.72688,59.96093],[10.72679,59.96163],[10.72509,59.96177],[10.72539,59.96349],[10.72659,59.96411],[10.72622,59.96591],[10.72752,59.96607],[10.72795,59.96696],[10.72662,59.96862],[10.73319,59.96947],[10.73385,59.97079],[10.73586,59.96952],[10.73427,59.96837],[10.73432,59.96755],[10.73697,59.96709],[10.73718,59.96641],[10.74099,59.96666],[10.74255,59.96537],[10.74458,59.96525],[10.74514,59.96571],[10.74462,59.96698],[10.74611,59.96851],[10.74795,59.9682],[10.74861,59.96602],[10.7512,59.96647],[10.7537,59.96512],[10.75506,59.9656],[10.75515,59.96706],[10.75581,59.96723],[10.75698,59.96577],[10.76149,59.96598],[10.76401,59.96555],[10.76528,59.9668],[10.76717,59.96758],[10.76688,59.96823],[10.7676,59.96859],[10.77363,59.96969],[10.77727,59.9683],[10.7805,59.96828],[10.77676,59.96706],[10.77726,59.96592],[10.77852,59.96571],[10.78013,59.96609],[10.78109,59.96746],[10.7842,59.96767],[10.78559,59.96684],[10.78716,59.96721],[10.78869,59.96822],[10.78748,59.96875],[10.78752,59.96942],[10.78911,59.96919],[10.79026,59.97022],[10.79078,59.96951],[10.79199,59.96946],[10.79265,59.97009],[10.79186,59.97081],[10.79423,59.97117],[10.79581,59.96919],[10.7979,59.96878],[10.79799,59.96813],[10.79901,59.96782],[10.7976,59.96496],[10.798,59.96323],[10.79956,59.96202],[10.79813,59.96025],[10.79787,59.95653],[10.79805,59.95533],[10.79928,59.95448],[10.79909,59.95374],[10.79787,59.95373],[10.79737,59.9531],[10.80022,59.95131],[10.8013,59.94955],[10.80386,59.94952],[10.80444,59.94894],[10.80415,59.94818],[10.8049,59.94784],[10.81242,59.94907],[10.81464,59.95088],[10.81569,59.95054],[10.81715,59.95108],[10.81734,59.95278],[10.82014,59.95368],[10.81942,59.95437],[10.81631,59.9541],[10.8158,59.95618],[10.81643,59.95625],[10.8187,59.95463],[10.82064,59.95573],[10.82305,59.95597],[10.82372,59.95505],[10.8231,59.95433],[10.82382,59.95364],[10.82382,59.95228],[10.82682,59.95116],[10.82981,59.95114],[10.83127,59.95032],[10.82962,59.9479],[10.83048,59.94582],[10.83279,59.94495],[10.83606,59.9455],[10.84102,59.94672],[10.84119,59.94724],[10.84028,59.94763],[10.84354,59.94976],[10.84914,59.95037],[10.84895,59.95087],[10.84754,59.95107],[10.84875,59.95218],[10.84839,59.95365],[10.84682,59.95396],[10.8476,59.9548],[10.84632,59.95549],[10.84686,59.95651],[10.84872,59.95664],[10.85173,59.95507],[10.85301,59.95594],[10.85703,59.956],[10.85746,59.95645],[10.85682,59.95757],[10.85887,59.9575],[10.86151,59.95861],[10.86307,59.95761],[10.86438,59.95776],[10.86389,59.95984],[10.86215,59.96175],[10.86203,59.96237],[10.86334,59.96289],[10.86314,59.96355],[10.86001,59.96476],[10.86104,59.96529],[10.86038,59.96591],[10.86073,59.96652],[10.86334,59.9674],[10.86659,59.96762],[10.86696,59.96844],[10.8661,59.96932],[10.86774,59.9705],[10.86962,59.96979],[10.87284,59.97047],[10.87486,59.9716],[10.87112,59.97376],[10.87144,59.97427],[10.86955,59.97709],[10.87003,59.97771],[10.87385,59.9782],[10.87461,59.97784],[10.87664,59.97521],[10.87911,59.97346],[10.88025,59.97151],[10.88125,59.97123],[10.88134,59.97077],[10.87943,59.96982],[10.87959,59.96927],[10.88213,59.96931],[10.88212,59.96869],[10.88443,59.96678],[10.88438,59.96512],[10.8855,59.96435],[10.88615,59.96282],[10.88759,59.96192],[10.88919,59.96196],[10.89037,59.96306],[10.88958,59.9654],[10.89057,59.96867],[10.88913,59.96905],[10.88923,59.96946],[10.89798,59.97085],[10.89987,59.97188],[10.90645,59.97162],[10.90682,59.97048],[10.90578,59.96948],[10.90284,59.96791],[10.89962,59.96715],[10.89945,59.96667],[10.90021,59.96611],[10.89869,59.96551],[10.89928,59.96485],[10.89861,59.96345],[10.89501,59.96267],[10.89224,59.96095],[10.89154,59.95964],[10.89003,59.95913],[10.89074,59.95837],[10.89326,59.95805],[10.89633,59.95891],[10.89594,59.95946],[10.89378,59.95969],[10.8952,59.96116],[10.90245,59.96317],[10.90287,59.96463],[10.90483,59.96542],[10.90305,59.96585],[10.90275,59.96654],[10.9049,59.96747],[10.90573,59.96672],[10.90809,59.96644],[10.90931,59.96689],[10.90871,59.96826],[10.90934,59.96869],[10.91597,59.9679],[10.91688,59.96818],[10.91688,59.96898],[10.91771,59.96857],[10.91725,59.96774],[10.91344,59.96561],[10.91038,59.9652],[10.91079,59.96436],[10.90823,59.96418],[10.90812,59.96376],[10.90889,59.96337],[10.90827,59.96266],[10.90962,59.96219],[10.91155,59.9631],[10.91171,59.96405],[10.91485,59.96447],[10.91669,59.96553],[10.91691,59.96621],[10.91878,59.96621],[10.91992,59.9688],[10.92429,59.97041],[10.92523,59.97455],[10.92933,59.97578],[10.92864,59.97635],[10.92947,59.97826],[10.92863,59.98001],[10.92727,59.98076],[10.92759,59.98188],[10.92574,59.98273],[10.92545,59.98462],[10.92687,59.98575],[10.92773,59.98517],[10.92883,59.9854],[10.92952,59.98605],[10.92905,59.98671],[10.93001,59.98846],[10.935,59.9892],[10.93579,59.98849],[10.93767,59.9882],[10.93982,59.98874],[10.93935,59.98964],[10.93616,59.99095],[10.93123,59.98984],[10.92649,59.99312],[10.92513,59.99338],[10.92392,59.99292],[10.92439,59.99231],[10.92403,59.99148],[10.92606,59.99064],[10.92434,59.99005],[10.92098,59.98997],[10.91877,59.98909],[10.91586,59.98878],[10.90616,59.98868],[10.90467,59.98951],[10.90367,59.98901],[10.9018,59.98912],[10.90194,59.98995],[10.90036,59.99043],[10.9005,59.99128],[10.89993,59.99203],[10.90339,59.99436],[10.9022,59.99615],[10.90378,59.99687],[10.90696,60.00061],[10.90982,60.00056],[10.91166,60.00162],[10.91202,60.00096],[10.91139,60.00066],[10.91139,60.00003],[10.91417,59.99985],[10.91527,60.00114],[10.91711,60.0012],[10.91729,60.00205],[10.91911,60.00244],[10.91919,60.00451],[10.9171,60.00488],[10.91764,60.00579],[10.91705,60.00615],[10.91703,60.0077],[10.91624,60.00837],[10.91364,60.00899],[10.9142,60.01035],[10.91497,60.01076],[10.91367,60.01155],[10.91381,60.01232],[10.9053,60.01395],[10.90852,60.01459],[10.90976,60.01544],[10.90958,60.01666],[10.90779,60.01711],[10.907,60.01814],[10.90555,60.01868],[10.90329,60.01814],[10.90196,60.01858],[10.89771,60.01814],[10.89996,60.02022],[10.89997,60.02104],[10.89865,60.02275],[10.89695,60.02278],[10.89633,60.02189],[10.89497,60.02214],[10.89606,60.0236],[10.89772,60.02443],[10.89721,60.02513],[10.89561,60.02499],[10.89433,60.02601],[10.89282,60.02599],[10.89094,60.02487],[10.89074,60.02344],[10.89023,60.02423],[10.88862,60.02453],[10.88951,60.02522],[10.88924,60.02621],[10.88669,60.02604],[10.88589,60.02656],[10.88893,60.02773],[10.89267,60.02758],[10.89394,60.02853],[10.89676,60.02745],[10.899,60.02435],[10.90178,60.02499],[10.90297,60.02473],[10.90116,60.02355],[10.90137,60.0229],[10.90371,60.02245],[10.90689,60.02041],[10.90913,60.02087],[10.90793,60.02016],[10.9081,60.01946],[10.91083,60.01768],[10.91638,60.01215],[10.91568,60.01144],[10.91895,60.00972],[10.92229,60.01007],[10.9262,60.01249],[10.92909,60.01274],[10.92926,60.01223],[10.92844,60.0117],[10.92914,60.01131],[10.9306,60.01184],[10.93219,60.01165],[10.93294,60.01324],[10.93433,60.0133],[10.93483,60.01287],[10.93382,60.01152],[10.93408,60.01098],[10.9324,60.01083],[10.93174,60.0097],[10.92989,60.00937],[10.93079,60.0082],[10.92994,60.00752],[10.93098,60.00701],[10.93109,60.00599],[10.93211,60.00523],[10.9317,60.00449],[10.93013,60.00398],[10.92971,60.00297],[10.9304,60.00256],[10.92951,60.00091],[10.93116,60.00013],[10.93091,59.99922],[10.93332,59.99826],[10.93104,59.99846],[10.929,59.9979],[10.9289,59.99723],[10.93019,59.99684],[10.92789,59.99662],[10.92669,59.99423],[10.92791,59.9937],[10.92943,59.9943],[10.92911,59.9954],[10.93009,59.9961],[10.93292,59.99522],[10.93547,59.99253],[10.93982,59.99256],[10.94134,59.99208],[10.94251,59.99075],[10.94643,59.98995],[10.94822,59.99052],[10.9481,59.98976],[10.94934,59.98892],[10.95192,59.98883],[10.95189,59.98778],[10.94958,59.98637],[10.95342,59.98556],[10.95328,59.98522],[10.9491,59.98584],[10.944,59.98795],[10.94271,59.98769],[10.94263,59.98632],[10.94329,59.98535],[10.94564,59.9847],[10.94566,59.98312],[10.94345,59.98348],[10.94311,59.98525],[10.94067,59.98519],[10.94037,59.98358],[10.94177,59.98303],[10.94117,59.98208],[10.9442,59.98209],[10.94372,59.97981],[10.94199,59.97948],[10.94133,59.97845],[10.94178,59.97782],[10.94136,59.97636],[10.94038,59.97622],[10.93928,59.97473],[10.93806,59.97444],[10.93226,59.97469],[10.93243,59.97299],[10.93068,59.97174],[10.93029,59.97073],[10.93108,59.96944],[10.93275,59.96872],[10.93257,59.96826],[10.9333,59.96755],[10.9313,59.96686],[10.93169,59.96512],[10.92811,59.96595],[10.92864,59.96701],[10.92806,59.9674],[10.92648,59.96722],[10.92527,59.96641],[10.92594,59.96586],[10.92753,59.96584],[10.92736,59.96476],[10.92824,59.96402],[10.92964,59.96422],[10.93129,59.96363],[10.93303,59.96398],[10.93271,59.96323],[10.93378,59.96242],[10.93296,59.96131],[10.93598,59.96097],[10.93755,59.95873],[10.93864,59.95599],[10.93781,59.95564],[10.93777,59.95495],[10.94017,59.95407],[10.94135,59.95422],[10.9426,59.95298],[10.94501,59.95306],[10.94952,59.95008],[10.94626,59.94994],[10.94519,59.9492],[10.94004,59.95002],[10.93978,59.94942],[10.94149,59.94848],[10.94088,59.9479],[10.94125,59.94708],[10.94067,59.94636],[10.94286,59.94616],[10.94333,59.94648],[10.94308,59.94711],[10.94464,59.94763],[10.94607,59.94658],[10.94503,59.94612],[10.94519,59.94556],[10.94874,59.94565],[10.9496,59.94665],[10.9486,59.94722],[10.94866,59.94794],[10.95168,59.9492],[10.95302,59.94903],[10.9584,59.95082],[10.95903,59.95025],[10.95523,59.94793],[10.95587,59.94743],[10.95751,59.94762],[10.95771,59.94549],[10.96047,59.94572],[10.96137,59.94653],[10.96252,59.94614],[10.96301,59.94475],[10.96414,59.94415],[10.96641,59.9437],[10.97188,59.94399],[10.97266,59.94428],[10.97249,59.94488],[10.97331,59.94551],[10.97514,59.94562],[10.97962,59.94766],[10.98011,59.94843],[10.97987,59.94942],[10.981,59.94966],[10.98171,59.95057],[10.98418,59.95109],[10.98464,59.9517],[10.98295,59.95402],[10.98385,59.95493],[10.98368,59.95587],[10.98065,59.95757],[10.98071,59.95845],[10.97627,59.96124],[10.9799,59.96265],[10.98285,59.96281],[10.98482,59.96127],[10.98449,59.96001],[10.98218,59.95828],[10.98479,59.95692],[10.98663,59.95758],[10.98575,59.9588],[10.98822,59.95977],[10.9911,59.96379],[10.99247,59.96413],[10.99208,59.96347],[10.99272,59.9628],[10.99212,59.96236],[10.99248,59.96192],[10.99166,59.96147],[10.9923,59.96099],[10.99336,59.96117],[10.99322,59.96181],[10.99499,59.96311],[10.99508,59.9646],[10.99365,59.96492],[10.99327,59.966],[10.99413,59.96668],[10.99298,59.96872],[10.99048,59.96957],[10.99142,59.97073],[10.99095,59.9712],[10.99222,59.97149],[10.99267,59.97214],[10.9922,59.97308],[10.99367,59.97379],[10.99547,59.97364],[10.99846,59.97533],[10.99758,59.97574],[10.99408,59.97547],[10.99241,59.97579],[10.9928,59.97651],[10.99236,59.97689],[10.98718,59.97735],[10.98864,59.97908],[10.98764,59.98111],[10.99149,59.98043],[10.99363,59.97855],[10.99454,59.97874],[10.99621,59.98034],[10.99796,59.98042],[10.99863,59.97971],[11.00036,59.97961],[11.00104,59.98038],[11.0008,59.98096],[11.00343,59.9808],[11.00727,59.97949],[11.00771,59.9804],[11.00532,59.98132],[11.00395,59.98313],[11.00216,59.98381],[11.00892,59.98545],[11.01157,59.98499],[11.01263,59.98567],[11.01673,59.98594],[11.01841,59.98521],[11.02033,59.98524],[11.02876,59.98841],[11.02844,59.99083],[11.02675,59.9917],[11.02708,59.99328],[11.02651,59.99403],[11.02526,59.99413],[11.02366,59.99276],[11.021,59.99204],[11.01904,59.99247],[11.01601,59.99376],[11.01576,59.99679],[11.01385,59.99738],[11.01563,59.99793],[11.01635,59.99939],[11.01758,60.00018],[11.01792,60.00109],[11.01696,60.00261],[11.01803,60.00394],[11.01939,60.00372],[11.02079,60.0044],[11.01877,60.00526],[11.01927,60.00583],[11.01899,60.0062],[11.01785,60.00634],[11.0183,60.00741],[11.01573,60.00785],[11.0161,60.00992],[11.01491,60.01036],[11.01684,60.01461],[11.02256,60.01354],[11.02397,60.01437],[11.02327,60.01504],[11.02357,60.01526],[11.0274,60.01482],[11.02867,60.01552],[11.02905,60.01459],[11.03133,60.01429],[11.032,60.01474],[11.03247,60.01702],[11.03464,60.01644],[11.03447,60.01475],[11.03752,60.01461],[11.0405,60.01559],[11.04093,60.01619],[11.04065,60.01741],[11.04521,60.0177],[11.04629,60.01883],[11.046,60.01939],[11.04677,60.02157],[11.05085,60.02124],[11.05353,60.02198],[11.05589,60.02113],[11.0598,60.02154],[11.05689,60.0187],[11.06136,60.01722],[11.06481,60.01886],[11.06641,60.01761],[11.0695,60.01692],[11.06947,60.0164],[11.07128,60.01569],[11.07104,60.01343],[11.07336,60.01307],[11.07376,60.00943],[11.06844,60.00992],[11.06645,60.00849],[11.07142,60.00699],[11.07565,60.00492],[11.07629,60.00398],[11.07241,60.00451],[11.07041,60.00545],[11.0638,60.00551],[11.06348,60.00642],[11.05917,60.00779],[11.05879,60.00912],[11.05748,60.01004],[11.05297,60.00874],[11.04747,60.00576],[11.04718,60.00514],[11.04859,60.00438],[11.04711,60.00341],[11.04687,60.00437],[11.04529,60.00432],[11.04439,60.00375],[11.04478,60.00221],[11.04156,60.00141],[11.04311,60.00027],[11.04073,59.99915],[11.04102,59.99848],[11.04014,59.99819],[11.03996,59.99729],[11.04289,59.99638],[11.04419,59.99706],[11.04172,59.99835],[11.04724,59.99808],[11.04578,59.99626],[11.04856,59.99392],[11.05213,59.99425],[11.04903,59.99358],[11.04843,59.99135],[11.04624,59.99095],[11.04684,59.98643],[11.04646,59.98547],[11.05151,59.98381],[11.05429,59.98397],[11.05344,59.98318],[11.05453,59.98261],[11.0505,59.98056],[11.04966,59.9807],[11.05058,59.98235],[11.04614,59.98265],[11.04676,59.98342],[11.04495,59.98431],[11.04532,59.9849],[11.04459,59.9853],[11.04456,59.98594],[11.04322,59.98622],[11.0436,59.98684],[11.04255,59.98713],[11.04183,59.98651],[11.04307,59.98618],[11.04172,59.98479],[11.04232,59.98417],[11.04164,59.9825],[11.03369,59.98436],[11.03307,59.98388],[11.03379,59.98315],[11.02812,59.97972],[11.02582,59.98043],[11.02732,59.98151],[11.02675,59.98225],[11.02716,59.98312],[11.02416,59.98348],[11.02312,59.98413],[11.01784,59.98314],[11.01677,59.9824],[11.01609,59.98054],[11.01785,59.97896],[11.02113,59.97772],[11.02509,59.97859],[11.02692,59.9784],[11.02789,59.979],[11.03004,59.97753],[11.03255,59.97776],[11.03605,59.97689],[11.03706,59.97734],[11.03666,59.97806],[11.03868,59.9793],[11.04146,59.97831],[11.04248,59.97731],[11.04517,59.97673],[11.05068,59.97633],[11.05602,59.97775],[11.05952,59.97739],[11.05738,59.97665],[11.05566,59.97682],[11.05431,59.97604],[11.05478,59.97429],[11.056,59.97428],[11.05779,59.97533],[11.05862,59.97403],[11.06107,59.97291],[11.05873,59.97228],[11.05906,59.97154],[11.05835,59.97071],[11.05656,59.97044],[11.05603,59.96905],[11.05706,59.96854],[11.05998,59.96933],[11.06273,59.96755],[11.06371,59.96778],[11.06413,59.96874],[11.06212,59.97016],[11.06726,59.9719],[11.06954,59.97152],[11.07344,59.97186],[11.07385,59.97229],[11.07307,59.97411],[11.07566,59.97386],[11.07658,59.97152],[11.07472,59.97139],[11.07431,59.9709],[11.07655,59.97012],[11.07659,59.96967],[11.07466,59.96842],[11.07531,59.96728],[11.07332,59.96492],[11.07389,59.96373],[11.07068,59.96375],[11.07003,59.96327],[11.07081,59.96214],[11.0725,59.96226],[11.07452,59.96019],[11.07597,59.96001],[11.07644,59.95912],[11.07314,59.9596],[11.07274,59.95919],[11.07323,59.95825],[11.06991,59.95744],[11.07277,59.95578],[11.07532,59.95628],[11.07575,59.95705],[11.07766,59.95708],[11.07764,59.95651],[11.07713,59.95588],[11.07424,59.95524],[11.07661,59.95303],[11.07478,59.95194],[11.0752,59.95024],[11.07435,59.94842],[11.07122,59.94639],[11.07177,59.94545],[11.07111,59.945],[11.07141,59.94282],[11.06818,59.94301],[11.06642,59.94175],[11.0651,59.9417],[11.06259,59.94327],[11.06243,59.94633],[11.06014,59.94654],[11.06054,59.94764],[11.06016,59.94801],[11.05487,59.94854],[11.04668,59.95111],[11.04492,59.95074],[11.04109,59.95145],[11.03926,59.95263],[11.03602,59.95336],[11.03117,59.95556],[11.03135,59.95606],[11.03026,59.95705],[11.02985,59.9588],[11.02918,59.95911],[11.02979,59.96016],[11.02917,59.96186],[11.03276,59.96367],[11.03133,59.96494],[11.03454,59.96592],[11.03447,59.96647],[11.03575,59.96695],[11.03524,59.96791],[11.03611,59.96828],[11.04565,59.96504],[11.0519,59.96373],[11.05212,59.96299],[11.06021,59.96207],[11.06086,59.96133],[11.06201,59.96165],[11.06154,59.96222],[11.06045,59.9622],[11.05984,59.96344],[11.05823,59.96389],[11.05727,59.96508],[11.05588,59.96552],[11.053,59.96779],[11.0505,59.96737],[11.04991,59.96795],[11.048,59.96808],[11.04787,59.96852],[11.04901,59.96834],[11.05051,59.96908],[11.04947,59.96965],[11.04717,59.96905],[11.04919,59.96992],[11.04805,59.97092],[11.04681,59.97093],[11.04483,59.96939],[11.03995,59.97092],[11.03798,59.97036],[11.03756,59.97051],[11.03838,59.97125],[11.03802,59.97172],[11.03495,59.97243],[11.03374,59.97215],[11.03223,59.97293],[11.03053,59.97272],[11.03039,59.97385],[11.02819,59.97431],[11.02833,59.97532],[11.02703,59.97552],[11.02561,59.97472],[11.0265,59.9754],[11.02615,59.9759],[11.02452,59.97557],[11.02243,59.97727],[11.01399,59.97967],[11.0119,59.98151],[11.01052,59.98126],[11.01077,59.98032],[11.00775,59.97955],[11.00824,59.97898],[11.01068,59.97871],[11.00958,59.97726],[11.00677,59.97658],[11.00612,59.97574],[11.00279,59.97503],[11.00367,59.97415],[11.00309,59.97369],[11.00349,59.97329],[11.00712,59.97363],[11.00709,59.97316],[11.00532,59.97273],[11.0062,59.97192],[11.00716,59.97206],[11.00771,59.97285],[11.00925,59.97297],[11.00941,59.97364],[11.01146,59.97356],[11.01049,59.97274],[11.01206,59.97159],[11.01203,59.97052],[11.00757,59.9706],[11.00683,59.97019],[11.00681,59.96793],[11.00789,59.96704],[11.00968,59.96674],[11.00955,59.96464],[11.01073,59.96429],[11.01109,59.9634],[11.01495,59.9621],[11.01845,59.96239],[11.01872,59.96293],[11.01784,59.96341],[11.01821,59.96371],[11.02143,59.96355],[11.02155,59.96246],[11.02314,59.96102],[11.02248,59.95822],[11.01991,59.95837],[11.01929,59.95777],[11.01953,59.95735],[11.02137,59.95692],[11.02527,59.95721],[11.02431,59.95665],[11.0243,59.9557],[11.0279,59.95313],[11.03165,59.95303],[11.03225,59.95282],[11.03172,59.95221],[11.03275,59.95184],[11.03698,59.95225],[11.03626,59.95128],[11.03752,59.95078],[11.03889,59.9511],[11.03867,59.95064],[11.03929,59.94991],[11.04258,59.94988],[11.0408,59.94954],[11.04045,59.94872],[11.03933,59.94848],[11.039,59.94765],[11.03942,59.94729],[11.04105,59.94722],[11.0417,59.94824],[11.04372,59.94805],[11.0456,59.94915],[11.04528,59.94853],[11.04587,59.94787],[11.04791,59.9478],[11.04752,59.94722],[11.04838,59.94678],[11.04977,59.94677],[11.05009,59.94756],[11.05183,59.94722],[11.05345,59.94639],[11.05231,59.94568],[11.0533,59.94458],[11.05618,59.94437],[11.05958,59.94291],[11.06076,59.94184],[11.06122,59.93975],[11.06494,59.93984],[11.06471,59.93893],[11.07059,59.93666],[11.07263,59.93457],[11.07511,59.93357],[11.07675,59.93197],[11.07945,59.93118],[11.07963,59.92934],[11.08046,59.92881],[11.07962,59.92809],[11.07865,59.92785],[11.07725,59.92951],[11.07343,59.9299],[11.06672,59.92828],[11.0656,59.92724],[11.06748,59.92553],[11.06938,59.92579],[11.07016,59.92643],[11.07085,59.92523],[11.07348,59.9256],[11.07238,59.92475],[11.07299,59.92291],[11.07267,59.92187],[11.07465,59.92174],[11.07436,59.92093],[11.07484,59.92044],[11.07799,59.9193],[11.07715,59.91799],[11.08061,59.91684],[11.07964,59.91651],[11.07365,59.9188],[11.07157,59.92007],[11.072,59.92078],[11.07135,59.92113],[11.06852,59.92101],[11.06595,59.91996],[11.06223,59.91992],[11.06087,59.92026],[11.06053,59.92113],[11.06097,59.92165],[11.06053,59.92206],[11.0588,59.92209],[11.05762,59.92132],[11.0568,59.92163],[11.05843,59.92238],[11.05729,59.92328],[11.05829,59.92529],[11.05793,59.92609],[11.06155,59.9278],[11.05885,59.93188],[11.05951,59.93379],[11.05856,59.9343],[11.05634,59.93425],[11.05455,59.9353],[11.05433,59.93599],[11.05215,59.93656],[11.05158,59.93769],[11.0491,59.93896],[11.04933,59.93956],[11.04709,59.9408],[11.04727,59.9419],[11.04601,59.94256],[11.03827,59.9421],[11.03874,59.94321],[11.03779,59.94426],[11.02885,59.94472],[11.02786,59.94406],[11.02792,59.94315],[11.02939,59.94236],[11.02845,59.94192],[11.02722,59.93872],[11.02812,59.93791],[11.02952,59.93764],[11.02945,59.93693],[11.03012,59.9365],[11.03211,59.93719],[11.03166,59.93642],[11.03269,59.9347],[11.03171,59.9327],[11.0321,59.93206],[11.03352,59.93198],[11.03669,59.93509],[11.03915,59.93551],[11.0399,59.93487],[11.03829,59.93392],[11.03827,59.93316],[11.04341,59.93206],[11.04546,59.93089],[11.04534,59.92978],[11.0427,59.92906],[11.03662,59.92943],[11.03273,59.931],[11.03059,59.92984],[11.0261,59.93085],[11.02176,59.92937],[11.02085,59.92995],[11.0178,59.92987],[11.01599,59.93296],[11.01414,59.93379],[11.01589,59.93519],[11.014,59.93558],[11.01348,59.93592],[11.01434,59.93682],[11.01276,59.93716],[11.01241,59.93828],[11.01713,59.93918],[11.01526,59.94077],[11.0143,59.94088],[11.00899,59.93979],[11.00671,59.93826],[11.00249,59.93679],[10.99972,59.93657],[10.99937,59.93463],[11.00076,59.93423],[11.00116,59.93296],[11.00223,59.93247],[11.00141,59.93113],[10.99855,59.93003],[11.00119,59.92901],[11.0009,59.92877],[10.99842,59.9287],[10.99786,59.92767],[10.99493,59.92695],[10.9931,59.92727],[10.97975,59.92165],[10.97951,59.92227],[10.97829,59.92273],[10.97848,59.92334],[10.98145,59.92418],[10.98157,59.92491],[10.9827,59.92522],[10.98142,59.92666],[10.98247,59.92719],[10.9824,59.92776],[10.98607,59.9281],[10.98977,59.92758],[10.99156,59.92957],[10.99002,59.9308],[10.9864,59.9316],[10.98492,59.93052],[10.98299,59.93078],[10.9819,59.92874],[10.98073,59.9298],[10.98179,59.93066],[10.9814,59.93123],[10.97912,59.9312],[10.97737,59.93222],[10.97536,59.93174],[10.97408,59.93332],[10.97111,59.9332],[10.96774,59.93146],[10.96824,59.93024],[10.96749,59.92997],[10.9674,59.92933],[10.96954,59.92809],[10.97128,59.92798],[10.97029,59.92738],[10.96806,59.92735],[10.96751,59.92587],[10.96525,59.92558],[10.96849,59.92159],[10.9715,59.92158],[10.97479,59.92393],[10.97687,59.92137],[10.97836,59.92124],[10.97854,59.92038],[10.98082,59.9196],[10.98039,59.91829],[10.97905,59.91859],[10.97933,59.919],[10.97875,59.91963],[10.97615,59.91965],[10.96931,59.91529],[10.96929,59.91413],[10.9702,59.91336],[10.96994,59.91163],[10.97065,59.91122],[10.97252,59.91171],[10.97325,59.91471],[10.97523,59.91517],[10.97659,59.91476],[10.97677,59.91099],[10.97421,59.91095],[10.97252,59.90979],[10.97184,59.91001],[10.97201,59.9107],[10.97048,59.91121],[10.96174,59.91039],[10.95741,59.90944],[10.95761,59.91132],[10.95566,59.91166],[10.95573,59.9126],[10.95667,59.91304],[10.95584,59.91364],[10.95581,59.91433],[10.95161,59.91546],[10.95086,59.91513],[10.95076,59.9137],[10.94873,59.91319],[10.94844,59.91243],[10.94642,59.91257],[10.94613,59.9111],[10.94469,59.9105],[10.9426,59.91026],[10.94171,59.91107],[10.93655,59.91277],[10.9351,59.91148],[10.92959,59.91139],[10.9285,59.91083],[10.92356,59.91225],[10.92259,59.91182],[10.9233,59.91113],[10.92079,59.91101],[10.91793,59.91005],[10.91724,59.91096],[10.91868,59.91105],[10.91902,59.91179],[10.92042,59.91189],[10.9215,59.91301],[10.92293,59.91305],[10.92441,59.91222],[10.92575,59.91264],[10.925,59.9135],[10.92543,59.91448],[10.92704,59.91497],[10.92711,59.91692],[10.92813,59.91954],[10.92758,59.92036],[10.92873,59.92157],[10.92911,59.92667],[10.92803,59.92697],[10.92426,59.9263],[10.92426,59.92713],[10.92259,59.92729],[10.92377,59.92891],[10.92169,59.92951],[10.92199,59.93034],[10.92137,59.93069],[10.91692,59.92871],[10.913,59.92972],[10.91266,59.93211],[10.91136,59.93353],[10.91351,59.93423],[10.91281,59.93535],[10.91045,59.93535],[10.91011,59.93445],[10.90872,59.93493],[10.90801,59.93564],[10.90826,59.93614],[10.90723,59.93643],[10.9065,59.93604],[10.90714,59.93554],[10.90669,59.93507],[10.90152,59.93503],[10.89973,59.93685],[10.89596,59.93715],[10.89536,59.9368],[10.89526,59.93491],[10.89602,59.93371],[10.89163,59.93386],[10.89166,59.93195],[10.89046,59.93089],[10.88786,59.93309],[10.88611,59.93314],[10.88575,59.93272],[10.88655,59.93178],[10.88633,59.93051],[10.88717,59.92979],[10.88662,59.92859],[10.88017,59.9278],[10.88001,59.92701],[10.88075,59.92654],[10.88023,59.92573],[10.87873,59.92556],[10.8784,59.92461],[10.87916,59.92136],[10.87874,59.92055],[10.8759,59.92118],[10.87272,59.92309],[10.87204,59.9227],[10.87213,59.92171],[10.86464,59.91944],[10.86443,59.91825],[10.86226,59.91776],[10.86286,59.91691],[10.86193,59.91503],[10.86112,59.91468],[10.8612,59.91377],[10.86548,59.90911],[10.86243,59.90969],[10.86135,59.90939],[10.86098,59.90862],[10.8597,59.90912],[10.8589,59.90862],[10.85653,59.90858],[10.85608,59.90823],[10.85631,59.90726],[10.85527,59.90642],[10.85511,59.90552],[10.85293,59.90499],[10.85289,59.90323],[10.85366,59.90192],[10.85304,59.90049],[10.85396,59.90015],[10.85402,59.89866],[10.85478,59.89774],[10.85617,59.89731],[10.85604,59.89604],[10.85669,59.89439],[10.8579,59.8935],[10.85729,59.89232],[10.85803,59.88929],[10.85711,59.88857],[10.85845,59.88808],[10.85793,59.88741],[10.85829,59.88611],[10.85983,59.88518],[10.86094,59.88342],[10.85689,59.88199],[10.8575,59.88076],[10.85521,59.8801],[10.85569,59.87821],[10.85203,59.87688],[10.85045,59.87685],[10.84996,59.87597],[10.84868,59.87573],[10.84552,59.87731],[10.84519,59.87811],[10.84322,59.878],[10.84468,59.877],[10.84569,59.87508],[10.8484,59.87414],[10.84856,59.8732],[10.85173,59.87281],[10.85057,59.8725],[10.84936,59.87015],[10.84841,59.86949],[10.84622,59.8701],[10.84609,59.86936],[10.84416,59.86805],[10.84455,59.86746],[10.84398,59.86603],[10.84502,59.86569],[10.84524,59.86493],[10.84366,59.86439],[10.8435,59.86299],[10.84109,59.86213],[10.83944,59.86272],[10.83641,59.86238],[10.83408,59.86303],[10.83315,59.86237],[10.83202,59.86256],[10.83326,59.86319],[10.83262,59.86414],[10.83315,59.86491],[10.83145,59.86577],[10.83084,59.86813],[10.82897,59.87044],[10.83041,59.87117],[10.8294,59.87146],[10.82813,59.87099],[10.82591,59.87291],[10.82867,59.87387],[10.82838,59.87456],[10.82566,59.87589],[10.82608,59.87829],[10.82488,59.87892],[10.81963,59.87891],[10.81903,59.87949],[10.82032,59.87987],[10.82041,59.88039],[10.81659,59.88319],[10.81442,59.88323],[10.8141,59.88274],[10.8147,59.88211],[10.81336,59.88088],[10.81317,59.8799],[10.8145,59.87864],[10.81675,59.87833],[10.81727,59.87754],[10.81896,59.87774],[10.81898,59.87679],[10.82087,59.87647],[10.82234,59.87476],[10.8223,59.87362],[10.82055,59.87252],[10.82119,59.87099],[10.82305,59.8709],[10.82563,59.86945],[10.82732,59.86976],[10.82798,59.86936],[10.82743,59.86889],[10.82801,59.86832],[10.82827,59.86658],[10.82747,59.86608],[10.82745,59.86447],[10.82691,59.8638],[10.82567,59.86469],[10.82383,59.865],[10.82219,59.86456],[10.82171,59.86362],[10.81923,59.86339],[10.8181,59.86511],[10.81648,59.86516],[10.81607,59.86472],[10.81748,59.86214],[10.82041,59.86159],[10.83033,59.86232],[10.83001,59.8613],[10.83098,59.86081],[10.82762,59.85993],[10.82735,59.85898],[10.82812,59.85776],[10.83027,59.85764],[10.83012,59.85684],[10.83165,59.8548],[10.83185,59.85324],[10.82959,59.85233],[10.82916,59.85161],[10.82758,59.85203],[10.82669,59.85136],[10.82801,59.85005],[10.83028,59.84973],[10.83489,59.85064],[10.83557,59.84869],[10.83366,59.84866],[10.83328,59.84822],[10.83361,59.84745],[10.83284,59.84696],[10.83368,59.84646],[10.83624,59.84676],[10.83627,59.84637],[10.83461,59.84613],[10.8349,59.84486],[10.83404,59.84471],[10.8336,59.84629],[10.8312,59.8468],[10.83043,59.84627],[10.83349,59.84241],[10.83787,59.8415],[10.83877,59.84044],[10.83823,59.83952],[10.83901,59.83885],[10.83856,59.83783],[10.8357,59.83896],[10.83577,59.83939],[10.83315,59.84158],[10.83176,59.84123],[10.83148,59.83989],[10.83027,59.84013],[10.82619,59.84368],[10.82448,59.84375],[10.8239,59.84625],[10.82245,59.84743],[10.8205,59.84703],[10.82004,59.84639],[10.82059,59.84526],[10.81935,59.84509],[10.81514,59.84698],[10.81331,59.84706],[10.8116,59.84787],[10.80878,59.84769],[10.80982,59.84816],[10.80955,59.84894],[10.811,59.84908],[10.81154,59.84986],[10.81357,59.84988],[10.81481,59.84915],[10.81958,59.84905],[10.82138,59.84796],[10.82393,59.84911],[10.82335,59.85007],[10.82546,59.84983],[10.82723,59.85033],[10.82679,59.85099],[10.82524,59.85083],[10.82487,59.85143],[10.82364,59.85158],[10.8228,59.85257],[10.82149,59.85256],[10.81946,59.85506],[10.82024,59.8563],[10.81981,59.85675],[10.81683,59.85675],[10.81628,59.85554],[10.81674,59.85434],[10.81856,59.85278],[10.81599,59.85155],[10.8164,59.85078],[10.81477,59.85151],[10.81253,59.85125],[10.81158,59.85181],[10.80919,59.85191],[10.80466,59.85037],[10.80449,59.84934],[10.80621,59.84848],[10.80555,59.84757],[10.8081,59.84691],[10.80866,59.84598],[10.8104,59.84608],[10.811,59.84676],[10.81261,59.84638],[10.81769,59.84359],[10.82572,59.84094],[10.82411,59.84029],[10.8189,59.84064],[10.81821,59.84199],[10.81402,59.84286],[10.81315,59.84247],[10.81356,59.84131],[10.81174,59.84082],[10.81169,59.83926],[10.81427,59.83847],[10.81486,59.83536],[10.8161,59.83501],[10.81642,59.83376],[10.81647,59.83198],[10.81555,59.83156],[10.81614,59.83078],[10.81353,59.83016],[10.81392,59.82532],[10.81523,59.82046],[10.81678,59.81802],[10.81945,59.81784],[10.81965,59.81703],[10.82183,59.81556],[10.8218,59.81411],[10.82265,59.81386],[10.82269,59.81198],[10.82211,59.8115],[10.82277,59.81099],[10.82274,59.80917],[10.82234,59.80809],[10.82029,59.8072],[10.82031,59.80631],[10.82113,59.80594],[10.82339,59.80627],[10.82497,59.8034],[10.82464,59.80269],[10.82523,59.8017],[10.8275,59.80135],[10.82746,59.80017],[10.82864,59.79958],[10.82656,59.79843],[10.82735,59.79614],[10.82715,59.79481],[10.82471,59.79453],[10.82387,59.79319],[10.82173,59.79306],[10.82184,59.79182],[10.82011,59.79091],[10.81793,59.79118],[10.81769,59.79064],[10.8192,59.78984],[10.81766,59.78954],[10.81727,59.78854],[10.81463,59.78714],[10.81028,59.78707],[10.80979,59.78955],[10.80782,59.7922],[10.80654,59.79234],[10.80552,59.79142],[10.80511,59.79191],[10.80559,59.79254],[10.80423,59.79453],[10.8021,59.79464],[10.80283,59.79547],[10.80184,59.79596],[10.8014,59.79774],[10.80086,59.79804],[10.80133,59.79951],[10.80079,59.80287],[10.80184,59.80414],[10.8042,59.80514],[10.80466,59.807],[10.80426,59.80748],[10.80274,59.80756],[10.80024,59.80529],[10.79852,59.80635],[10.79775,59.80613],[10.79712,59.80504],[10.79381,59.80507],[10.79219,59.80264],[10.78158,59.80274],[10.78088,59.80281],[10.77814,59.80537],[10.78042,59.80689],[10.78005,59.80951],[10.7784,59.80978],[10.77773,59.8091],[10.77528,59.81027],[10.77771,59.81099],[10.77738,59.81218],[10.77659,59.8126],[10.7771,59.81387],[10.7754,59.81578],[10.77584,59.81718],[10.77529,59.81802],[10.77624,59.81837],[10.77616,59.81975],[10.77697,59.82056],[10.77604,59.82114],[10.77628,59.82198],[10.778,59.82254],[10.77982,59.8242],[10.77823,59.82561],[10.77925,59.82568],[10.78179,59.82386],[10.78159,59.82321],[10.7836,59.82258],[10.7846,59.82161],[10.78492,59.81952],[10.78585,59.81851],[10.78706,59.8184],[10.78848,59.81926],[10.78799,59.82101],[10.78657,59.82128],[10.7855,59.82272],[10.78755,59.82316],[10.78773,59.82376],[10.78267,59.82506],[10.78196,59.82626],[10.78034,59.82636],[10.7793,59.82792],[10.77947,59.82879],[10.78106,59.82934],[10.78056,59.82991],[10.78168,59.83106],[10.78101,59.83197],[10.78164,59.83397],[10.78139,59.83501],[10.78526,59.83483],[10.7866,59.8356],[10.78602,59.83611],[10.7841,59.83622],[10.78211,59.83805],[10.78287,59.83891],[10.78648,59.83936],[10.78983,59.84087],[10.78947,59.84158],[10.78778,59.84177],[10.78781,59.84255],[10.78979,59.84182],[10.7931,59.84248],[10.79313,59.84298],[10.79228,59.84327],[10.79259,59.84533],[10.79409,59.84554],[10.79452,59.84645],[10.796,59.84696],[10.79605,59.84814],[10.79768,59.84853],[10.79933,59.84978],[10.79785,59.85027],[10.79174,59.84951],[10.79192,59.84824],[10.79345,59.84784],[10.79271,59.84721],[10.79101,59.84734],[10.78908,59.84568],[10.78531,59.8447],[10.78308,59.84313],[10.78342,59.84261],[10.78564,59.84216],[10.78568,59.8412],[10.78255,59.8403],[10.78047,59.84155],[10.77719,59.842],[10.77607,59.84281],[10.77632,59.8437],[10.77521,59.84458],[10.77649,59.84627],[10.77644,59.84704],[10.77792,59.84848],[10.78109,59.85],[10.78149,59.85065],[10.78096,59.85186],[10.78253,59.85328],[10.78294,59.85409],[10.78236,59.85457],[10.78256,59.85524],[10.78413,59.85684],[10.78341,59.85851],[10.78464,59.85972],[10.78381,59.86051],[10.78422,59.86049],[10.7844,59.86144],[10.7832,59.86186],[10.78315,59.86336],[10.78203,59.86528],[10.78366,59.86746],[10.78263,59.86915],[10.78287,59.86964],[10.78117,59.87113],[10.7799,59.87121],[10.77834,59.87399],[10.77473,59.87751],[10.76603,59.87729],[10.76539,59.87775],[10.76574,59.87935],[10.76496,59.87919],[10.76529,59.8802],[10.76378,59.88097],[10.76687,59.88359],[10.76507,59.88629],[10.76437,59.88615],[10.76335,59.88379],[10.7621,59.88359],[10.76125,59.88379],[10.76195,59.88744],[10.75659,59.88656],[10.74554,59.88559],[10.74482,59.88591],[10.74448,59.88714],[10.74625,59.88753],[10.7465,59.88719],[10.74558,59.88686],[10.74586,59.88645],[10.7475,59.88657],[10.74826,59.88679],[10.74788,59.8875],[10.74957,59.8881],[10.75783,59.89014],[10.75858,59.89152],[10.75756,59.89266],[10.75573,59.89225],[10.75338,59.89432],[10.75559,59.89597],[10.75287,59.89564],[10.75192,59.89606],[10.75276,59.89701],[10.75229,59.89719],[10.756,59.90015],[10.75783,59.90239],[10.75568,59.90305],[10.75647,59.90248],[10.75372,59.90179],[10.7542,59.90152],[10.75225,59.90055],[10.74956,59.90138],[10.75232,59.90255],[10.75307,59.90227],[10.75246,59.90261],[10.75423,59.90342],[10.75548,59.90312],[10.75468,59.90361],[10.75827,59.90512],[10.75796,59.90598],[10.75949,59.90613],[10.75703,59.90628],[10.75678,59.9067],[10.75528,59.90528],[10.75463,59.90535],[10.75562,59.90736],[10.75529,59.90759],[10.75323,59.9047],[10.7519,59.90485],[10.75236,59.90551],[10.75367,59.90525],[10.75391,59.90564],[10.75254,59.90591],[10.75263,59.90692],[10.75058,59.90742],[10.75108,59.90831],[10.75263,59.90815],[10.75031,59.90871],[10.74683,59.90684],[10.74704,59.90638],[10.74528,59.90462],[10.74502,59.90347],[10.7435,59.90366],[10.74435,59.90227],[10.74366,59.90168],[10.74281,59.90274],[10.74192,59.90159],[10.74087,59.90169],[10.74104,59.90225],[10.74039,59.90208],[10.73714,59.90507],[10.7358,59.90522],[10.73428,59.90782],[10.73292,59.90756],[10.73281,59.90792],[10.73442,59.90829],[10.73437,59.91007],[10.73341,59.90961],[10.73399,59.9105],[10.73344,59.91061],[10.7323,59.90944],[10.73316,59.91067],[10.73211,59.91088],[10.73085,59.90974],[10.73177,59.91093],[10.73132,59.91102],[10.73045,59.91023],[10.73001,59.91079],[10.7259,59.90893],[10.72637,59.90817],[10.72559,59.90879],[10.72425,59.90829],[10.72336,59.91001],[10.72387,59.90818],[10.72309,59.90733],[10.72086,59.90833],[10.72242,59.90938],[10.71168,59.90606],[10.71186,59.90543],[10.71093,59.90508],[10.70989,59.90559],[10.70913,59.90687],[10.70917,59.90826],[10.70849,59.90816],[10.70902,59.90969],[10.70719,59.90984],[10.70717,59.91026],[10.70381,59.91028],[10.70435,59.91047],[10.7005,59.91305],[10.701,59.91372],[10.69988,59.91437],[10.6986,59.91421],[10.69746,59.91545],[10.69312,59.91549],[10.68977,59.91779],[10.68779,59.91729],[10.68765,59.91657],[10.6865,59.91692],[10.68558,59.91648],[10.68556,59.91723],[10.68458,59.9175],[10.6805,59.91643],[10.67844,59.91723],[10.67909,59.91808],[10.67817,59.91862],[10.6765,59.91816],[10.67586,59.91698],[10.67416,59.91677],[10.67374,59.91709],[10.67568,59.91803],[10.67517,59.91874],[10.67566,59.91906],[10.67472,59.91891],[10.67305,59.91998],[10.66483,59.91715],[10.66274,59.91733],[10.66057,59.91669],[10.65736,59.91448],[10.65665,59.9147],[10.65664,59.91545],[10.65532,59.91547],[10.65497,59.91507],[10.65566,59.91458],[10.6554,59.9143],[10.65166,59.91393],[10.65088,59.91266],[10.64679,59.9126],[10.64523,59.91216],[10.64601,59.91188],[10.64288,59.91169],[10.64339,59.91093],[10.6408,59.91286],[10.6417,59.91137],[10.64133,59.91103],[10.64289,59.90961],[10.6423,59.9091],[10.64223,59.90778],[10.64016,59.90819],[10.63846,59.90685],[10.63858,59.90602],[10.63969,59.90563],[10.64016,59.90606],[10.64054,59.90533],[10.63917,59.90453],[10.63689,59.90436],[10.63634,59.90335],[10.63403,59.90334],[10.63397,59.90262],[10.6332,59.90225],[10.63037,59.90231],[10.62818,59.90141],[10.62895,59.90086],[10.63112,59.90093],[10.63275,59.90009],[10.6326,59.8993],[10.6333,59.89876],[10.63337,59.89779],[10.63288,59.89565],[10.6338,59.8952],[10.633,59.89466],[10.63428,59.89419],[10.63006,59.89209],[10.63437,59.89209],[10.63468,59.89181],[10.63243,59.89104],[10.6329,59.89027],[10.63422,59.88981],[10.63135,59.88753],[10.63161,59.88696],[10.62706,59.88609],[10.62736,59.88565],[10.62651,59.88486],[10.6234,59.88401],[10.61941,59.88441],[10.61568,59.88298],[10.61483,59.88206],[10.61537,59.88154],[10.61486,59.8808],[10.61142,59.87942],[10.61232,59.8791],[10.61667,59.87979],[10.62714,59.88327],[10.62836,59.88276],[10.62531,59.88137],[10.6256,59.88069],[10.62475,59.87925],[10.6218,59.87938],[10.62025,59.8776],[10.61918,59.87779],[10.61355,59.87638],[10.61186,59.87681],[10.61234,59.87748],[10.60938,59.87706],[10.60645,59.876],[10.60668,59.8746],[10.60195,59.87453],[10.6019,59.87576],[10.60256,59.87645],[10.6015,59.87688],[10.60209,59.8774],[10.60197,59.87841],[10.60171,59.87904],[10.60081,59.87925],[10.60067,59.88063],[10.61431,59.88504],[10.6149,59.88448],[10.61725,59.88428],[10.61889,59.88605],[10.61781,59.88661],[10.6136,59.88654],[10.61269,59.88549],[10.6102,59.88459],[10.60818,59.88452],[10.60532,59.88309],[10.60086,59.88238],[10.59933,59.88145],[10.59678,59.88112],[10.59656,59.88152],[10.59742,59.88249],[10.59693,59.88354],[10.60486,59.88533],[10.60645,59.8859],[10.60679,59.88672],[10.61395,59.88834],[10.61586,59.88951],[10.61566,59.89071],[10.61715,59.89165],[10.615,59.89317],[10.61388,59.89302],[10.61316,59.89192],[10.61103,59.89191],[10.60696,59.89073],[10.60583,59.89065],[10.60367,59.89217],[10.60379,59.89263],[10.6104,59.89537],[10.60726,59.89735],[10.60395,59.89679],[10.60369,59.89601],[10.60172,59.89626],[10.59925,59.8954],[10.59719,59.89536],[10.59661,59.89583],[10.60705,59.89874],[10.60811,59.89941],[10.60833,59.90049],[10.61057,59.90097],[10.61095,59.90166],[10.6125,59.90116],[10.61366,59.90151],[10.61388,59.90239],[10.61339,59.90286],[10.61386,59.90335],[10.61274,59.90397],[10.60918,59.90357],[10.60811,59.90274],[10.59618,59.89988],[10.58487,59.89372],[10.58255,59.89307],[10.57942,59.89312],[10.5732,59.89077],[10.57138,59.89057],[10.57111,59.88962],[10.56906,59.88908],[10.56966,59.8881],[10.5681,59.88781],[10.56606,59.88817],[10.5621,59.88709],[10.56025,59.88758],[10.56075,59.88824],[10.56015,59.88881],[10.56069,59.88935],[10.56352,59.88999],[10.56498,59.89114],[10.56737,59.89102],[10.5677,59.89145],[10.56723,59.89201],[10.56465,59.89271],[10.5605,59.89129],[10.55941,59.8917],[10.55761,59.8912],[10.55624,59.89198],[10.5529,59.89143],[10.55128,59.89295],[10.55156,59.89364],[10.54921,59.89495],[10.54769,59.89492],[10.547,59.89448],[10.54784,59.89371],[10.54697,59.89285],[10.54807,59.89196],[10.54571,59.89135],[10.5447,59.89159],[10.5455,59.89189],[10.54558,59.89275],[10.54462,59.89332],[10.54208,59.89256],[10.54416,59.89166],[10.54031,59.89188],[10.53843,59.89259],[10.52749,59.89084],[10.5271,59.89042],[10.52764,59.88992],[10.53407,59.88813],[10.53219,59.88692],[10.53246,59.88607],[10.52908,59.88777],[10.52781,59.88699],[10.52808,59.88629],[10.52694,59.88548],[10.52284,59.88547],[10.52191,59.8846],[10.52,59.88555],[10.5176,59.88545],[10.5166,59.88445],[10.51852,59.88361],[10.51869,59.88223],[10.52011,59.88174],[10.51577,59.87956],[10.51282,59.87957],[10.51489,59.88186],[10.51278,59.88214],[10.51063,59.88001],[10.51125,59.87942],[10.50975,59.87854],[10.50648,59.87862],[10.50475,59.87771],[10.50553,59.87702],[10.50357,59.87688],[10.50421,59.87587],[10.5064,59.87501],[10.50694,59.87372],[10.50652,59.87308],[10.50709,59.87181],[10.5049,59.87003],[10.50632,59.86938],[10.50486,59.86821],[10.50585,59.86778],[10.50849,59.86819],[10.50892,59.86742],[10.5083,59.86636],[10.50838,59.86533],[10.50895,59.8652],[10.50577,59.86251],[10.50637,59.86225],[10.50568,59.8615],[10.50965,59.86174],[10.51077,59.86031],[10.50753,59.85796],[10.50131,59.85652],[10.49787,59.85702],[10.49702,59.85789],[10.49406,59.85902],[10.49573,59.85805],[10.49441,59.85758],[10.49538,59.85679],[10.49474,59.8567],[10.49354,59.85506],[10.49644,59.85493],[10.49464,59.8541],[10.49595,59.85271],[10.49704,59.85265],[10.49566,59.85122],[10.49705,59.85115],[10.49271,59.85019],[10.49321,59.85091],[10.49218,59.85279],[10.49281,59.85338],[10.49076,59.85433],[10.48749,59.85352],[10.4874,59.85262],[10.48592,59.85209],[10.48515,59.85271],[10.48333,59.85268],[10.48211,59.8533],[10.47947,59.85238],[10.47934,59.85192],[10.48009,59.85156],[10.47876,59.85145],[10.47831,59.85079],[10.4747,59.85183],[10.46859,59.84953],[10.46659,59.84953],[10.46596,59.84893],[10.46625,59.84849],[10.47069,59.84815],[10.47189,59.84869],[10.47083,59.84948],[10.47199,59.84925],[10.47563,59.85027],[10.4765,59.84985],[10.47625,59.84887],[10.47973,59.84778],[10.47984,59.84665],[10.482,59.84635],[10.4835,59.84533],[10.48794,59.84712],[10.48801,59.84766],[10.49003,59.84874],[10.49309,59.8497],[10.49493,59.84974],[10.49655,59.84837],[10.49741,59.84847],[10.4974,59.8478],[10.49475,59.84578],[10.4936,59.8461],[10.49336,59.84709],[10.49208,59.84735],[10.48618,59.84487],[10.4834,59.84475],[10.48282,59.8438],[10.48345,59.84338],[10.48549,59.84361],[10.48653,59.84439],[10.48816,59.8438],[10.48526,59.84334],[10.48401,59.84235],[10.48114,59.84259],[10.48099,59.84155],[10.47972,59.84082],[10.47644,59.84024],[10.47647,59.83973],[10.47754,59.83944],[10.47631,59.83867],[10.47257,59.83785],[10.46707,59.83852],[10.46606,59.8381],[10.46674,59.83743],[10.46642,59.83712],[10.4635,59.83729],[10.46199,59.83645],[10.46225,59.83596],[10.46127,59.83527],[10.46158,59.83476],[10.46104,59.83387],[10.45912,59.83383],[10.45782,59.83303],[10.45888,59.83209],[10.4609,59.8324],[10.46666,59.83455],[10.464,59.83563],[10.46979,59.83659],[10.47003,59.83497],[10.47288,59.8342],[10.47549,59.83535],[10.47607,59.83508],[10.4727,59.83336],[10.47323,59.83297],[10.47133,59.83227],[10.47182,59.83128],[10.47423,59.83039],[10.47667,59.83106],[10.47833,59.83034],[10.4804,59.8308],[10.48587,59.82802],[10.48507,59.82706],[10.48545,59.82618],[10.48364,59.8247],[10.47718,59.82197],[10.4767,59.82127],[10.47454,59.82108],[10.47161,59.81975],[10.47148,59.81931],[10.4723,59.81877],[10.47481,59.81907],[10.4723,59.81825],[10.47172,59.81705],[10.47402,59.81643],[10.48022,59.81786],[10.48196,59.81873],[10.48387,59.81871],[10.48292,59.81797],[10.48556,59.81732],[10.48558,59.8168],[10.48128,59.81478],[10.48078,59.81356],[10.4819,59.81328],[10.48503,59.81445],[10.4869,59.81449],[10.48645,59.81386],[10.48783,59.81326],[10.48668,59.81264],[10.48781,59.81144],[10.48447,59.80969],[10.48643,59.80978],[10.48548,59.80874],[10.48603,59.80882],[10.48618,59.80802],[10.48748,59.80728],[10.49089,59.80727],[10.49212,59.80815],[10.49214,59.80709],[10.4927,59.80682],[10.4922,59.80604],[10.48801,59.8057],[10.48799,59.80498],[10.4891,59.80433],[10.48855,59.80368],[10.49237,59.80285],[10.49511,59.80287],[10.49614,59.80186],[10.49826,59.80188],[10.49621,59.80125],[10.49463,59.80171],[10.4933,59.80113],[10.49299,59.80176],[10.49192,59.8019],[10.49073,59.80136],[10.49144,59.80038],[10.49278,59.80013],[10.49321,59.79972],[10.49282,59.79914],[10.49414,59.79853],[10.49871,59.79983],[10.49863,59.80088],[10.5011,59.80075],[10.50063,59.79968],[10.49716,59.79847],[10.4978,59.7975],[10.49689,59.79713],[10.49673,59.79608],[10.49408,59.79552],[10.49418,59.79445],[10.4914,59.79367],[10.48984,59.79391],[10.4899,59.79271],[10.49255,59.79222],[10.49229,59.79132],[10.49324,59.79094],[10.4978,59.79175],[10.49785,59.79308],[10.49997,59.79371],[10.5026,59.79335],[10.50057,59.79281],[10.50071,59.79187],[10.50226,59.79227],[10.50093,59.79174],[10.50103,59.79108],[10.4984,59.78986],[10.49869,59.78925],[10.4962,59.78778],[10.49627,59.78677],[10.49735,59.78596],[10.49979,59.78556],[10.4997,59.78371],[10.4978,59.78228],[10.49888,59.78179],[10.50109,59.78307],[10.50194,59.78264],[10.50102,59.77929],[10.49845,59.77898],[10.49732,59.77786],[10.49746,59.77708],[10.49929,59.77675],[10.49965,59.77569],[10.49809,59.77349],[10.49422,59.7714],[10.49368,59.77152],[10.49404,59.77239],[10.49368,59.77289],[10.49166,59.77301],[10.49149,59.77189],[10.48948,59.771],[10.49134,59.76845],[10.48978,59.76815],[10.48785,59.7667],[10.48784,59.76582],[10.48712,59.76541],[10.48341,59.76551],[10.48194,59.76493],[10.48186,59.76446],[10.48298,59.76374],[10.48237,59.76333],[10.48268,59.76293],[10.48533,59.76347],[10.48645,59.76285],[10.48525,59.76185],[10.48374,59.76156],[10.48495,59.75993],[10.48171,59.76124],[10.47909,59.76013],[10.47936,59.75937],[10.47859,59.7591],[10.47791,59.76008],[10.47536,59.76088],[10.46894,59.75738],[10.46741,59.75727],[10.46604,59.75538],[10.46425,59.7553],[10.4641,59.75407],[10.46681,59.75311],[10.46596,59.75259],[10.46646,59.7515],[10.46528,59.75039],[10.46179,59.7505],[10.46192,59.7516],[10.46329,59.75203],[10.46315,59.75318],[10.4612,59.75409],[10.45927,59.75416],[10.45882,59.75568],[10.45618,59.7567],[10.45612,59.75734],[10.45777,59.75806],[10.45715,59.75885],[10.45506,59.75849],[10.4523,59.75904],[10.45133,59.75792],[10.4501,59.75814],[10.45059,59.75885],[10.44903,59.75926],[10.44889,59.75973],[10.44955,59.76026],[10.44943,59.76232],[10.45168,59.76288],[10.45435,59.76209],[10.45997,59.76397],[10.46156,59.76521],[10.4591,59.76659],[10.46216,59.76723],[10.46122,59.76568],[10.46258,59.76501],[10.46152,59.76363],[10.46539,59.76365],[10.46634,59.7647],[10.4693,59.76579],[10.46893,59.76637],[10.47177,59.76873],[10.47126,59.7694],[10.47394,59.77139],[10.47396,59.77227],[10.4774,59.7738],[10.47776,59.77469],[10.47679,59.77507],[10.47805,59.77606],[10.47752,59.77817],[10.47872,59.77866],[10.4816,59.7781],[10.4866,59.77918],[10.48814,59.78013],[10.48709,59.78143],[10.48504,59.78124],[10.48547,59.7821],[10.48513,59.78252],[10.48679,59.78342],[10.48574,59.78395],[10.47978,59.78207],[10.4787,59.78304],[10.47609,59.78266],[10.47362,59.78343],[10.46899,59.78197],[10.46764,59.78086],[10.46156,59.78038],[10.45989,59.77897],[10.45917,59.77939],[10.45982,59.78104],[10.46286,59.78267],[10.46295,59.78318],[10.46401,59.78339],[10.46639,59.78228],[10.4685,59.78307],[10.46844,59.7839],[10.46942,59.78437],[10.46859,59.78574],[10.4701,59.78608],[10.47004,59.78703],[10.47194,59.78781],[10.4717,59.78886],[10.48069,59.79151],[10.48075,59.79203],[10.47919,59.79215],[10.47849,59.79324],[10.48287,59.79461],[10.48273,59.79524],[10.48396,59.79594],[10.48285,59.79687],[10.48452,59.79712],[10.48551,59.79885],[10.48336,59.79971],[10.48139,59.79958],[10.48004,59.8004],[10.48347,59.80223],[10.48253,59.8042],[10.48126,59.80413],[10.47874,59.8024],[10.47516,59.80211],[10.47478,59.80122],[10.47217,59.80208],[10.47067,59.80135],[10.46625,59.80093],[10.46442,59.80161],[10.46651,59.80255],[10.46696,59.80335],[10.46382,59.80436],[10.46603,59.80514],[10.46544,59.80623],[10.46205,59.80649],[10.45841,59.80603],[10.45805,59.80641],[10.46002,59.80643],[10.46064,59.80744],[10.46194,59.80778],[10.46733,59.80857],[10.47021,59.81025],[10.47287,59.81018],[10.47333,59.81063],[10.47273,59.81125],[10.46797,59.81101],[10.46511,59.80994],[10.46441,59.81077],[10.46177,59.81041],[10.46072,59.81095],[10.45819,59.81079],[10.45579,59.80971],[10.44894,59.80907],[10.44703,59.80756],[10.44711,59.80712],[10.4444,59.80617],[10.44415,59.80505],[10.4434,59.80502],[10.44021,59.80668],[10.43947,59.80827],[10.43995,59.80869],[10.43953,59.81],[10.43801,59.81059],[10.43891,59.81169],[10.43902,59.81401],[10.4433,59.81653],[10.44755,59.81614],[10.44601,59.81529],[10.44605,59.81464],[10.44686,59.81432],[10.45565,59.8154],[10.45657,59.81504],[10.45521,59.81363],[10.45795,59.81287],[10.45978,59.81345],[10.46038,59.81419],[10.45956,59.81555],[10.46062,59.81599],[10.4628,59.81565],[10.46532,59.81689],[10.46522,59.81751],[10.46263,59.81793],[10.46201,59.81869],[10.45977,59.81855],[10.45504,59.81638],[10.45419,59.81684],[10.45621,59.81755],[10.45745,59.81876],[10.45648,59.81902],[10.44849,59.81788],[10.4482,59.81842],[10.44946,59.81931],[10.44827,59.82],[10.44516,59.81913],[10.44318,59.8195],[10.44154,59.81847],[10.44231,59.81775],[10.44125,59.81717],[10.43952,59.81763],[10.43847,59.81673],[10.43763,59.81676],[10.43661,59.81766],[10.43655,59.81917],[10.43458,59.82095],[10.4355,59.82187],[10.43525,59.82255],[10.43407,59.82285],[10.43452,59.82339],[10.43356,59.82529],[10.43412,59.82635],[10.4322,59.82724],[10.43064,59.82672],[10.43097,59.82573],[10.42987,59.82302],[10.43034,59.82132],[10.43183,59.82032],[10.43301,59.82033],[10.43383,59.81776],[10.43297,59.81754],[10.43271,59.81687],[10.43447,59.81612],[10.43465,59.81515],[10.43258,59.81342],[10.43374,59.81261],[10.43361,59.81165],[10.43092,59.81094],[10.42977,59.81133],[10.42958,59.81253],[10.42743,59.81324],[10.424,59.81547],[10.42425,59.81767],[10.42383,59.81815],[10.41546,59.82022],[10.41479,59.82071],[10.41526,59.82174],[10.41476,59.82211],[10.41149,59.82181],[10.41308,59.82279],[10.41328,59.82365],[10.41252,59.82435],[10.41336,59.82481],[10.41284,59.82546],[10.41308,59.82644],[10.41559,59.8258],[10.41723,59.82685],[10.41378,59.82799],[10.41116,59.82812],[10.40787,59.82646],[10.40773,59.82595],[10.40889,59.82521],[10.40591,59.82452],[10.40274,59.82508],[10.39889,59.82417],[10.39847,59.82223],[10.39788,59.82187],[10.38929,59.81891],[10.38478,59.81873],[10.38431,59.81821],[10.38511,59.81688],[10.38119,59.81629],[10.38025,59.81517],[10.37741,59.81535],[10.37438,59.81807],[10.37273,59.81842],[10.37856,59.82022],[10.37845,59.82127],[10.3765,59.82142],[10.36884,59.81972],[10.36693,59.81867],[10.36837,59.81786],[10.36675,59.81754],[10.3656,59.81613],[10.36476,59.81178],[10.36549,59.80985],[10.36376,59.8101],[10.36289,59.80935],[10.36003,59.80888],[10.35842,59.80956],[10.35923,59.81049],[10.3569,59.81327],[10.35719,59.81534],[10.35646,59.81665],[10.35472,59.81723],[10.3529,59.81882],[10.35472,59.81892]],[[10.81466,59.88767],[10.81683,59.88601],[10.8189,59.88539],[10.8239,59.88655],[10.82561,59.88591],[10.8268,59.88425],[10.82837,59.88379],[10.82888,59.88241],[10.83124,59.88026],[10.83092,59.87986],[10.8317,59.87902],[10.83351,59.87893],[10.83308,59.87764],[10.83114,59.87726],[10.83212,59.87621],[10.83067,59.87582],[10.83123,59.87444],[10.83203,59.874],[10.83392,59.87431],[10.83432,59.8755],[10.83395,59.87643],[10.83723,59.87696],[10.83749,59.88115],[10.83682,59.88203],[10.83871,59.88178],[10.8399,59.88316],[10.83952,59.88515],[10.83796,59.88516],[10.83749,59.88362],[10.83599,59.88397],[10.8357,59.88629],[10.83345,59.88618],[10.83318,59.88712],[10.83204,59.88734],[10.83194,59.88808],[10.83547,59.88846],[10.83319,59.8931],[10.83439,59.89402],[10.83552,59.89413],[10.83597,59.89488],[10.83545,59.89559],[10.83309,59.8962],[10.83267,59.89785],[10.82829,59.89971],[10.8234,59.89798],[10.82548,59.8963],[10.82693,59.89635],[10.8272,59.89548],[10.82623,59.89343],[10.82288,59.89287],[10.82304,59.89056],[10.82089,59.89032],[10.82075,59.8892],[10.81879,59.88958],[10.81485,59.88836],[10.81466,59.88767]],[[10.47574,59.91595],[10.47558,59.91451],[10.47636,59.9137],[10.47586,59.9132],[10.47697,59.91274],[10.47717,59.91114],[10.47558,59.90969],[10.47872,59.90911],[10.4814,59.90776],[10.4817,59.90674],[10.4825,59.90639],[10.48199,59.90599],[10.48226,59.90519],[10.4852,59.90459],[10.48729,59.90555],[10.48528,59.90654],[10.48583,59.90819],[10.48403,59.90861],[10.4861,59.91102],[10.48383,59.91218],[10.48699,59.91261],[10.4868,59.91076],[10.48874,59.91036],[10.49002,59.91205],[10.48964,59.91261],[10.49204,59.91301],[10.4928,59.9137],[10.49469,59.91281],[10.49922,59.91324],[10.5004,59.91479],[10.49872,59.91606],[10.49712,59.91554],[10.49696,59.91476],[10.49571,59.91499],[10.49677,59.91625],[10.49788,59.91634],[10.4982,59.9169],[10.49679,59.91799],[10.49335,59.91821],[10.49289,59.91899],[10.49116,59.91982],[10.48936,59.9197],[10.48894,59.91894],[10.48748,59.91849],[10.485,59.91894],[10.48723,59.92081],[10.48465,59.9225],[10.48237,59.92306],[10.48141,59.92273],[10.48144,59.92129],[10.48016,59.9217],[10.47923,59.92139],[10.48044,59.92017],[10.48002,59.91798],[10.47943,59.91753],[10.47813,59.91835],[10.4757,59.91792],[10.47487,59.91702],[10.47504,59.91624],[10.47574,59.91595]],[[10.75111,59.90118],[10.75013,59.90141],[10.75121,59.90082],[10.75111,59.90118]],[[10.76049,59.90592],[10.75973,59.90593],[10.76049,59.90592]],[[10.75826,59.90623],[10.75855,59.90648],[10.7574,59.90653],[10.75826,59.90623]],[[10.75566,59.90805],[10.75578,59.90768],[10.75566,59.90805]],[[10.75643,59.90875],[10.75609,59.90852],[10.75643,59.90875]]],[[[10.69445,59.89936],[10.69648,59.89987],[10.6961,59.89928],[10.69374,59.89858],[10.69287,59.89903],[10.69445,59.89936]]],[[[10.66997,59.89781],[10.6698,59.89824],[10.67168,59.89821],[10.67294,59.89881],[10.67262,59.90145],[10.67142,59.90405],[10.67555,59.90467],[10.67308,59.90583],[10.68074,59.90669],[10.68167,59.90725],[10.68202,59.90838],[10.6847,59.90972],[10.68524,59.90965],[10.68445,59.909],[10.68468,59.90858],[10.68589,59.90798],[10.68768,59.90809],[10.69152,59.90929],[10.69165,59.91033],[10.69409,59.91116],[10.69261,59.90987],[10.69337,59.90915],[10.69347,59.90812],[10.6956,59.90804],[10.6964,59.90769],[10.69574,59.90711],[10.69723,59.90655],[10.69038,59.9035],[10.6895,59.90245],[10.69886,59.90519],[10.69969,59.9051],[10.69908,59.90446],[10.69985,59.90429],[10.69942,59.90393],[10.70068,59.9038],[10.7013,59.90427],[10.70083,59.90376],[10.70178,59.90357],[10.69783,59.90165],[10.693,59.90029],[10.69119,59.89908],[10.68921,59.89888],[10.68838,59.89799],[10.68757,59.89812],[10.68854,59.89685],[10.68504,59.89627],[10.68251,59.89713],[10.68294,59.89672],[10.68214,59.89615],[10.67808,59.89521],[10.67723,59.89712],[10.67516,59.89758],[10.67112,59.89656],[10.66963,59.89771],[10.66997,59.89781]]],[[[10.72046,59.90634],[10.72224,59.90725],[10.72291,59.90708],[10.72197,59.90613],[10.72046,59.90634]]],[[[10.71862,59.90649],[10.71905,59.9066],[10.7185,59.90723],[10.71901,59.9072],[10.71876,59.90765],[10.72011,59.90808],[10.72208,59.9073],[10.71979,59.90611],[10.71862,59.90649]]],[[[10.69822,59.90805],[10.69773,59.90803],[10.69797,59.90856],[10.69858,59.90846],[10.69822,59.90805]]],[[[10.70166,59.90966],[10.70342,59.91014],[10.70229,59.90966],[10.70265,59.90928],[10.70224,59.90914],[10.70166,59.90966]]],[[[10.6774,59.91174],[10.67897,59.91217],[10.68231,59.91143],[10.68481,59.91205],[10.68354,59.91087],[10.67938,59.90978],[10.67893,59.90897],[10.67534,59.91002],[10.6774,59.91174]]],[[[10.81352,59.9522],[10.81188,59.95297],[10.8117,59.95391],[10.81264,59.95293],[10.8148,59.95208],[10.81465,59.95113],[10.81352,59.9522]]],[[[10.6214,59.96226],[10.61402,59.96183],[10.61422,59.9602],[10.61597,59.95915],[10.61426,59.9586],[10.61352,59.95869],[10.61253,59.95981],[10.61054,59.96007],[10.61232,59.96057],[10.61218,59.96194],[10.61347,59.96221],[10.61395,59.96325],[10.61297,59.96386],[10.61579,59.96811],[10.61682,59.9682],[10.61902,59.96683],[10.61997,59.96483],[10.62353,59.96479],[10.62183,59.96435],[10.62209,59.9637],[10.62146,59.96319],[10.62243,59.96221],[10.6214,59.96226]]],[[[10.67393,59.96707],[10.67976,59.96678],[10.68,59.96604],[10.67948,59.96488],[10.67822,59.96592],[10.67393,59.96707]]],[[[10.78755,59.97045],[10.78825,59.97084],[10.78799,59.97231],[10.78889,59.97337],[10.78986,59.97341],[10.78929,59.97293],[10.78935,59.97067],[10.78755,59.97045]]],[[[10.63929,59.96975],[10.63857,59.96933],[10.63809,59.97025],[10.63905,59.97029],[10.63929,59.96975]]],[[[10.67542,59.97749],[10.67549,59.97787],[10.68237,59.97856],[10.68042,59.97769],[10.67994,59.97688],[10.67533,59.97644],[10.67542,59.97749]]],[[[10.6673,59.98185],[10.66773,59.98364],[10.67031,59.98503],[10.67,59.98402],[10.66792,59.98261],[10.66794,59.98187],[10.66968,59.9812],[10.66666,59.98127],[10.66658,59.98167],[10.6673,59.98185]]],[[[10.66715,59.98843],[10.66739,59.98929],[10.66867,59.98996],[10.6687,59.98898],[10.66971,59.98809],[10.66786,59.9874],[10.67014,59.98683],[10.67027,59.98632],[10.66958,59.98593],[10.66848,59.98663],[10.66633,59.98609],[10.666,59.98792],[10.66715,59.98843]]],[[[10.85953,59.76535],[10.8606,59.76549],[10.85953,59.76535]]],[[[10.84738,59.81612],[10.84834,59.81781],[10.84778,59.81902],[10.84823,59.8196],[10.8479,59.82053],[10.8495,59.82076],[10.85071,59.82002],[10.85297,59.82055],[10.85393,59.81996],[10.85687,59.81985],[10.85731,59.81905],[10.85109,59.8176],[10.84948,59.81642],[10.84799,59.81623],[10.84779,59.81506],[10.84648,59.81577],[10.84738,59.81612]]],[[[10.84901,59.82546],[10.84938,59.82608],[10.85049,59.82615],[10.85102,59.82554],[10.84816,59.82384],[10.84901,59.82546]]],[[[10.86217,59.83095],[10.86348,59.83063],[10.86408,59.83097],[10.864,59.83162],[10.86517,59.83164],[10.86526,59.83108],[10.86428,59.83057],[10.86656,59.82821],[10.86689,59.82701],[10.86569,59.82697],[10.8656,59.82809],[10.86361,59.82917],[10.86332,59.83027],[10.86148,59.83057],[10.86151,59.83106],[10.86217,59.83095]]],[[[10.84189,59.83591],[10.84286,59.83535],[10.84562,59.83556],[10.84781,59.83385],[10.85064,59.83437],[10.85263,59.834],[10.85387,59.83294],[10.85719,59.83383],[10.85931,59.83331],[10.86231,59.83396],[10.86279,59.83291],[10.86015,59.83283],[10.85887,59.83184],[10.85889,59.83067],[10.85845,59.8305],[10.85777,59.83041],[10.85745,59.83119],[10.85563,59.83203],[10.85483,59.83159],[10.85522,59.83082],[10.85297,59.82995],[10.85122,59.82963],[10.84969,59.83014],[10.84926,59.82978],[10.84953,59.82928],[10.85104,59.82938],[10.85284,59.8284],[10.85194,59.82789],[10.84767,59.8279],[10.8491,59.82854],[10.84827,59.83027],[10.85003,59.8322],[10.84523,59.83393],[10.84369,59.83374],[10.84379,59.83475],[10.8411,59.83546],[10.84189,59.83591]]],[[[10.85623,59.83818],[10.85521,59.83778],[10.85623,59.83818]]],[[[10.85175,59.83929],[10.85239,59.83954],[10.85291,59.83875],[10.85232,59.83769],[10.85113,59.83734],[10.85084,59.83845],[10.85004,59.83889],[10.85175,59.83929]]],[[[10.97005,59.90689],[10.97478,59.90673],[10.97475,59.90445],[10.96968,59.90544],[10.96895,59.90663],[10.97005,59.90689]]],[[[10.97657,59.90779],[10.97763,59.90839],[10.97921,59.90791],[10.97673,59.9069],[10.97567,59.90701],[10.97657,59.90779]]],[[[11.08801,59.92122],[11.0894,59.92038],[11.09323,59.92078],[11.09396,59.91919],[11.0922,59.91839],[11.08913,59.91864],[11.08768,59.92014],[11.08676,59.92033],[11.08671,59.92083],[11.08801,59.92122]]],[[[10.97488,59.91675],[10.97624,59.91744],[10.97811,59.91685],[10.97526,59.91606],[10.97464,59.91629],[10.97488,59.91675]]],[[[11.07989,59.92153],[11.08171,59.92218],[11.08453,59.92103],[11.08385,59.92005],[11.08197,59.91924],[11.08063,59.92068],[11.07753,59.9212],[11.07989,59.92153]]],[[[10.99339,59.92505],[10.99404,59.92554],[11.00112,59.92429],[11.00077,59.92373],[10.99452,59.92358],[10.99307,59.92445],[10.99339,59.92505]]],[[[10.97093,59.92386],[10.96997,59.92407],[10.97085,59.92499],[10.97191,59.92532],[10.97274,59.92476],[10.97232,59.92369],[10.97093,59.92386]]],[[[10.99936,59.92662],[10.99806,59.92669],[10.9999,59.92689],[10.99936,59.92662]]],[[[11.00812,59.93727],[11.0084,59.9366],[11.00671,59.9368],[11.00749,59.9378],[11.00809,59.93781],[11.00812,59.93727]]],[[[11.02488,59.96822],[11.02606,59.96861],[11.02752,59.96828],[11.0295,59.96623],[11.02738,59.96582],[11.02647,59.9667],[11.0251,59.96672],[11.02356,59.96768],[11.02488,59.96822]]],[[[11.02763,59.97138],[11.02908,59.97132],[11.02861,59.97065],[11.02999,59.96971],[11.02935,59.96932],[11.02867,59.96963],[11.02701,59.97092],[11.02763,59.97138]]],[[[10.8583,59.96719],[10.85752,59.96726],[10.85968,59.96684],[10.8583,59.96719]]],[[[10.92207,59.97298],[10.92141,59.97125],[10.91837,59.97287],[10.92051,59.9735],[10.92207,59.97298]]],[[[11.01454,59.97788],[11.01351,59.97768],[11.01454,59.97788]]],[[[11.03138,59.98],[11.0321,59.9806],[11.03387,59.98054],[11.03251,59.97929],[11.03023,59.97969],[11.03138,59.98]]],[[[10.92602,59.97946],[10.92417,59.97854],[10.92481,59.97751],[10.92402,59.97717],[10.92408,59.97645],[10.92236,59.97593],[10.92248,59.97493],[10.92111,59.97439],[10.91843,59.97467],[10.92099,59.97507],[10.92143,59.97551],[10.92077,59.97629],[10.92241,59.97654],[10.92273,59.97833],[10.92164,59.97897],[10.92272,59.98055],[10.92438,59.98099],[10.92678,59.98068],[10.92602,59.97946]]],[[[11.09447,59.99869],[11.09598,59.99895],[11.09776,60.00138],[11.10039,60.00158],[11.09981,60.00231],[11.09713,60.00194],[11.10116,60.00407],[11.10102,60.00555],[11.10528,60.00488],[11.10328,60.00448],[11.10262,60.00344],[11.10102,60.00304],[11.10053,60.00246],[11.10086,60.00134],[11.09725,59.99985],[11.09688,59.99907],[11.09814,59.99863],[11.0981,59.99777],[11.09987,59.99723],[11.10475,59.99692],[11.10555,59.99531],[11.10903,59.99542],[11.1104,59.99341],[11.11056,59.99204],[11.10978,59.9913],[11.10987,59.98979],[11.11113,59.98829],[11.11159,59.98636],[11.11023,59.98563],[11.10675,59.98633],[11.10419,59.98596],[11.10392,59.98659],[11.10496,59.98805],[11.10269,59.98861],[11.10242,59.98943],[11.10416,59.99005],[11.1052,59.98969],[11.10642,59.99003],[11.10466,59.99258],[11.10774,59.99298],[11.10823,59.99345],[11.10798,59.99403],[11.10667,59.99477],[11.10529,59.99416],[11.10239,59.99463],[11.1,59.99434],[11.09946,59.99509],[11.09632,59.9954],[11.09511,59.99626],[11.09507,59.99705],[11.09274,59.99767],[11.09326,59.99855],[11.09447,59.99869]]],[[[11.07673,59.99714],[11.07881,59.9968],[11.07658,59.99557],[11.07667,59.99616],[11.07515,59.99705],[11.07673,59.99714]]],[[[11.08163,59.99356],[11.08314,59.99625],[11.08547,59.99682],[11.08569,59.99886],[11.08459,59.99948],[11.08539,60.00034],[11.08482,60.00146],[11.08102,60.00248],[11.0818,60.00336],[11.08456,60.00242],[11.08575,60.00293],[11.08805,60.00174],[11.08635,60.0013],[11.08572,60.00054],[11.08614,60.00003],[11.0878,60.00006],[11.08885,60.00113],[11.0901,60.00066],[11.08588,59.99915],[11.08657,59.99836],[11.08814,59.99906],[11.0908,59.99852],[11.09079,59.99805],[11.08639,59.99661],[11.0859,59.99482],[11.08306,59.99291],[11.08182,59.99274],[11.08163,59.99356]]],[[[10.93382,60.00282],[10.93351,60.00236],[10.93228,60.00331],[10.93382,60.00282]]],[[[10.91535,60.00406],[10.91477,60.00364],[10.91126,60.0045],[10.91013,60.00529],[10.90858,60.00537],[10.90849,60.00596],[10.90897,60.00662],[10.91272,60.00554],[10.9118,60.00492],[10.91415,60.00418],[10.91614,60.00466],[10.91535,60.00406]]],[[[10.92214,60.01434],[10.92352,60.01421],[10.9221,60.0128],[10.92141,60.01325],[10.92165,60.01432],[10.92214,60.01434]]],[[[11.08286,60.02379],[11.08301,60.02423],[11.08385,60.02415],[11.08479,60.02316],[11.08141,60.0231],[11.08286,60.02379]]],[[[11.04374,60.02266],[11.04418,60.02373],[11.04613,60.02284],[11.04413,60.02215],[11.04352,60.02224],[11.04374,60.02266]]],[[[11.06064,60.02222],[11.05992,60.02431],[11.06031,60.02621],[11.06281,60.02573],[11.06465,60.02601],[11.06449,60.02701],[11.06511,60.02755],[11.06448,60.02804],[11.06435,60.02951],[11.06533,60.03113],[11.06662,60.03189],[11.06738,60.03371],[11.07065,60.03503],[11.07484,60.03339],[11.07432,60.03225],[11.07274,60.031],[11.07373,60.02952],[11.07756,60.02905],[11.07433,60.02847],[11.0741,60.02763],[11.0768,60.02764],[11.07942,60.02649],[11.07458,60.02503],[11.07149,60.02342],[11.07078,60.02417],[11.06928,60.02406],[11.06798,60.0224],[11.06704,60.02231],[11.06557,60.0235],[11.06382,60.02293],[11.06519,60.02145],[11.06224,60.02125],[11.06186,60.02174],[11.06044,60.02173],[11.06064,60.02222]]],[[[11.07822,60.03117],[11.07651,60.03106],[11.07607,60.03158],[11.07751,60.03185],[11.07822,60.03117]]]]}}]}
